fraksiya,t,vx,vy,vz,x,y,z
PM2.5,0.000000,0.000000,0.000000,0.000000,0.0000,0.0000,20.0000
PM2.5,0.075000,5.000000,0.000000,-0.000282,0.3756,0.0000,20.0000
PM2.5,0.150000,5.000000,0.000000,-0.000282,0.7506,0.0000,20.0000
PM2.5,0.225000,5.000000,0.000000,-0.000282,1.1256,0.0000,19.9999
PM2.5,0.300000,5.000000,0.000000,-0.000282,1.5006,0.0000,19.9999
PM2.5,0.375000,5.000000,0.000000,-0.000282,1.8756,0.0000,19.9999
PM2.5,0.450000,5.000000,0.000000,-0.000282,2.2506,0.0000,19.9999
PM2.5,0.525000,5.000000,0.000000,-0.000282,2.6256,0.0000,19.9999
PM2.5,0.600000,5.000000,0.000000,-0.000282,3.0006,0.0000,19.9998
PM2.5,0.675000,5.000000,0.000000,-0.000282,3.3756,0.0000,19.9998
PM2.5,0.750000,5.000000,0.000000,-0.000282,3.7506,0.0000,19.9998
PM2.5,0.825000,5.000000,0.000000,-0.000282,4.1256,0.0000,19.9998
PM2.5,0.900000,5.000000,0.000000,-0.000282,4.5006,0.0000,19.9997
PM2.5,0.975000,5.000000,0.000000,-0.000282,4.8756,0.0000,19.9997
PM2.5,1.050000,5.000000,0.000000,-0.000282,5.2506,0.0000,19.9997
PM2.5,1.125000,5.000000,0.000000,-0.000282,5.6256,0.0000,19.9997
PM2.5,1.200000,5.000000,0.000000,-0.000282,6.0006,0.0000,19.9997
PM2.5,1.275000,5.000000,0.000000,-0.000282,6.3756,0.0000,19.9996
PM2.5,1.350000,5.000000,0.000000,-0.000282,6.7506,0.0000,19.9996
PM2.5,1.425000,5.000000,0.000000,-0.000282,7.1256,0.0000,19.9996
PM2.5,1.500000,5.000000,0.000000,-0.000282,7.5006,0.0000,19.9996
PM2.5,1.575000,5.000000,0.000000,-0.000282,7.8756,0.0000,19.9996
PM2.5,1.650000,5.000000,0.000000,-0.000282,8.2506,0.0000,19.9995
PM2.5,1.725000,5.000000,0.000000,-0.000282,8.6256,0.0000,19.9995
PM2.5,1.800000,5.000000,0.000000,-0.000282,9.0006,0.0000,19.9995
PM2.5,1.875000,5.000000,0.000000,-0.000282,9.3756,0.0000,19.9995
PM2.5,1.950000,5.000000,0.000000,-0.000282,9.7506,0.0000,19.9995
PM2.5,2.025000,5.000000,0.000000,-0.000282,10.1256,0.0000,19.9994
PM2.5,2.100000,5.000000,0.000000,-0.000282,10.5006,0.0000,19.9994
PM2.5,2.175000,5.000000,0.000000,-0.000282,10.8756,0.0000,19.9994
PM2.5,2.250000,5.000000,0.000000,-0.000282,11.2506,0.0000,19.9994
PM2.5,2.325000,5.000000,0.000000,-0.000282,11.6256,0.0000,19.9993
PM2.5,2.400000,5.000000,0.000000,-0.000282,12.0006,0.0000,19.9993
PM2.5,2.475000,5.000000,0.000000,-0.000282,12.3756,0.0000,19.9993
PM2.5,2.550000,5.000000,0.000000,-0.000282,12.7506,0.0000,19.9993
PM2.5,2.625000,5.000000,0.000000,-0.000282,13.1256,0.0000,19.9993
PM2.5,2.700000,5.000000,0.000000,-0.000282,13.5006,0.0000,19.9992
PM2.5,2.775000,5.000000,0.000000,-0.000282,13.8756,0.0000,19.9992
PM2.5,2.850000,5.000000,0.000000,-0.000282,14.2506,0.0000,19.9992
PM2.5,2.925000,5.000000,0.000000,-0.000282,14.6256,0.0000,19.9992
PM2.5,3.000000,5.000000,0.000000,-0.000282,15.0006,0.0000,19.9992
PM2.5,3.075000,5.000000,0.000000,-0.000282,15.3756,0.0000,19.9991
PM2.5,3.150000,5.000000,0.000000,-0.000282,15.7506,0.0000,19.9991
PM2.5,3.225000,5.000000,0.000000,-0.000282,16.1256,0.0000,19.9991
PM2.5,3.300000,5.000000,0.000000,-0.000282,16.5006,0.0000,19.9991
PM2.5,3.375000,5.000000,0.000000,-0.000282,16.8756,0.0000,19.9990
PM2.5,3.450000,5.000000,0.000000,-0.000282,17.2506,0.0000,19.9990
PM2.5,3.525000,5.000000,0.000000,-0.000282,17.6256,0.0000,19.9990
PM2.5,3.600000,5.000000,0.000000,-0.000282,18.0006,0.0000,19.9990
PM2.5,3.675000,5.000000,0.000000,-0.000282,18.3756,0.0000,19.9990
PM2.5,3.750000,5.000000,0.000000,-0.000282,18.7506,0.0000,19.9989
PM2.5,3.825000,5.000000,0.000000,-0.000282,19.1256,0.0000,19.9989
PM2.5,3.900000,5.000000,0.000000,-0.000282,19.5006,0.0000,19.9989
PM2.5,3.975000,5.000000,0.000000,-0.000282,19.8756,0.0000,19.9989
PM2.5,4.050000,5.000000,0.000000,-0.000282,20.2506,0.0000,19.9989
PM2.5,4.125000,5.000000,0.000000,-0.000282,20.6256,0.0000,19.9988
PM2.5,4.200000,5.000000,0.000000,-0.000282,21.0006,0.0000,19.9988
PM2.5,4.275000,5.000000,0.000000,-0.000282,21.3756,0.0000,19.9988
PM2.5,4.350000,5.000000,0.000000,-0.000282,21.7506,0.0000,19.9988
PM2.5,4.425000,5.000000,0.000000,-0.000282,22.1256,0.0000,19.9988
PM2.5,4.500000,5.000000,0.000000,-0.000282,22.5006,0.0000,19.9987
PM2.5,4.575000,5.000000,0.000000,-0.000282,22.8756,0.0000,19.9987
PM2.5,4.650000,5.000000,0.000000,-0.000282,23.2506,0.0000,19.9987
PM2.5,4.725000,5.000000,0.000000,-0.000282,23.6256,0.0000,19.9987
PM2.5,4.800000,5.000000,0.000000,-0.000282,24.0006,0.0000,19.9986
PM2.5,4.875000,5.000000,0.000000,-0.000282,24.3756,0.0000,19.9986
PM2.5,4.950000,5.000000,0.000000,-0.000282,24.7506,0.0000,19.9986
PM2.5,5.025000,5.000000,0.000000,-0.000282,25.1256,0.0000,19.9986
PM2.5,5.100000,5.000000,0.000000,-0.000282,25.5006,0.0000,19.9986
PM2.5,5.175000,5.000000,0.000000,-0.000282,25.8756,0.0000,19.9985
PM2.5,5.250000,5.000000,0.000000,-0.000282,26.2506,0.0000,19.9985
PM2.5,5.325000,5.000000,0.000000,-0.000282,26.6256,0.0000,19.9985
PM2.5,5.400000,5.000000,0.000000,-0.000282,27.0006,0.0000,19.9985
PM2.5,5.475000,5.000000,0.000000,-0.000282,27.3756,0.0000,19.9985
PM2.5,5.550000,5.000000,0.000000,-0.000282,27.7506,0.0000,19.9984
PM2.5,5.625000,5.000000,0.000000,-0.000282,28.1256,0.0000,19.9984
PM2.5,5.700000,5.000000,0.000000,-0.000282,28.5006,0.0000,19.9984
PM2.5,5.775000,5.000000,0.000000,-0.000282,28.8756,0.0000,19.9984
PM2.5,5.850000,5.000000,0.000000,-0.000282,29.2506,0.0000,19.9984
PM2.5,5.925000,5.000000,0.000000,-0.000282,29.6256,0.0000,19.9983
PM2.5,6.000000,5.000000,0.000000,-0.000282,30.0006,0.0000,19.9983
PM2.5,6.075000,5.000000,0.000000,-0.000282,30.3756,0.0000,19.9983
PM2.5,6.150000,5.000000,0.000000,-0.000282,30.7506,0.0000,19.9983
PM2.5,6.225000,5.000000,0.000000,-0.000282,31.1256,0.0000,19.9982
PM2.5,6.300000,5.000000,0.000000,-0.000282,31.5006,0.0000,19.9982
PM2.5,6.375000,5.000000,0.000000,-0.000282,31.8756,0.0000,19.9982
PM2.5,6.450000,5.000000,0.000000,-0.000282,32.2506,0.0000,19.9982
PM2.5,6.525000,5.000000,0.000000,-0.000282,32.6256,0.0000,19.9982
PM2.5,6.600000,5.000000,0.000000,-0.000282,33.0006,0.0000,19.9981
PM2.5,6.675000,5.000000,0.000000,-0.000282,33.3756,0.0000,19.9981
PM2.5,6.750000,5.000000,0.000000,-0.000282,33.7506,0.0000,19.9981
PM2.5,6.825000,5.000000,0.000000,-0.000282,34.1256,0.0000,19.9981
PM2.5,6.900000,5.000000,0.000000,-0.000282,34.5006,0.0000,19.9981
PM2.5,6.975000,5.000000,0.000000,-0.000282,34.8756,0.0000,19.9980
PM2.5,7.050000,5.000000,0.000000,-0.000282,35.2506,0.0000,19.9980
PM2.5,7.125000,5.000000,0.000000,-0.000282,35.6256,0.0000,19.9980
PM2.5,7.200000,5.000000,0.000000,-0.000282,36.0006,0.0000,19.9980
PM2.5,7.275000,5.000000,0.000000,-0.000282,36.3756,0.0000,19.9980
PM2.5,7.350000,5.000000,0.000000,-0.000282,36.7506,0.0000,19.9979
PM2.5,7.425000,5.000000,0.000000,-0.000282,37.1256,0.0000,19.9979
PM2.5,7.500000,5.000000,0.000000,-0.000282,37.5006,0.0000,19.9979
PM2.5,7.575000,5.000000,0.000000,-0.000282,37.8756,0.0000,19.9979
PM2.5,7.650000,5.000000,0.000000,-0.000282,38.2506,0.0000,19.9978
PM2.5,7.725000,5.000000,0.000000,-0.000282,38.6256,0.0000,19.9978
PM2.5,7.800000,5.000000,0.000000,-0.000282,39.0006,0.0000,19.9978
PM2.5,7.875000,5.000000,0.000000,-0.000282,39.3756,0.0000,19.9978
PM2.5,7.950000,5.000000,0.000000,-0.000282,39.7506,0.0000,19.9978
PM2.5,8.025000,5.000000,0.000000,-0.000282,40.1256,0.0000,19.9977
PM2.5,8.100000,5.000000,0.000000,-0.000282,40.5006,0.0000,19.9977
PM2.5,8.175000,5.000000,0.000000,-0.000282,40.8756,0.0000,19.9977
PM2.5,8.250000,5.000000,0.000000,-0.000282,41.2506,0.0000,19.9977
PM2.5,8.325000,5.000000,0.000000,-0.000282,41.6256,0.0000,19.9977
PM2.5,8.400000,5.000000,0.000000,-0.000282,42.0006,0.0000,19.9976
PM2.5,8.475000,5.000000,0.000000,-0.000282,42.3756,0.0000,19.9976
PM2.5,8.550000,5.000000,0.000000,-0.000282,42.7506,0.0000,19.9976
PM2.5,8.625000,5.000000,0.000000,-0.000282,43.1256,0.0000,19.9976
PM2.5,8.700000,5.000000,0.000000,-0.000282,43.5006,0.0000,19.9975
PM2.5,8.775000,5.000000,0.000000,-0.000282,43.8756,0.0000,19.9975
PM2.5,8.850000,5.000000,0.000000,-0.000282,44.2506,0.0000,19.9975
PM2.5,8.925000,5.000000,0.000000,-0.000282,44.6256,0.0000,19.9975
PM2.5,9.000000,5.000000,0.000000,-0.000282,45.0006,0.0000,19.9975
PM2.5,9.075000,5.000000,0.000000,-0.000282,45.3756,0.0000,19.9974
PM2.5,9.150000,5.000000,0.000000,-0.000282,45.7506,0.0000,19.9974
PM2.5,9.225000,5.000000,0.000000,-0.000282,46.1256,0.0000,19.9974
PM2.5,9.300000,5.000000,0.000000,-0.000282,46.5006,0.0000,19.9974
PM2.5,9.375000,5.000000,0.000000,-0.000282,46.8756,0.0000,19.9974
PM2.5,9.450000,5.000000,0.000000,-0.000282,47.2506,0.0000,19.9973
PM2.5,9.525000,5.000000,0.000000,-0.000282,47.6256,0.0000,19.9973
PM2.5,9.600000,5.000000,0.000000,-0.000282,48.0006,0.0000,19.9973
PM2.5,9.675000,5.000000,0.000000,-0.000282,48.3756,0.0000,19.9973
PM2.5,9.750000,5.000000,0.000000,-0.000282,48.7506,0.0000,19.9973
PM2.5,9.825000,5.000000,0.000000,-0.000282,49.1256,0.0000,19.9972
PM2.5,9.900000,5.000000,0.000000,-0.000282,49.5006,0.0000,19.9972
PM2.5,9.975000,5.000000,0.000000,-0.000282,49.8756,0.0000,19.9972
PM2.5,10.050000,5.000000,0.000000,-0.000282,50.2506,0.0000,19.9972
PM2.5,10.125000,5.000000,0.000000,-0.000282,50.6256,0.0000,19.9971
PM2.5,10.200000,5.000000,0.000000,-0.000282,51.0006,0.0000,19.9971
PM2.5,10.275000,5.000000,0.000000,-0.000282,51.3756,0.0000,19.9971
PM2.5,10.350000,5.000000,0.000000,-0.000282,51.7506,0.0000,19.9971
PM2.5,10.425000,5.000000,0.000000,-0.000282,52.1256,0.0000,19.9971
PM2.5,10.500000,5.000000,0.000000,-0.000282,52.5006,0.0000,19.9970
PM2.5,10.575000,5.000000,0.000000,-0.000282,52.8756,0.0000,19.9970
PM2.5,10.650000,5.000000,0.000000,-0.000282,53.2506,0.0000,19.9970
PM2.5,10.725000,5.000000,0.000000,-0.000282,53.6256,0.0000,19.9970
PM2.5,10.800000,5.000000,0.000000,-0.000282,54.0006,0.0000,19.9970
PM2.5,10.875000,5.000000,0.000000,-0.000282,54.3756,0.0000,19.9969
PM2.5,10.950000,5.000000,0.000000,-0.000282,54.7506,0.0000,19.9969
PM2.5,11.025000,5.000000,0.000000,-0.000282,55.1256,0.0000,19.9969
PM2.5,11.100000,5.000000,0.000000,-0.000282,55.5006,0.0000,19.9969
PM2.5,11.175000,5.000000,0.000000,-0.000282,55.8756,0.0000,19.9969
PM2.5,11.250000,5.000000,0.000000,-0.000282,56.2506,0.0000,19.9968
PM2.5,11.325000,5.000000,0.000000,-0.000282,56.6256,0.0000,19.9968
PM2.5,11.400000,5.000000,0.000000,-0.000282,57.0006,0.0000,19.9968
PM2.5,11.475000,5.000000,0.000000,-0.000282,57.3756,0.0000,19.9968
PM2.5,11.550000,5.000000,0.000000,-0.000282,57.7506,0.0000,19.9967
PM2.5,11.625000,5.000000,0.000000,-0.000282,58.1256,0.0000,19.9967
PM2.5,11.700000,5.000000,0.000000,-0.000282,58.5006,0.0000,19.9967
PM2.5,11.775000,5.000000,0.000000,-0.000282,58.8756,0.0000,19.9967
PM2.5,11.850000,5.000000,0.000000,-0.000282,59.2506,0.0000,19.9967
PM2.5,11.925000,5.000000,0.000000,-0.000282,59.6256,0.0000,19.9966
PM2.5,12.000000,5.000000,0.000000,-0.000282,60.0006,0.0000,19.9966
PM2.5,12.075000,5.000000,0.000000,-0.000282,60.3756,0.0000,19.9966
PM2.5,12.150000,5.000000,0.000000,-0.000282,60.7506,0.0000,19.9966
PM2.5,12.225000,5.000000,0.000000,-0.000282,61.1256,0.0000,19.9966
PM2.5,12.300000,5.000000,0.000000,-0.000282,61.5006,0.0000,19.9965
PM2.5,12.375000,5.000000,0.000000,-0.000282,61.8756,0.0000,19.9965
PM2.5,12.450000,5.000000,0.000000,-0.000282,62.2506,0.0000,19.9965
PM2.5,12.525000,5.000000,0.000000,-0.000282,62.6256,0.0000,19.9965
PM2.5,12.600000,5.000000,0.000000,-0.000282,63.0006,0.0000,19.9964
PM2.5,12.675000,5.000000,0.000000,-0.000282,63.3756,0.0000,19.9964
PM2.5,12.750000,5.000000,0.000000,-0.000282,63.7506,0.0000,19.9964
PM2.5,12.825000,5.000000,0.000000,-0.000282,64.1256,0.0000,19.9964
PM2.5,12.900000,5.000000,0.000000,-0.000282,64.5006,0.0000,19.9964
PM2.5,12.975000,5.000000,0.000000,-0.000282,64.8756,0.0000,19.9963
PM2.5,13.050000,5.000000,0.000000,-0.000282,65.2506,0.0000,19.9963
PM2.5,13.125000,5.000000,0.000000,-0.000282,65.6256,0.0000,19.9963
PM2.5,13.200000,5.000000,0.000000,-0.000282,66.0006,0.0000,19.9963
PM2.5,13.275000,5.000000,0.000000,-0.000282,66.3756,0.0000,19.9963
PM2.5,13.350000,5.000000,0.000000,-0.000282,66.7506,0.0000,19.9962
PM2.5,13.425000,5.000000,0.000000,-0.000282,67.1256,0.0000,19.9962
PM2.5,13.500000,5.000000,0.000000,-0.000282,67.5006,0.0000,19.9962
PM2.5,13.575000,5.000000,0.000000,-0.000282,67.8756,0.0000,19.9962
PM2.5,13.650000,5.000000,0.000000,-0.000282,68.2506,0.0000,19.9962
PM2.5,13.725000,5.000000,0.000000,-0.000282,68.6256,0.0000,19.9961
PM2.5,13.800000,5.000000,0.000000,-0.000282,69.0006,0.0000,19.9961
PM2.5,13.875000,5.000000,0.000000,-0.000282,69.3756,0.0000,19.9961
PM2.5,13.950000,5.000000,0.000000,-0.000282,69.7506,0.0000,19.9961
PM2.5,14.025000,5.000000,0.000000,-0.000282,70.1256,0.0000,19.9960
PM2.5,14.100000,5.000000,0.000000,-0.000282,70.5006,0.0000,19.9960
PM2.5,14.175000,5.000000,0.000000,-0.000282,70.8756,0.0000,19.9960
PM2.5,14.250000,5.000000,0.000000,-0.000282,71.2506,0.0000,19.9960
PM2.5,14.325000,5.000000,0.000000,-0.000282,71.6256,0.0000,19.9960
PM2.5,14.400000,5.000000,0.000000,-0.000282,72.0006,0.0000,19.9959
PM2.5,14.475000,5.000000,0.000000,-0.000282,72.3756,0.0000,19.9959
PM2.5,14.550000,5.000000,0.000000,-0.000282,72.7506,0.0000,19.9959
PM2.5,14.625000,5.000000,0.000000,-0.000282,73.1256,0.0000,19.9959
PM2.5,14.700000,5.000000,0.000000,-0.000282,73.5006,0.0000,19.9959
PM2.5,14.775000,5.000000,0.000000,-0.000282,73.8756,0.0000,19.9958
PM2.5,14.850000,5.000000,0.000000,-0.000282,74.2506,0.0000,19.9958
PM2.5,14.925000,5.000000,0.000000,-0.000282,74.6256,0.0000,19.9958
PM2.5,15.000000,5.000000,0.000000,-0.000282,75.0006,0.0000,19.9958
PM2.5,15.075000,5.000000,0.000000,-0.000282,75.3756,0.0000,19.9958
PM2.5,15.150000,5.000000,0.000000,-0.000282,75.7506,0.0000,19.9957
PM2.5,15.225000,5.000000,0.000000,-0.000282,76.1256,0.0000,19.9957
PM2.5,15.300000,5.000000,0.000000,-0.000282,76.5006,0.0000,19.9957
PM2.5,15.375000,5.000000,0.000000,-0.000282,76.8756,0.0000,19.9957
PM2.5,15.450000,5.000000,0.000000,-0.000282,77.2506,0.0000,19.9956
PM2.5,15.525000,5.000000,0.000000,-0.000282,77.6256,0.0000,19.9956
PM2.5,15.600000,5.000000,0.000000,-0.000282,78.0006,0.0000,19.9956
PM2.5,15.675000,5.000000,0.000000,-0.000282,78.3756,0.0000,19.9956
PM2.5,15.750000,5.000000,0.000000,-0.000282,78.7506,0.0000,19.9956
PM2.5,15.825000,5.000000,0.000000,-0.000282,79.1256,0.0000,19.9955
PM2.5,15.900000,5.000000,0.000000,-0.000282,79.5006,0.0000,19.9955
PM2.5,15.975000,5.000000,0.000000,-0.000282,79.8756,0.0000,19.9955
PM2.5,16.050000,5.000000,0.000000,-0.000282,80.2506,0.0000,19.9955
PM2.5,16.125000,5.000000,0.000000,-0.000282,80.6256,0.0000,19.9955
PM2.5,16.200000,5.000000,0.000000,-0.000282,81.0006,0.0000,19.9954
PM2.5,16.275000,5.000000,0.000000,-0.000282,81.3756,0.0000,19.9954
PM2.5,16.350000,5.000000,0.000000,-0.000282,81.7506,0.0000,19.9954
PM2.5,16.425000,5.000000,0.000000,-0.000282,82.1256,0.0000,19.9954
PM2.5,16.500000,5.000000,0.000000,-0.000282,82.5006,0.0000,19.9954
PM2.5,16.575000,5.000000,0.000000,-0.000282,82.8756,0.0000,19.9953
PM2.5,16.650000,5.000000,0.000000,-0.000282,83.2506,0.0000,19.9953
PM2.5,16.725000,5.000000,0.000000,-0.000282,83.6256,0.0000,19.9953
PM2.5,16.800000,5.000000,0.000000,-0.000282,84.0006,0.0000,19.9953
PM2.5,16.875000,5.000000,0.000000,-0.000282,84.3756,0.0000,19.9952
PM2.5,16.950000,5.000000,0.000000,-0.000282,84.7506,0.0000,19.9952
PM2.5,17.025000,5.000000,0.000000,-0.000282,85.1256,0.0000,19.9952
PM2.5,17.100000,5.000000,0.000000,-0.000282,85.5006,0.0000,19.9952
PM2.5,17.175000,5.000000,0.000000,-0.000282,85.8756,0.0000,19.9952
PM2.5,17.250000,5.000000,0.000000,-0.000282,86.2506,0.0000,19.9951
PM2.5,17.325000,5.000000,0.000000,-0.000282,86.6256,0.0000,19.9951
PM2.5,17.400000,5.000000,0.000000,-0.000282,87.0006,0.0000,19.9951
PM2.5,17.475000,5.000000,0.000000,-0.000282,87.3756,0.0000,19.9951
PM2.5,17.550000,5.000000,0.000000,-0.000282,87.7506,0.0000,19.9951
PM2.5,17.625000,5.000000,0.000000,-0.000282,88.1256,0.0000,19.9950
PM2.5,17.700000,5.000000,0.000000,-0.000282,88.5006,0.0000,19.9950
PM2.5,17.775000,5.000000,0.000000,-0.000282,88.8756,0.0000,19.9950
PM2.5,17.850000,5.000000,0.000000,-0.000282,89.2506,0.0000,19.9950
PM2.5,17.925000,5.000000,0.000000,-0.000282,89.6256,0.0000,19.9949
PM2.5,18.000000,5.000000,0.000000,-0.000282,90.0006,0.0000,19.9949
PM2.5,18.075000,5.000000,0.000000,-0.000282,90.3756,0.0000,19.9949
PM2.5,18.150000,5.000000,0.000000,-0.000282,90.7506,0.0000,19.9949
PM2.5,18.225000,5.000000,0.000000,-0.000282,91.1256,0.0000,19.9949
PM2.5,18.300000,5.000000,0.000000,-0.000282,91.5006,0.0000,19.9948
PM2.5,18.375000,5.000000,0.000000,-0.000282,91.8756,0.0000,19.9948
PM2.5,18.450000,5.000000,0.000000,-0.000282,92.2506,0.0000,19.9948
PM2.5,18.525000,5.000000,0.000000,-0.000282,92.6256,0.0000,19.9948
PM2.5,18.600000,5.000000,0.000000,-0.000282,93.0006,0.0000,19.9948
PM2.5,18.675000,5.000000,0.000000,-0.000282,93.3756,0.0000,19.9947
PM2.5,18.750000,5.000000,0.000000,-0.000282,93.7506,0.0000,19.9947
PM2.5,18.825000,5.000000,0.000000,-0.000282,94.1256,0.0000,19.9947
PM2.5,18.900000,5.000000,0.000000,-0.000282,94.5006,0.0000,19.9947
PM2.5,18.975000,5.000000,0.000000,-0.000282,94.8756,0.0000,19.9947
PM2.5,19.050000,5.000000,0.000000,-0.000282,95.2506,0.0000,19.9946
PM2.5,19.125000,5.000000,0.000000,-0.000282,95.6256,0.0000,19.9946
PM2.5,19.200000,5.000000,0.000000,-0.000282,96.0006,0.0000,19.9946
PM2.5,19.275000,5.000000,0.000000,-0.000282,96.3756,0.0000,19.9946
PM2.5,19.350000,5.000000,0.000000,-0.000282,96.7506,0.0000,19.9945
PM2.5,19.425000,5.000000,0.000000,-0.000282,97.1256,0.0000,19.9945
PM2.5,19.500000,5.000000,0.000000,-0.000282,97.5006,0.0000,19.9945
PM2.5,19.575000,5.000000,0.000000,-0.000282,97.8756,0.0000,19.9945
PM2.5,19.650000,5.000000,0.000000,-0.000282,98.2506,0.0000,19.9945
PM2.5,19.725000,5.000000,0.000000,-0.000282,98.6256,0.0000,19.9944
PM2.5,19.800000,5.000000,0.000000,-0.000282,99.0006,0.0000,19.9944
PM2.5,19.875000,5.000000,0.000000,-0.000282,99.3756,0.0000,19.9944
PM2.5,19.950000,5.000000,0.000000,-0.000282,99.7506,0.0000,19.9944
PM2.5,20.025000,5.000000,0.000000,-0.000282,100.1256,0.0000,19.9944
PM2.5,20.100000,5.000000,0.000000,-0.000282,100.5006,0.0000,19.9943
PM2.5,20.175000,5.000000,0.000000,-0.000282,100.8756,0.0000,19.9943
PM2.5,20.250000,5.000000,0.000000,-0.000282,101.2506,0.0000,19.9943
PM2.5,20.325000,5.000000,0.000000,-0.000282,101.6256,0.0000,19.9943
PM2.5,20.400000,5.000000,0.000000,-0.000282,102.0006,0.0000,19.9943
PM2.5,20.475000,5.000000,0.000000,-0.000282,102.3756,0.0000,19.9942
PM2.5,20.550000,5.000000,0.000000,-0.000282,102.7506,0.0000,19.9942
PM2.5,20.625000,5.000000,0.000000,-0.000282,103.1256,0.0000,19.9942
PM2.5,20.700000,5.000000,0.000000,-0.000282,103.5006,0.0000,19.9942
PM2.5,20.775000,5.000000,0.000000,-0.000282,103.8756,0.0000,19.9941
PM2.5,20.850000,5.000000,0.000000,-0.000282,104.2506,0.0000,19.9941
PM2.5,20.925000,5.000000,0.000000,-0.000282,104.6256,0.0000,19.9941
PM2.5,21.000000,5.000000,0.000000,-0.000282,105.0006,0.0000,19.9941
PM2.5,21.075000,5.000000,0.000000,-0.000282,105.3756,0.0000,19.9941
PM2.5,21.150000,5.000000,0.000000,-0.000282,105.7506,0.0000,19.9940
PM2.5,21.225000,5.000000,0.000000,-0.000282,106.1256,0.0000,19.9940
PM2.5,21.300000,5.000000,0.000000,-0.000282,106.5006,0.0000,19.9940
PM2.5,21.375000,5.000000,0.000000,-0.000282,106.8756,0.0000,19.9940
PM2.5,21.450000,5.000000,0.000000,-0.000282,107.2506,0.0000,19.9940
PM2.5,21.525000,5.000000,0.000000,-0.000282,107.6256,0.0000,19.9939
PM2.5,21.600000,5.000000,0.000000,-0.000282,108.0006,0.0000,19.9939
PM2.5,21.675000,5.000000,0.000000,-0.000282,108.3756,0.0000,19.9939
PM2.5,21.750000,5.000000,0.000000,-0.000282,108.7506,0.0000,19.9939
PM2.5,21.825000,5.000000,0.000000,-0.000282,109.1256,0.0000,19.9939
PM2.5,21.900000,5.000000,0.000000,-0.000282,109.5006,0.0000,19.9938
PM2.5,21.975000,5.000000,0.000000,-0.000282,109.8756,0.0000,19.9938
PM2.5,22.050000,5.000000,0.000000,-0.000282,110.2506,0.0000,19.9938
PM2.5,22.125000,5.000000,0.000000,-0.000282,110.6256,0.0000,19.9938
PM2.5,22.200000,5.000000,0.000000,-0.000282,111.0006,0.0000,19.9937
PM2.5,22.275000,5.000000,0.000000,-0.000282,111.3756,0.0000,19.9937
PM2.5,22.350000,5.000000,0.000000,-0.000282,111.7506,0.0000,19.9937
PM2.5,22.425000,5.000000,0.000000,-0.000282,112.1256,0.0000,19.9937
PM2.5,22.500000,5.000000,0.000000,-0.000282,112.5006,0.0000,19.9937
PM2.5,22.575000,5.000000,0.000000,-0.000282,112.8756,0.0000,19.9936
PM2.5,22.650000,5.000000,0.000000,-0.000282,113.2506,0.0000,19.9936
PM2.5,22.725000,5.000000,0.000000,-0.000282,113.6256,0.0000,19.9936
PM2.5,22.800000,5.000000,0.000000,-0.000282,114.0006,0.0000,19.9936
PM2.5,22.875000,5.000000,0.000000,-0.000282,114.3756,0.0000,19.9936
PM2.5,22.950000,5.000000,0.000000,-0.000282,114.7506,0.0000,19.9935
PM2.5,23.025000,5.000000,0.000000,-0.000282,115.1256,0.0000,19.9935
PM2.5,23.100000,5.000000,0.000000,-0.000282,115.5006,0.0000,19.9935
PM2.5,23.175000,5.000000,0.000000,-0.000282,115.8756,0.0000,19.9935
PM2.5,23.250000,5.000000,0.000000,-0.000282,116.2506,0.0000,19.9934
PM2.5,23.325000,5.000000,0.000000,-0.000282,116.6256,0.0000,19.9934
PM2.5,23.400000,5.000000,0.000000,-0.000282,117.0006,0.0000,19.9934
PM2.5,23.475000,5.000000,0.000000,-0.000282,117.3756,0.0000,19.9934
PM2.5,23.550000,5.000000,0.000000,-0.000282,117.7506,0.0000,19.9934
PM2.5,23.625000,5.000000,0.000000,-0.000282,118.1256,0.0000,19.9933
PM2.5,23.700000,5.000000,0.000000,-0.000282,118.5006,0.0000,19.9933
PM2.5,23.775000,5.000000,0.000000,-0.000282,118.8756,0.0000,19.9933
PM2.5,23.850000,5.000000,0.000000,-0.000282,119.2506,0.0000,19.9933
PM2.5,23.925000,5.000000,0.000000,-0.000282,119.6256,0.0000,19.9933
PM2.5,24.000000,5.000000,0.000000,-0.000282,120.0006,0.0000,19.9932
PM2.5,24.075000,5.000000,0.000000,-0.000282,120.3756,0.0000,19.9932
PM2.5,24.150000,5.000000,0.000000,-0.000282,120.7506,0.0000,19.9932
PM2.5,24.225000,5.000000,0.000000,-0.000282,121.1256,0.0000,19.9932
PM2.5,24.300000,5.000000,0.000000,-0.000282,121.5006,0.0000,19.9932
PM2.5,24.375000,5.000000,0.000000,-0.000282,121.8756,0.0000,19.9931
PM2.5,24.450000,5.000000,0.000000,-0.000282,122.2506,0.0000,19.9931
PM2.5,24.525000,5.000000,0.000000,-0.000282,122.6256,0.0000,19.9931
PM2.5,24.600000,5.000000,0.000000,-0.000282,123.0006,0.0000,19.9931
PM2.5,24.675000,5.000000,0.000000,-0.000282,123.3756,0.0000,19.9930
PM2.5,24.750000,5.000000,0.000000,-0.000282,123.7506,0.0000,19.9930
PM2.5,24.825000,5.000000,0.000000,-0.000282,124.1256,0.0000,19.9930
PM2.5,24.900000,5.000000,0.000000,-0.000282,124.5006,0.0000,19.9930
PM2.5,24.975000,5.000000,0.000000,-0.000282,124.8756,0.0000,19.9930
PM2.5,25.050000,5.000000,0.000000,-0.000282,125.2506,0.0000,19.9929
PM2.5,25.125000,5.000000,0.000000,-0.000282,125.6256,0.0000,19.9929
PM2.5,25.200000,5.000000,0.000000,-0.000282,126.0006,0.0000,19.9929
PM2.5,25.275000,5.000000,0.000000,-0.000282,126.3756,0.0000,19.9929
PM2.5,25.350000,5.000000,0.000000,-0.000282,126.7506,0.0000,19.9929
PM2.5,25.425000,5.000000,0.000000,-0.000282,127.1256,0.0000,19.9928
PM2.5,25.500000,5.000000,0.000000,-0.000282,127.5006,0.0000,19.9928
PM2.5,25.575000,5.000000,0.000000,-0.000282,127.8756,0.0000,19.9928
PM2.5,25.650000,5.000000,0.000000,-0.000282,128.2506,0.0000,19.9928
PM2.5,25.725000,5.000000,0.000000,-0.000282,128.6256,0.0000,19.9928
PM2.5,25.800000,5.000000,0.000000,-0.000282,129.0006,0.0000,19.9927
PM2.5,25.875000,5.000000,0.000000,-0.000282,129.3756,0.0000,19.9927
PM2.5,25.950000,5.000000,0.000000,-0.000282,129.7506,0.0000,19.9927
PM2.5,26.025000,5.000000,0.000000,-0.000282,130.1256,0.0000,19.9927
PM2.5,26.100000,5.000000,0.000000,-0.000282,130.5006,0.0000,19.9926
PM2.5,26.175000,5.000000,0.000000,-0.000282,130.8756,0.0000,19.9926
PM2.5,26.250000,5.000000,0.000000,-0.000282,131.2506,0.0000,19.9926
PM2.5,26.325000,5.000000,0.000000,-0.000282,131.6256,0.0000,19.9926
PM2.5,26.400000,5.000000,0.000000,-0.000282,132.0006,0.0000,19.9926
PM2.5,26.475000,5.000000,0.000000,-0.000282,132.3756,0.0000,19.9925
PM2.5,26.550000,5.000000,0.000000,-0.000282,132.7506,0.0000,19.9925
PM2.5,26.625000,5.000000,0.000000,-0.000282,133.1256,0.0000,19.9925
PM2.5,26.700000,5.000000,0.000000,-0.000282,133.5006,0.0000,19.9925
PM2.5,26.775000,5.000000,0.000000,-0.000282,133.8756,0.0000,19.9925
PM2.5,26.850000,5.000000,0.000000,-0.000282,134.2506,0.0000,19.9924
PM2.5,26.925000,5.000000,0.000000,-0.000282,134.6256,0.0000,19.9924
PM2.5,27.000000,5.000000,0.000000,-0.000282,135.0006,0.0000,19.9924
PM2.5,27.075000,5.000000,0.000000,-0.000282,135.3756,0.0000,19.9924
PM2.5,27.150000,5.000000,0.000000,-0.000282,135.7506,0.0000,19.9923
PM2.5,27.225000,5.000000,0.000000,-0.000282,136.1256,0.0000,19.9923
PM2.5,27.300000,5.000000,0.000000,-0.000282,136.5006,0.0000,19.9923
PM2.5,27.375000,5.000000,0.000000,-0.000282,136.8756,0.0000,19.9923
PM2.5,27.450000,5.000000,0.000000,-0.000282,137.2506,0.0000,19.9923
PM2.5,27.525000,5.000000,0.000000,-0.000282,137.6256,0.0000,19.9922
PM2.5,27.600000,5.000000,0.000000,-0.000282,138.0006,0.0000,19.9922
PM2.5,27.675000,5.000000,0.000000,-0.000282,138.3756,0.0000,19.9922
PM2.5,27.750000,5.000000,0.000000,-0.000282,138.7506,0.0000,19.9922
PM2.5,27.825000,5.000000,0.000000,-0.000282,139.1256,0.0000,19.9922
PM2.5,27.900000,5.000000,0.000000,-0.000282,139.5006,0.0000,19.9921
PM2.5,27.975000,5.000000,0.000000,-0.000282,139.8756,0.0000,19.9921
PM2.5,28.050000,5.000000,0.000000,-0.000282,140.2506,0.0000,19.9921
PM2.5,28.125000,5.000000,0.000000,-0.000282,140.6256,0.0000,19.9921
PM2.5,28.200000,5.000000,0.000000,-0.000282,141.0006,0.0000,19.9921
PM2.5,28.275000,5.000000,0.000000,-0.000282,141.3756,0.0000,19.9920
PM2.5,28.350000,5.000000,0.000000,-0.000282,141.7506,0.0000,19.9920
PM2.5,28.425000,5.000000,0.000000,-0.000282,142.1256,0.0000,19.9920
PM2.5,28.500000,5.000000,0.000000,-0.000282,142.5006,0.0000,19.9920
PM2.5,28.575000,5.000000,0.000000,-0.000282,142.8756,0.0000,19.9919
PM2.5,28.650000,5.000000,0.000000,-0.000282,143.2506,0.0000,19.9919
PM2.5,28.725000,5.000000,0.000000,-0.000282,143.6256,0.0000,19.9919
PM2.5,28.800000,5.000000,0.000000,-0.000282,144.0006,0.0000,19.9919
PM2.5,28.875000,5.000000,0.000000,-0.000282,144.3756,0.0000,19.9919
PM2.5,28.950000,5.000000,0.000000,-0.000282,144.7506,0.0000,19.9918
PM2.5,29.025000,5.000000,0.000000,-0.000282,145.1256,0.0000,19.9918
PM2.5,29.100000,5.000000,0.000000,-0.000282,145.5006,0.0000,19.9918
PM2.5,29.175000,5.000000,0.000000,-0.000282,145.8756,0.0000,19.9918
PM2.5,29.250000,5.000000,0.000000,-0.000282,146.2506,0.0000,19.9918
PM2.5,29.325000,5.000000,0.000000,-0.000282,146.6256,0.0000,19.9917
PM2.5,29.400000,5.000000,0.000000,-0.000282,147.0006,0.0000,19.9917
PM2.5,29.475000,5.000000,0.000000,-0.000282,147.3756,0.0000,19.9917
PM2.5,29.550000,5.000000,0.000000,-0.000282,147.7506,0.0000,19.9917
PM2.5,29.625000,5.000000,0.000000,-0.000282,148.1256,0.0000,19.9917
PM2.5,29.700000,5.000000,0.000000,-0.000282,148.5006,0.0000,19.9916
PM2.5,29.775000,5.000000,0.000000,-0.000282,148.8756,0.0000,19.9916
PM2.5,29.850000,5.000000,0.000000,-0.000282,149.2506,0.0000,19.9916
PM2.5,29.925000,5.000000,0.000000,-0.000282,149.6256,0.0000,19.9916
PM2.5,30.000000,5.000000,0.000000,-0.000282,150.0006,0.0000,19.9915
PM2.5,30.075000,5.000000,0.000000,-0.000282,150.3756,0.0000,19.9915
PM2.5,30.150000,5.000000,0.000000,-0.000282,150.7506,0.0000,19.9915
PM2.5,30.225000,5.000000,0.000000,-0.000282,151.1256,0.0000,19.9915
PM2.5,30.300000,5.000000,0.000000,-0.000282,151.5006,0.0000,19.9915
PM2.5,30.375000,5.000000,0.000000,-0.000282,151.8756,0.0000,19.9914
PM2.5,30.450000,5.000000,0.000000,-0.000282,152.2506,0.0000,19.9914
PM2.5,30.525000,5.000000,0.000000,-0.000282,152.6256,0.0000,19.9914
PM2.5,30.600000,5.000000,0.000000,-0.000282,153.0006,0.0000,19.9914
PM2.5,30.675000,5.000000,0.000000,-0.000282,153.3756,0.0000,19.9914
PM2.5,30.750000,5.000000,0.000000,-0.000282,153.7506,0.0000,19.9913
PM2.5,30.825000,5.000000,0.000000,-0.000282,154.1256,0.0000,19.9913
PM2.5,30.900000,5.000000,0.000000,-0.000282,154.5006,0.0000,19.9913
PM2.5,30.975000,5.000000,0.000000,-0.000282,154.8756,0.0000,19.9913
PM2.5,31.050000,5.000000,0.000000,-0.000282,155.2506,0.0000,19.9913
PM2.5,31.125000,5.000000,0.000000,-0.000282,155.6256,0.0000,19.9912
PM2.5,31.200000,5.000000,0.000000,-0.000282,156.0006,0.0000,19.9912
PM2.5,31.275000,5.000000,0.000000,-0.000282,156.3756,0.0000,19.9912
PM2.5,31.350000,5.000000,0.000000,-0.000282,156.7506,0.0000,19.9912
PM2.5,31.425000,5.000000,0.000000,-0.000282,157.1256,0.0000,19.9911
PM2.5,31.500000,5.000000,0.000000,-0.000282,157.5006,0.0000,19.9911
PM2.5,31.575000,5.000000,0.000000,-0.000282,157.8756,0.0000,19.9911
PM2.5,31.650000,5.000000,0.000000,-0.000282,158.2506,0.0000,19.9911
PM2.5,31.725000,5.000000,0.000000,-0.000282,158.6256,0.0000,19.9911
PM2.5,31.800000,5.000000,0.000000,-0.000282,159.0006,0.0000,19.9910
PM2.5,31.875000,5.000000,0.000000,-0.000282,159.3756,0.0000,19.9910
PM2.5,31.950000,5.000000,0.000000,-0.000282,159.7506,0.0000,19.9910
PM2.5,32.025000,5.000000,0.000000,-0.000282,160.1256,0.0000,19.9910
PM2.5,32.100000,5.000000,0.000000,-0.000282,160.5006,0.0000,19.9910
PM2.5,32.175000,5.000000,0.000000,-0.000282,160.8756,0.0000,19.9909
PM2.5,32.250000,5.000000,0.000000,-0.000282,161.2506,0.0000,19.9909
PM2.5,32.325000,5.000000,0.000000,-0.000282,161.6256,0.0000,19.9909
PM2.5,32.400000,5.000000,0.000000,-0.000282,162.0006,0.0000,19.9909
PM2.5,32.475000,5.000000,0.000000,-0.000282,162.3756,0.0000,19.9908
PM2.5,32.550000,5.000000,0.000000,-0.000282,162.7506,0.0000,19.9908
PM2.5,32.625000,5.000000,0.000000,-0.000282,163.1256,0.0000,19.9908
PM2.5,32.700000,5.000000,0.000000,-0.000282,163.5006,0.0000,19.9908
PM2.5,32.775000,5.000000,0.000000,-0.000282,163.8756,0.0000,19.9908
PM2.5,32.850000,5.000000,0.000000,-0.000282,164.2506,0.0000,19.9907
PM2.5,32.925000,5.000000,0.000000,-0.000282,164.6256,0.0000,19.9907
PM2.5,33.000000,5.000000,0.000000,-0.000282,165.0006,0.0000,19.9907
PM2.5,33.075000,5.000000,0.000000,-0.000282,165.3756,0.0000,19.9907
PM2.5,33.150000,5.000000,0.000000,-0.000282,165.7506,0.0000,19.9907
PM2.5,33.225000,5.000000,0.000000,-0.000282,166.1256,0.0000,19.9906
PM2.5,33.300000,5.000000,0.000000,-0.000282,166.5006,0.0000,19.9906
PM2.5,33.375000,5.000000,0.000000,-0.000282,166.8756,0.0000,19.9906
PM2.5,33.450000,5.000000,0.000000,-0.000282,167.2506,0.0000,19.9906
PM2.5,33.525000,5.000000,0.000000,-0.000282,167.6256,0.0000,19.9906
PM2.5,33.600000,5.000000,0.000000,-0.000282,168.0006,0.0000,19.9905
PM2.5,33.675000,5.000000,0.000000,-0.000282,168.3756,0.0000,19.9905
PM2.5,33.750000,5.000000,0.000000,-0.000282,168.7506,0.0000,19.9905
PM2.5,33.825000,5.000000,0.000000,-0.000282,169.1256,0.0000,19.9905
PM2.5,33.900000,5.000000,0.000000,-0.000282,169.5006,0.0000,19.9904
PM2.5,33.975000,5.000000,0.000000,-0.000282,169.8756,0.0000,19.9904
PM2.5,34.050000,5.000000,0.000000,-0.000282,170.2506,0.0000,19.9904
PM2.5,34.125000,5.000000,0.000000,-0.000282,170.6256,0.0000,19.9904
PM2.5,34.200000,5.000000,0.000000,-0.000282,171.0006,0.0000,19.9904
PM2.5,34.275000,5.000000,0.000000,-0.000282,171.3756,0.0000,19.9903
PM2.5,34.350000,5.000000,0.000000,-0.000282,171.7506,0.0000,19.9903
PM2.5,34.425000,5.000000,0.000000,-0.000282,172.1256,0.0000,19.9903
PM2.5,34.500000,5.000000,0.000000,-0.000282,172.5006,0.0000,19.9903
PM2.5,34.575000,5.000000,0.000000,-0.000282,172.8756,0.0000,19.9903
PM2.5,34.650000,5.000000,0.000000,-0.000282,173.2506,0.0000,19.9902
PM2.5,34.725000,5.000000,0.000000,-0.000282,173.6256,0.0000,19.9902
PM2.5,34.800000,5.000000,0.000000,-0.000282,174.0006,0.0000,19.9902
PM2.5,34.875000,5.000000,0.000000,-0.000282,174.3756,0.0000,19.9902
PM2.5,34.950000,5.000000,0.000000,-0.000282,174.7506,0.0000,19.9902
PM2.5,35.025000,5.000000,0.000000,-0.000282,175.1256,0.0000,19.9901
PM2.5,35.100000,5.000000,0.000000,-0.000282,175.5006,0.0000,19.9901
PM2.5,35.175000,5.000000,0.000000,-0.000282,175.8756,0.0000,19.9901
PM2.5,35.250000,5.000000,0.000000,-0.000282,176.2506,0.0000,19.9901
PM2.5,35.325000,5.000000,0.000000,-0.000282,176.6256,0.0000,19.9900
PM2.5,35.400000,5.000000,0.000000,-0.000282,177.0006,0.0000,19.9900
PM2.5,35.475000,5.000000,0.000000,-0.000282,177.3756,0.0000,19.9900
PM2.5,35.550000,5.000000,0.000000,-0.000282,177.7506,0.0000,19.9900
PM2.5,35.625000,5.000000,0.000000,-0.000282,178.1256,0.0000,19.9900
PM2.5,35.700000,5.000000,0.000000,-0.000282,178.5006,0.0000,19.9899
PM2.5,35.775000,5.000000,0.000000,-0.000282,178.8756,0.0000,19.9899
PM2.5,35.850000,5.000000,0.000000,-0.000282,179.2506,0.0000,19.9899
PM2.5,35.925000,5.000000,0.000000,-0.000282,179.6256,0.0000,19.9899
PM2.5,36.000000,5.000000,0.000000,-0.000282,180.0006,0.0000,19.9899
PM2.5,36.075000,5.000000,0.000000,-0.000282,180.3756,0.0000,19.9898
PM2.5,36.150000,5.000000,0.000000,-0.000282,180.7506,0.0000,19.9898
PM2.5,36.225000,5.000000,0.000000,-0.000282,181.1256,0.0000,19.9898
PM2.5,36.300000,5.000000,0.000000,-0.000282,181.5006,0.0000,19.9898
PM2.5,36.375000,5.000000,0.000000,-0.000282,181.8756,0.0000,19.9898
PM2.5,36.450000,5.000000,0.000000,-0.000282,182.2506,0.0000,19.9897
PM2.5,36.525000,5.000000,0.000000,-0.000282,182.6256,0.0000,19.9897
PM2.5,36.600000,5.000000,0.000000,-0.000282,183.0006,0.0000,19.9897
PM2.5,36.675000,5.000000,0.000000,-0.000282,183.3756,0.0000,19.9897
PM2.5,36.750000,5.000000,0.000000,-0.000282,183.7506,0.0000,19.9896
PM2.5,36.825000,5.000000,0.000000,-0.000282,184.1256,0.0000,19.9896
PM2.5,36.900000,5.000000,0.000000,-0.000282,184.5006,0.0000,19.9896
PM2.5,36.975000,5.000000,0.000000,-0.000282,184.8756,0.0000,19.9896
PM2.5,37.050000,5.000000,0.000000,-0.000282,185.2506,0.0000,19.9896
PM2.5,37.125000,5.000000,0.000000,-0.000282,185.6256,0.0000,19.9895
PM2.5,37.200000,5.000000,0.000000,-0.000282,186.0006,0.0000,19.9895
PM2.5,37.275000,5.000000,0.000000,-0.000282,186.3756,0.0000,19.9895
PM2.5,37.350000,5.000000,0.000000,-0.000282,186.7506,0.0000,19.9895
PM2.5,37.425000,5.000000,0.000000,-0.000282,187.1256,0.0000,19.9895
PM2.5,37.500000,5.000000,0.000000,-0.000282,187.5006,0.0000,19.9894
PM2.5,37.575000,5.000000,0.000000,-0.000282,187.8756,0.0000,19.9894
PM2.5,37.650000,5.000000,0.000000,-0.000282,188.2506,0.0000,19.9894
PM2.5,37.725000,5.000000,0.000000,-0.000282,188.6256,0.0000,19.9894
PM2.5,37.800000,5.000000,0.000000,-0.000282,189.0006,0.0000,19.9893
PM2.5,37.875000,5.000000,0.000000,-0.000282,189.3756,0.0000,19.9893
PM2.5,37.950000,5.000000,0.000000,-0.000282,189.7506,0.0000,19.9893
PM2.5,38.025000,5.000000,0.000000,-0.000282,190.1256,0.0000,19.9893
PM2.5,38.100000,5.000000,0.000000,-0.000282,190.5006,0.0000,19.9893
PM2.5,38.175000,5.000000,0.000000,-0.000282,190.8756,0.0000,19.9892
PM2.5,38.250000,5.000000,0.000000,-0.000282,191.2506,0.0000,19.9892
PM2.5,38.325000,5.000000,0.000000,-0.000282,191.6256,0.0000,19.9892
PM2.5,38.400000,5.000000,0.000000,-0.000282,192.0006,0.0000,19.9892
PM2.5,38.475000,5.000000,0.000000,-0.000282,192.3756,0.0000,19.9892
PM2.5,38.550000,5.000000,0.000000,-0.000282,192.7506,0.0000,19.9891
PM2.5,38.625000,5.000000,0.000000,-0.000282,193.1256,0.0000,19.9891
PM2.5,38.700000,5.000000,0.000000,-0.000282,193.5006,0.0000,19.9891
PM2.5,38.775000,5.000000,0.000000,-0.000282,193.8756,0.0000,19.9891
PM2.5,38.850000,5.000000,0.000000,-0.000282,194.2506,0.0000,19.9891
PM2.5,38.925000,5.000000,0.000000,-0.000282,194.6256,0.0000,19.9890
PM2.5,39.000000,5.000000,0.000000,-0.000282,195.0006,0.0000,19.9890
PM2.5,39.075000,5.000000,0.000000,-0.000282,195.3756,0.0000,19.9890
PM2.5,39.150000,5.000000,0.000000,-0.000282,195.7506,0.0000,19.9890
PM2.5,39.225000,5.000000,0.000000,-0.000282,196.1256,0.0000,19.9889
PM2.5,39.300000,5.000000,0.000000,-0.000282,196.5006,0.0000,19.9889
PM2.5,39.375000,5.000000,0.000000,-0.000282,196.8756,0.0000,19.9889
PM2.5,39.450000,5.000000,0.000000,-0.000282,197.2506,0.0000,19.9889
PM2.5,39.525000,5.000000,0.000000,-0.000282,197.6256,0.0000,19.9889
PM2.5,39.600000,5.000000,0.000000,-0.000282,198.0006,0.0000,19.9888
PM2.5,39.675000,5.000000,0.000000,-0.000282,198.3756,0.0000,19.9888
PM2.5,39.750000,5.000000,0.000000,-0.000282,198.7506,0.0000,19.9888
PM2.5,39.825000,5.000000,0.000000,-0.000282,199.1256,0.0000,19.9888
PM2.5,39.900000,5.000000,0.000000,-0.000282,199.5006,0.0000,19.9888
PM2.5,39.975000,5.000000,0.000000,-0.000282,199.8756,0.0000,19.9887
PM2.5,40.050000,5.000000,0.000000,-0.000282,200.2506,0.0000,19.9887
PM2.5,40.125000,5.000000,0.000000,-0.000282,200.6256,0.0000,19.9887
PM2.5,40.200000,5.000000,0.000000,-0.000282,201.0006,0.0000,19.9887
PM2.5,40.275000,5.000000,0.000000,-0.000282,201.3756,0.0000,19.9887
PM2.5,40.350000,5.000000,0.000000,-0.000282,201.7506,0.0000,19.9886
PM2.5,40.425000,5.000000,0.000000,-0.000282,202.1256,0.0000,19.9886
PM2.5,40.500000,5.000000,0.000000,-0.000282,202.5006,0.0000,19.9886
PM2.5,40.575000,5.000000,0.000000,-0.000282,202.8756,0.0000,19.9886
PM2.5,40.650000,5.000000,0.000000,-0.000282,203.2506,0.0000,19.9885
PM2.5,40.725000,5.000000,0.000000,-0.000282,203.6256,0.0000,19.9885
PM2.5,40.800000,5.000000,0.000000,-0.000282,204.0006,0.0000,19.9885
PM2.5,40.875000,5.000000,0.000000,-0.000282,204.3756,0.0000,19.9885
PM2.5,40.950000,5.000000,0.000000,-0.000282,204.7506,0.0000,19.9885
PM2.5,41.025000,5.000000,0.000000,-0.000282,205.1256,0.0000,19.9884
PM2.5,41.100000,5.000000,0.000000,-0.000282,205.5006,0.0000,19.9884
PM2.5,41.175000,5.000000,0.000000,-0.000282,205.8756,0.0000,19.9884
PM2.5,41.250000,5.000000,0.000000,-0.000282,206.2506,0.0000,19.9884
PM2.5,41.325000,5.000000,0.000000,-0.000282,206.6256,0.0000,19.9884
PM2.5,41.400000,5.000000,0.000000,-0.000282,207.0006,0.0000,19.9883
PM2.5,41.475000,5.000000,0.000000,-0.000282,207.3756,0.0000,19.9883
PM2.5,41.550000,5.000000,0.000000,-0.000282,207.7506,0.0000,19.9883
PM2.5,41.625000,5.000000,0.000000,-0.000282,208.1256,0.0000,19.9883
PM2.5,41.700000,5.000000,0.000000,-0.000282,208.5006,0.0000,19.9883
PM2.5,41.775000,5.000000,0.000000,-0.000282,208.8756,0.0000,19.9882
PM2.5,41.850000,5.000000,0.000000,-0.000282,209.2506,0.0000,19.9882
PM2.5,41.925000,5.000000,0.000000,-0.000282,209.6256,0.0000,19.9882
PM2.5,42.000000,5.000000,0.000000,-0.000282,210.0006,0.0000,19.9882
PM2.5,42.075000,5.000000,0.000000,-0.000282,210.3756,0.0000,19.9881
PM2.5,42.150000,5.000000,0.000000,-0.000282,210.7506,0.0000,19.9881
PM2.5,42.225000,5.000000,0.000000,-0.000282,211.1256,0.0000,19.9881
PM2.5,42.300000,5.000000,0.000000,-0.000282,211.5006,0.0000,19.9881
PM2.5,42.375000,5.000000,0.000000,-0.000282,211.8756,0.0000,19.9881
PM2.5,42.450000,5.000000,0.000000,-0.000282,212.2506,0.0000,19.9880
PM2.5,42.525000,5.000000,0.000000,-0.000282,212.6256,0.0000,19.9880
PM2.5,42.600000,5.000000,0.000000,-0.000282,213.0006,0.0000,19.9880
PM2.5,42.675000,5.000000,0.000000,-0.000282,213.3756,0.0000,19.9880
PM2.5,42.750000,5.000000,0.000000,-0.000282,213.7506,0.0000,19.9880
PM2.5,42.825000,5.000000,0.000000,-0.000282,214.1256,0.0000,19.9879
PM2.5,42.900000,5.000000,0.000000,-0.000282,214.5006,0.0000,19.9879
PM2.5,42.975000,5.000000,0.000000,-0.000282,214.8756,0.0000,19.9879
PM2.5,43.050000,5.000000,0.000000,-0.000282,215.2506,0.0000,19.9879
PM2.5,43.125000,5.000000,0.000000,-0.000282,215.6256,0.0000,19.9878
PM2.5,43.200000,5.000000,0.000000,-0.000282,216.0006,0.0000,19.9878
PM2.5,43.275000,5.000000,0.000000,-0.000282,216.3756,0.0000,19.9878
PM2.5,43.350000,5.000000,0.000000,-0.000282,216.7506,0.0000,19.9878
PM2.5,43.425000,5.000000,0.000000,-0.000282,217.1256,0.0000,19.9878
PM2.5,43.500000,5.000000,0.000000,-0.000282,217.5006,0.0000,19.9877
PM2.5,43.575000,5.000000,0.000000,-0.000282,217.8756,0.0000,19.9877
PM2.5,43.650000,5.000000,0.000000,-0.000282,218.2506,0.0000,19.9877
PM2.5,43.725000,5.000000,0.000000,-0.000282,218.6256,0.0000,19.9877
PM2.5,43.800000,5.000000,0.000000,-0.000282,219.0006,0.0000,19.9877
PM2.5,43.875000,5.000000,0.000000,-0.000282,219.3756,0.0000,19.9876
PM2.5,43.950000,5.000000,0.000000,-0.000282,219.7506,0.0000,19.9876
PM2.5,44.025000,5.000000,0.000000,-0.000282,220.1256,0.0000,19.9876
PM2.5,44.100000,5.000000,0.000000,-0.000282,220.5006,0.0000,19.9876
PM2.5,44.175000,5.000000,0.000000,-0.000282,220.8756,0.0000,19.9876
PM2.5,44.250000,5.000000,0.000000,-0.000282,221.2506,0.0000,19.9875
PM2.5,44.325000,5.000000,0.000000,-0.000282,221.6256,0.0000,19.9875
PM2.5,44.400000,5.000000,0.000000,-0.000282,222.0006,0.0000,19.9875
PM2.5,44.475000,5.000000,0.000000,-0.000282,222.3756,0.0000,19.9875
PM2.5,44.550000,5.000000,0.000000,-0.000282,222.7506,0.0000,19.9874
PM2.5,44.625000,5.000000,0.000000,-0.000282,223.1256,0.0000,19.9874
PM2.5,44.700000,5.000000,0.000000,-0.000282,223.5006,0.0000,19.9874
PM2.5,44.775000,5.000000,0.000000,-0.000282,223.8756,0.0000,19.9874
PM2.5,44.850000,5.000000,0.000000,-0.000282,224.2506,0.0000,19.9874
PM2.5,44.925000,5.000000,0.000000,-0.000282,224.6256,0.0000,19.9873
PM2.5,45.000000,5.000000,0.000000,-0.000282,225.0006,0.0000,19.9873
PM2.5,45.075000,5.000000,0.000000,-0.000282,225.3756,0.0000,19.9873
PM2.5,45.150000,5.000000,0.000000,-0.000282,225.7506,0.0000,19.9873
PM2.5,45.225000,5.000000,0.000000,-0.000282,226.1256,0.0000,19.9873
PM2.5,45.300000,5.000000,0.000000,-0.000282,226.5006,0.0000,19.9872
PM2.5,45.375000,5.000000,0.000000,-0.000282,226.8756,0.0000,19.9872
PM2.5,45.450000,5.000000,0.000000,-0.000282,227.2506,0.0000,19.9872
PM2.5,45.525000,5.000000,0.000000,-0.000282,227.6256,0.0000,19.9872
PM2.5,45.600000,5.000000,0.000000,-0.000282,228.0006,0.0000,19.9872
PM2.5,45.675000,5.000000,0.000000,-0.000282,228.3756,0.0000,19.9871
PM2.5,45.750000,5.000000,0.000000,-0.000282,228.7506,0.0000,19.9871
PM2.5,45.825000,5.000000,0.000000,-0.000282,229.1256,0.0000,19.9871
PM2.5,45.900000,5.000000,0.000000,-0.000282,229.5006,0.0000,19.9871
PM2.5,45.975000,5.000000,0.000000,-0.000282,229.8756,0.0000,19.9870
PM2.5,46.050000,5.000000,0.000000,-0.000282,230.2506,0.0000,19.9870
PM2.5,46.125000,5.000000,0.000000,-0.000282,230.6256,0.0000,19.9870
PM2.5,46.200000,5.000000,0.000000,-0.000282,231.0006,0.0000,19.9870
PM2.5,46.275000,5.000000,0.000000,-0.000282,231.3756,0.0000,19.9870
PM2.5,46.350000,5.000000,0.000000,-0.000282,231.7506,0.0000,19.9869
PM2.5,46.425000,5.000000,0.000000,-0.000282,232.1256,0.0000,19.9869
PM2.5,46.500000,5.000000,0.000000,-0.000282,232.5006,0.0000,19.9869
PM2.5,46.575000,5.000000,0.000000,-0.000282,232.8756,0.0000,19.9869
PM2.5,46.650000,5.000000,0.000000,-0.000282,233.2506,0.0000,19.9869
PM2.5,46.725000,5.000000,0.000000,-0.000282,233.6256,0.0000,19.9868
PM2.5,46.800000,5.000000,0.000000,-0.000282,234.0006,0.0000,19.9868
PM2.5,46.875000,5.000000,0.000000,-0.000282,234.3756,0.0000,19.9868
PM2.5,46.950000,5.000000,0.000000,-0.000282,234.7506,0.0000,19.9868
PM2.5,47.025000,5.000000,0.000000,-0.000282,235.1256,0.0000,19.9867
PM2.5,47.100000,5.000000,0.000000,-0.000282,235.5006,0.0000,19.9867
PM2.5,47.175000,5.000000,0.000000,-0.000282,235.8756,0.0000,19.9867
PM2.5,47.250000,5.000000,0.000000,-0.000282,236.2506,0.0000,19.9867
PM2.5,47.325000,5.000000,0.000000,-0.000282,236.6256,0.0000,19.9867
PM2.5,47.400000,5.000000,0.000000,-0.000282,237.0006,0.0000,19.9866
PM2.5,47.475000,5.000000,0.000000,-0.000282,237.3756,0.0000,19.9866
PM2.5,47.550000,5.000000,0.000000,-0.000282,237.7506,0.0000,19.9866
PM2.5,47.625000,5.000000,0.000000,-0.000282,238.1256,0.0000,19.9866
PM2.5,47.700000,5.000000,0.000000,-0.000282,238.5006,0.0000,19.9866
PM2.5,47.775000,5.000000,0.000000,-0.000282,238.8756,0.0000,19.9865
PM2.5,47.850000,5.000000,0.000000,-0.000282,239.2506,0.0000,19.9865
PM2.5,47.925000,5.000000,0.000000,-0.000282,239.6256,0.0000,19.9865
PM2.5,48.000000,5.000000,0.000000,-0.000282,240.0006,0.0000,19.9865
PM2.5,48.075000,5.000000,0.000000,-0.000282,240.3756,0.0000,19.9865
PM2.5,48.150000,5.000000,0.000000,-0.000282,240.7506,0.0000,19.9864
PM2.5,48.225000,5.000000,0.000000,-0.000282,241.1256,0.0000,19.9864
PM2.5,48.300000,5.000000,0.000000,-0.000282,241.5006,0.0000,19.9864
PM2.5,48.375000,5.000000,0.000000,-0.000282,241.8756,0.0000,19.9864
PM2.5,48.450000,5.000000,0.000000,-0.000282,242.2506,0.0000,19.9863
PM2.5,48.525000,5.000000,0.000000,-0.000282,242.6256,0.0000,19.9863
PM2.5,48.600000,5.000000,0.000000,-0.000282,243.0006,0.0000,19.9863
PM2.5,48.675000,5.000000,0.000000,-0.000282,243.3756,0.0000,19.9863
PM2.5,48.750000,5.000000,0.000000,-0.000282,243.7506,0.0000,19.9863
PM2.5,48.825000,5.000000,0.000000,-0.000282,244.1256,0.0000,19.9862
PM2.5,48.900000,5.000000,0.000000,-0.000282,244.5006,0.0000,19.9862
PM2.5,48.975000,5.000000,0.000000,-0.000282,244.8756,0.0000,19.9862
PM2.5,49.050000,5.000000,0.000000,-0.000282,245.2506,0.0000,19.9862
PM2.5,49.125000,5.000000,0.000000,-0.000282,245.6256,0.0000,19.9862
PM2.5,49.200000,5.000000,0.000000,-0.000282,246.0006,0.0000,19.9861
PM2.5,49.275000,5.000000,0.000000,-0.000282,246.3756,0.0000,19.9861
PM2.5,49.350000,5.000000,0.000000,-0.000282,246.7506,0.0000,19.9861
PM2.5,49.425000,5.000000,0.000000,-0.000282,247.1256,0.0000,19.9861
PM2.5,49.500000,5.000000,0.000000,-0.000282,247.5006,0.0000,19.9861
PM2.5,49.575000,5.000000,0.000000,-0.000282,247.8756,0.0000,19.9860
PM2.5,49.650000,5.000000,0.000000,-0.000282,248.2506,0.0000,19.9860
PM2.5,49.725000,5.000000,0.000000,-0.000282,248.6256,0.0000,19.9860
PM2.5,49.800000,5.000000,0.000000,-0.000282,249.0006,0.0000,19.9860
PM2.5,49.875000,5.000000,0.000000,-0.000282,249.3756,0.0000,19.9859
PM2.5,49.950000,5.000000,0.000000,-0.000282,249.7506,0.0000,19.9859
PM2.5,50.025000,5.000000,0.000000,-0.000282,250.1256,0.0000,19.9859
PM2.5,50.100000,5.000000,0.000000,-0.000282,250.5006,0.0000,19.9859
PM2.5,50.175000,5.000000,0.000000,-0.000282,250.8756,0.0000,19.9859
PM2.5,50.250000,5.000000,0.000000,-0.000282,251.2506,0.0000,19.9858
PM2.5,50.325000,5.000000,0.000000,-0.000282,251.6256,0.0000,19.9858
PM2.5,50.400000,5.000000,0.000000,-0.000282,252.0006,0.0000,19.9858
PM2.5,50.475000,5.000000,0.000000,-0.000282,252.3756,0.0000,19.9858
PM2.5,50.550000,5.000000,0.000000,-0.000282,252.7506,0.0000,19.9858
PM2.5,50.625000,5.000000,0.000000,-0.000282,253.1256,0.0000,19.9857
PM2.5,50.700000,5.000000,0.000000,-0.000282,253.5006,0.0000,19.9857
PM2.5,50.775000,5.000000,0.000000,-0.000282,253.8756,0.0000,19.9857
PM2.5,50.850000,5.000000,0.000000,-0.000282,254.2506,0.0000,19.9857
PM2.5,50.925000,5.000000,0.000000,-0.000282,254.6256,0.0000,19.9857
PM2.5,51.000000,5.000000,0.000000,-0.000282,255.0006,0.0000,19.9856
PM2.5,51.075000,5.000000,0.000000,-0.000282,255.3756,0.0000,19.9856
PM2.5,51.150000,5.000000,0.000000,-0.000282,255.7506,0.0000,19.9856
PM2.5,51.225000,5.000000,0.000000,-0.000282,256.1256,0.0000,19.9856
PM2.5,51.300000,5.000000,0.000000,-0.000282,256.5006,0.0000,19.9855
PM2.5,51.375000,5.000000,0.000000,-0.000282,256.8756,0.0000,19.9855
PM2.5,51.450000,5.000000,0.000000,-0.000282,257.2506,0.0000,19.9855
PM2.5,51.525000,5.000000,0.000000,-0.000282,257.6256,0.0000,19.9855
PM2.5,51.600000,5.000000,0.000000,-0.000282,258.0006,0.0000,19.9855
PM2.5,51.675000,5.000000,0.000000,-0.000282,258.3756,0.0000,19.9854
PM2.5,51.750000,5.000000,0.000000,-0.000282,258.7506,0.0000,19.9854
PM2.5,51.825000,5.000000,0.000000,-0.000282,259.1256,0.0000,19.9854
PM2.5,51.900000,5.000000,0.000000,-0.000282,259.5006,0.0000,19.9854
PM2.5,51.975000,5.000000,0.000000,-0.000282,259.8756,0.0000,19.9854
PM2.5,52.050000,5.000000,0.000000,-0.000282,260.2506,0.0000,19.9853
PM2.5,52.125000,5.000000,0.000000,-0.000282,260.6256,0.0000,19.9853
PM2.5,52.200000,5.000000,0.000000,-0.000282,261.0006,0.0000,19.9853
PM2.5,52.275000,5.000000,0.000000,-0.000282,261.3756,0.0000,19.9853
PM2.5,52.350000,5.000000,0.000000,-0.000282,261.7506,0.0000,19.9852
PM2.5,52.425000,5.000000,0.000000,-0.000282,262.1256,0.0000,19.9852
PM2.5,52.500000,5.000000,0.000000,-0.000282,262.5006,0.0000,19.9852
PM2.5,52.575000,5.000000,0.000000,-0.000282,262.8756,0.0000,19.9852
PM2.5,52.650000,5.000000,0.000000,-0.000282,263.2506,0.0000,19.9852
PM2.5,52.725000,5.000000,0.000000,-0.000282,263.6256,0.0000,19.9851
PM2.5,52.800000,5.000000,0.000000,-0.000282,264.0006,0.0000,19.9851
PM2.5,52.875000,5.000000,0.000000,-0.000282,264.3756,0.0000,19.9851
PM2.5,52.950000,5.000000,0.000000,-0.000282,264.7506,0.0000,19.9851
PM2.5,53.025000,5.000000,0.000000,-0.000282,265.1256,0.0000,19.9851
PM2.5,53.100000,5.000000,0.000000,-0.000282,265.5006,0.0000,19.9850
PM2.5,53.175000,5.000000,0.000000,-0.000282,265.8756,0.0000,19.9850
PM2.5,53.250000,5.000000,0.000000,-0.000282,266.2506,0.0000,19.9850
PM2.5,53.325000,5.000000,0.000000,-0.000282,266.6256,0.0000,19.9850
PM2.5,53.400000,5.000000,0.000000,-0.000282,267.0006,0.0000,19.9850
PM2.5,53.475000,5.000000,0.000000,-0.000282,267.3756,0.0000,19.9849
PM2.5,53.550000,5.000000,0.000000,-0.000282,267.7506,0.0000,19.9849
PM2.5,53.625000,5.000000,0.000000,-0.000282,268.1256,0.0000,19.9849
PM2.5,53.700000,5.000000,0.000000,-0.000282,268.5006,0.0000,19.9849
PM2.5,53.775000,5.000000,0.000000,-0.000282,268.8756,0.0000,19.9848
PM2.5,53.850000,5.000000,0.000000,-0.000282,269.2506,0.0000,19.9848
PM2.5,53.925000,5.000000,0.000000,-0.000282,269.6256,0.0000,19.9848
PM2.5,54.000000,5.000000,0.000000,-0.000282,270.0006,0.0000,19.9848
PM2.5,54.075000,5.000000,0.000000,-0.000282,270.3756,0.0000,19.9848
PM2.5,54.150000,5.000000,0.000000,-0.000282,270.7506,0.0000,19.9847
PM2.5,54.225000,5.000000,0.000000,-0.000282,271.1256,0.0000,19.9847
PM2.5,54.300000,5.000000,0.000000,-0.000282,271.5006,0.0000,19.9847
PM2.5,54.375000,5.000000,0.000000,-0.000282,271.8756,0.0000,19.9847
PM2.5,54.450000,5.000000,0.000000,-0.000282,272.2506,0.0000,19.9847
PM2.5,54.525000,5.000000,0.000000,-0.000282,272.6256,0.0000,19.9846
PM2.5,54.600000,5.000000,0.000000,-0.000282,273.0006,0.0000,19.9846
PM2.5,54.675000,5.000000,0.000000,-0.000282,273.3756,0.0000,19.9846
PM2.5,54.750000,5.000000,0.000000,-0.000282,273.7506,0.0000,19.9846
PM2.5,54.825000,5.000000,0.000000,-0.000282,274.1256,0.0000,19.9846
PM2.5,54.900000,5.000000,0.000000,-0.000282,274.5006,0.0000,19.9845
PM2.5,54.975000,5.000000,0.000000,-0.000282,274.8756,0.0000,19.9845
PM2.5,55.050000,5.000000,0.000000,-0.000282,275.2506,0.0000,19.9845
PM2.5,55.125000,5.000000,0.000000,-0.000282,275.6256,0.0000,19.9845
PM2.5,55.200000,5.000000,0.000000,-0.000282,276.0006,0.0000,19.9844
PM2.5,55.275000,5.000000,0.000000,-0.000282,276.3756,0.0000,19.9844
PM2.5,55.350000,5.000000,0.000000,-0.000282,276.7506,0.0000,19.9844
PM2.5,55.425000,5.000000,0.000000,-0.000282,277.1256,0.0000,19.9844
PM2.5,55.500000,5.000000,0.000000,-0.000282,277.5006,0.0000,19.9844
PM2.5,55.575000,5.000000,0.000000,-0.000282,277.8756,0.0000,19.9843
PM2.5,55.650000,5.000000,0.000000,-0.000282,278.2506,0.0000,19.9843
PM2.5,55.725000,5.000000,0.000000,-0.000282,278.6256,0.0000,19.9843
PM2.5,55.800000,5.000000,0.000000,-0.000282,279.0006,0.0000,19.9843
PM2.5,55.875000,5.000000,0.000000,-0.000282,279.3756,0.0000,19.9843
PM2.5,55.950000,5.000000,0.000000,-0.000282,279.7506,0.0000,19.9842
PM2.5,56.025000,5.000000,0.000000,-0.000282,280.1256,0.0000,19.9842
PM2.5,56.100000,5.000000,0.000000,-0.000282,280.5006,0.0000,19.9842
PM2.5,56.175000,5.000000,0.000000,-0.000282,280.8756,0.0000,19.9842
PM2.5,56.250000,5.000000,0.000000,-0.000282,281.2506,0.0000,19.9842
PM2.5,56.325000,5.000000,0.000000,-0.000282,281.6256,0.0000,19.9841
PM2.5,56.400000,5.000000,0.000000,-0.000282,282.0006,0.0000,19.9841
PM2.5,56.475000,5.000000,0.000000,-0.000282,282.3756,0.0000,19.9841
PM2.5,56.550000,5.000000,0.000000,-0.000282,282.7506,0.0000,19.9841
PM2.5,56.625000,5.000000,0.000000,-0.000282,283.1256,0.0000,19.9840
PM2.5,56.700000,5.000000,0.000000,-0.000282,283.5006,0.0000,19.9840
PM2.5,56.775000,5.000000,0.000000,-0.000282,283.8756,0.0000,19.9840
PM2.5,56.850000,5.000000,0.000000,-0.000282,284.2506,0.0000,19.9840
PM2.5,56.925000,5.000000,0.000000,-0.000282,284.6256,0.0000,19.9840
PM2.5,57.000000,5.000000,0.000000,-0.000282,285.0006,0.0000,19.9839
PM2.5,57.075000,5.000000,0.000000,-0.000282,285.3756,0.0000,19.9839
PM2.5,57.150000,5.000000,0.000000,-0.000282,285.7506,0.0000,19.9839
PM2.5,57.225000,5.000000,0.000000,-0.000282,286.1256,0.0000,19.9839
PM2.5,57.300000,5.000000,0.000000,-0.000282,286.5006,0.0000,19.9839
PM2.5,57.375000,5.000000,0.000000,-0.000282,286.8756,0.0000,19.9838
PM2.5,57.450000,5.000000,0.000000,-0.000282,287.2506,0.0000,19.9838
PM2.5,57.525000,5.000000,0.000000,-0.000282,287.6256,0.0000,19.9838
PM2.5,57.600000,5.000000,0.000000,-0.000282,288.0006,0.0000,19.9838
PM2.5,57.675000,5.000000,0.000000,-0.000282,288.3756,0.0000,19.9837
PM2.5,57.750000,5.000000,0.000000,-0.000282,288.7506,0.0000,19.9837
PM2.5,57.825000,5.000000,0.000000,-0.000282,289.1256,0.0000,19.9837
PM2.5,57.900000,5.000000,0.000000,-0.000282,289.5006,0.0000,19.9837
PM2.5,57.975000,5.000000,0.000000,-0.000282,289.8756,0.0000,19.9837
PM2.5,58.050000,5.000000,0.000000,-0.000282,290.2506,0.0000,19.9836
PM2.5,58.125000,5.000000,0.000000,-0.000282,290.6256,0.0000,19.9836
PM2.5,58.200000,5.000000,0.000000,-0.000282,291.0006,0.0000,19.9836
PM2.5,58.275000,5.000000,0.000000,-0.000282,291.3756,0.0000,19.9836
PM2.5,58.350000,5.000000,0.000000,-0.000282,291.7506,0.0000,19.9836
PM2.5,58.425000,5.000000,0.000000,-0.000282,292.1256,0.0000,19.9835
PM2.5,58.500000,5.000000,0.000000,-0.000282,292.5006,0.0000,19.9835
PM2.5,58.575000,5.000000,0.000000,-0.000282,292.8756,0.0000,19.9835
PM2.5,58.650000,5.000000,0.000000,-0.000282,293.2506,0.0000,19.9835
PM2.5,58.725000,5.000000,0.000000,-0.000282,293.6256,0.0000,19.9835
PM2.5,58.800000,5.000000,0.000000,-0.000282,294.0006,0.0000,19.9834
PM2.5,58.875000,5.000000,0.000000,-0.000282,294.3756,0.0000,19.9834
PM2.5,58.950000,5.000000,0.000000,-0.000282,294.7506,0.0000,19.9834
PM2.5,59.025000,5.000000,0.000000,-0.000282,295.1256,0.0000,19.9834
PM2.5,59.100000,5.000000,0.000000,-0.000282,295.5006,0.0000,19.9833
PM2.5,59.175000,5.000000,0.000000,-0.000282,295.8756,0.0000,19.9833
PM2.5,59.250000,5.000000,0.000000,-0.000282,296.2506,0.0000,19.9833
PM2.5,59.325000,5.000000,0.000000,-0.000282,296.6256,0.0000,19.9833
PM2.5,59.400000,5.000000,0.000000,-0.000282,297.0006,0.0000,19.9833
PM2.5,59.475000,5.000000,0.000000,-0.000282,297.3756,0.0000,19.9832
PM2.5,59.550000,5.000000,0.000000,-0.000282,297.7506,0.0000,19.9832
PM2.5,59.625000,5.000000,0.000000,-0.000282,298.1256,0.0000,19.9832
PM2.5,59.700000,5.000000,0.000000,-0.000282,298.5006,0.0000,19.9832
PM2.5,59.775000,5.000000,0.000000,-0.000282,298.8756,0.0000,19.9832
PM2.5,59.850000,5.000000,0.000000,-0.000282,299.2506,0.0000,19.9831
PM2.5,59.925000,5.000000,0.000000,-0.000282,299.6256,0.0000,19.9831
PM2.5,60.000000,5.000000,0.000000,-0.000282,300.0006,0.0000,19.9831
PM2.5,60.075000,5.000000,0.000000,-0.000282,300.3756,0.0000,19.9831
PM2.5,60.150000,5.000000,0.000000,-0.000282,300.7506,0.0000,19.9831
PM2.5,60.225000,5.000000,0.000000,-0.000282,301.1256,0.0000,19.9830
PM2.5,60.300000,5.000000,0.000000,-0.000282,301.5006,0.0000,19.9830
PM2.5,60.375000,5.000000,0.000000,-0.000282,301.8756,0.0000,19.9830
PM2.5,60.450000,5.000000,0.000000,-0.000282,302.2506,0.0000,19.9830
PM2.5,60.525000,5.000000,0.000000,-0.000282,302.6256,0.0000,19.9829
PM2.5,60.600000,5.000000,0.000000,-0.000282,303.0006,0.0000,19.9829
PM2.5,60.675000,5.000000,0.000000,-0.000282,303.3756,0.0000,19.9829
PM2.5,60.750000,5.000000,0.000000,-0.000282,303.7506,0.0000,19.9829
PM2.5,60.825000,5.000000,0.000000,-0.000282,304.1256,0.0000,19.9829
PM2.5,60.900000,5.000000,0.000000,-0.000282,304.5006,0.0000,19.9828
PM2.5,60.975000,5.000000,0.000000,-0.000282,304.8756,0.0000,19.9828
PM2.5,61.050000,5.000000,0.000000,-0.000282,305.2506,0.0000,19.9828
PM2.5,61.125000,5.000000,0.000000,-0.000282,305.6256,0.0000,19.9828
PM2.5,61.200000,5.000000,0.000000,-0.000282,306.0006,0.0000,19.9828
PM2.5,61.275000,5.000000,0.000000,-0.000282,306.3756,0.0000,19.9827
PM2.5,61.350000,5.000000,0.000000,-0.000282,306.7506,0.0000,19.9827
PM2.5,61.425000,5.000000,0.000000,-0.000282,307.1256,0.0000,19.9827
PM2.5,61.500000,5.000000,0.000000,-0.000282,307.5006,0.0000,19.9827
PM2.5,61.575000,5.000000,0.000000,-0.000282,307.8756,0.0000,19.9827
PM2.5,61.650000,5.000000,0.000000,-0.000282,308.2506,0.0000,19.9826
PM2.5,61.725000,5.000000,0.000000,-0.000282,308.6256,0.0000,19.9826
PM2.5,61.800000,5.000000,0.000000,-0.000282,309.0006,0.0000,19.9826
PM2.5,61.875000,5.000000,0.000000,-0.000282,309.3756,0.0000,19.9826
PM2.5,61.950000,5.000000,0.000000,-0.000282,309.7506,0.0000,19.9825
PM2.5,62.025000,5.000000,0.000000,-0.000282,310.1256,0.0000,19.9825
PM2.5,62.100000,5.000000,0.000000,-0.000282,310.5006,0.0000,19.9825
PM2.5,62.175000,5.000000,0.000000,-0.000282,310.8756,0.0000,19.9825
PM2.5,62.250000,5.000000,0.000000,-0.000282,311.2506,0.0000,19.9825
PM2.5,62.325000,5.000000,0.000000,-0.000282,311.6256,0.0000,19.9824
PM2.5,62.400000,5.000000,0.000000,-0.000282,312.0006,0.0000,19.9824
PM2.5,62.475000,5.000000,0.000000,-0.000282,312.3756,0.0000,19.9824
PM2.5,62.550000,5.000000,0.000000,-0.000282,312.7506,0.0000,19.9824
PM2.5,62.625000,5.000000,0.000000,-0.000282,313.1256,0.0000,19.9824
PM2.5,62.700000,5.000000,0.000000,-0.000282,313.5006,0.0000,19.9823
PM2.5,62.775000,5.000000,0.000000,-0.000282,313.8756,0.0000,19.9823
PM2.5,62.850000,5.000000,0.000000,-0.000282,314.2506,0.0000,19.9823
PM2.5,62.925000,5.000000,0.000000,-0.000282,314.6256,0.0000,19.9823
PM2.5,63.000000,5.000000,0.000000,-0.000282,315.0006,0.0000,19.9822
PM2.5,63.075000,5.000000,0.000000,-0.000282,315.3756,0.0000,19.9822
PM2.5,63.150000,5.000000,0.000000,-0.000282,315.7506,0.0000,19.9822
PM2.5,63.225000,5.000000,0.000000,-0.000282,316.1256,0.0000,19.9822
PM2.5,63.300000,5.000000,0.000000,-0.000282,316.5006,0.0000,19.9822
PM2.5,63.375000,5.000000,0.000000,-0.000282,316.8756,0.0000,19.9821
PM2.5,63.450000,5.000000,0.000000,-0.000282,317.2506,0.0000,19.9821
PM2.5,63.525000,5.000000,0.000000,-0.000282,317.6256,0.0000,19.9821
PM2.5,63.600000,5.000000,0.000000,-0.000282,318.0006,0.0000,19.9821
PM2.5,63.675000,5.000000,0.000000,-0.000282,318.3756,0.0000,19.9821
PM2.5,63.750000,5.000000,0.000000,-0.000282,318.7506,0.0000,19.9820
PM2.5,63.825000,5.000000,0.000000,-0.000282,319.1256,0.0000,19.9820
PM2.5,63.900000,5.000000,0.000000,-0.000282,319.5006,0.0000,19.9820
PM2.5,63.975000,5.000000,0.000000,-0.000282,319.8756,0.0000,19.9820
PM2.5,64.050000,5.000000,0.000000,-0.000282,320.2506,0.0000,19.9820
PM2.5,64.125000,5.000000,0.000000,-0.000282,320.6256,0.0000,19.9819
PM2.5,64.200000,5.000000,0.000000,-0.000282,321.0006,0.0000,19.9819
PM2.5,64.275000,5.000000,0.000000,-0.000282,321.3756,0.0000,19.9819
PM2.5,64.350000,5.000000,0.000000,-0.000282,321.7506,0.0000,19.9819
PM2.5,64.425000,5.000000,0.000000,-0.000282,322.1256,0.0000,19.9818
PM2.5,64.500000,5.000000,0.000000,-0.000282,322.5006,0.0000,19.9818
PM2.5,64.575000,5.000000,0.000000,-0.000282,322.8756,0.0000,19.9818
PM2.5,64.650000,5.000000,0.000000,-0.000282,323.2506,0.0000,19.9818
PM2.5,64.725000,5.000000,0.000000,-0.000282,323.6256,0.0000,19.9818
PM2.5,64.800000,5.000000,0.000000,-0.000282,324.0006,0.0000,19.9817
PM2.5,64.875000,5.000000,0.000000,-0.000282,324.3756,0.0000,19.9817
PM2.5,64.950000,5.000000,0.000000,-0.000282,324.7506,0.0000,19.9817
PM2.5,65.025000,5.000000,0.000000,-0.000282,325.1256,0.0000,19.9817
PM2.5,65.100000,5.000000,0.000000,-0.000282,325.5006,0.0000,19.9817
PM2.5,65.175000,5.000000,0.000000,-0.000282,325.8756,0.0000,19.9816
PM2.5,65.250000,5.000000,0.000000,-0.000282,326.2506,0.0000,19.9816
PM2.5,65.325000,5.000000,0.000000,-0.000282,326.6256,0.0000,19.9816
PM2.5,65.400000,5.000000,0.000000,-0.000282,327.0006,0.0000,19.9816
PM2.5,65.475000,5.000000,0.000000,-0.000282,327.3756,0.0000,19.9816
PM2.5,65.550000,5.000000,0.000000,-0.000282,327.7506,0.0000,19.9815
PM2.5,65.625000,5.000000,0.000000,-0.000282,328.1256,0.0000,19.9815
PM2.5,65.700000,5.000000,0.000000,-0.000282,328.5006,0.0000,19.9815
PM2.5,65.775000,5.000000,0.000000,-0.000282,328.8756,0.0000,19.9815
PM2.5,65.850000,5.000000,0.000000,-0.000282,329.2506,0.0000,19.9814
PM2.5,65.925000,5.000000,0.000000,-0.000282,329.6256,0.0000,19.9814
PM2.5,66.000000,5.000000,0.000000,-0.000282,330.0006,0.0000,19.9814
PM2.5,66.075000,5.000000,0.000000,-0.000282,330.3756,0.0000,19.9814
PM2.5,66.150000,5.000000,0.000000,-0.000282,330.7506,0.0000,19.9814
PM2.5,66.225000,5.000000,0.000000,-0.000282,331.1256,0.0000,19.9813
PM2.5,66.300000,5.000000,0.000000,-0.000282,331.5006,0.0000,19.9813
PM2.5,66.375000,5.000000,0.000000,-0.000282,331.8756,0.0000,19.9813
PM2.5,66.450000,5.000000,0.000000,-0.000282,332.2506,0.0000,19.9813
PM2.5,66.525000,5.000000,0.000000,-0.000282,332.6256,0.0000,19.9813
PM2.5,66.600000,5.000000,0.000000,-0.000282,333.0006,0.0000,19.9812
PM2.5,66.675000,5.000000,0.000000,-0.000282,333.3756,0.0000,19.9812
PM2.5,66.750000,5.000000,0.000000,-0.000282,333.7506,0.0000,19.9812
PM2.5,66.825000,5.000000,0.000000,-0.000282,334.1256,0.0000,19.9812
PM2.5,66.900000,5.000000,0.000000,-0.000282,334.5006,0.0000,19.9811
PM2.5,66.975000,5.000000,0.000000,-0.000282,334.8756,0.0000,19.9811
PM2.5,67.050000,5.000000,0.000000,-0.000282,335.2506,0.0000,19.9811
PM2.5,67.125000,5.000000,0.000000,-0.000282,335.6256,0.0000,19.9811
PM2.5,67.200000,5.000000,0.000000,-0.000282,336.0006,0.0000,19.9811
PM2.5,67.275000,5.000000,0.000000,-0.000282,336.3756,0.0000,19.9810
PM2.5,67.350000,5.000000,0.000000,-0.000282,336.7506,0.0000,19.9810
PM2.5,67.425000,5.000000,0.000000,-0.000282,337.1256,0.0000,19.9810
PM2.5,67.500000,5.000000,0.000000,-0.000282,337.5006,0.0000,19.9810
PM2.5,67.575000,5.000000,0.000000,-0.000282,337.8756,0.0000,19.9810
PM2.5,67.650000,5.000000,0.000000,-0.000282,338.2506,0.0000,19.9809
PM2.5,67.725000,5.000000,0.000000,-0.000282,338.6256,0.0000,19.9809
PM2.5,67.800000,5.000000,0.000000,-0.000282,339.0006,0.0000,19.9809
PM2.5,67.875000,5.000000,0.000000,-0.000282,339.3756,0.0000,19.9809
PM2.5,67.950000,5.000000,0.000000,-0.000282,339.7506,0.0000,19.9809
PM2.5,68.025000,5.000000,0.000000,-0.000282,340.1256,0.0000,19.9808
PM2.5,68.100000,5.000000,0.000000,-0.000282,340.5006,0.0000,19.9808
PM2.5,68.175000,5.000000,0.000000,-0.000282,340.8756,0.0000,19.9808
PM2.5,68.250000,5.000000,0.000000,-0.000282,341.2506,0.0000,19.9808
PM2.5,68.325000,5.000000,0.000000,-0.000282,341.6256,0.0000,19.9807
PM2.5,68.400000,5.000000,0.000000,-0.000282,342.0006,0.0000,19.9807
PM2.5,68.475000,5.000000,0.000000,-0.000282,342.3756,0.0000,19.9807
PM2.5,68.550000,5.000000,0.000000,-0.000282,342.7506,0.0000,19.9807
PM2.5,68.625000,5.000000,0.000000,-0.000282,343.1256,0.0000,19.9807
PM2.5,68.700000,5.000000,0.000000,-0.000282,343.5006,0.0000,19.9806
PM2.5,68.775000,5.000000,0.000000,-0.000282,343.8756,0.0000,19.9806
PM2.5,68.850000,5.000000,0.000000,-0.000282,344.2506,0.0000,19.9806
PM2.5,68.925000,5.000000,0.000000,-0.000282,344.6256,0.0000,19.9806
PM2.5,69.000000,5.000000,0.000000,-0.000282,345.0006,0.0000,19.9806
PM2.5,69.075000,5.000000,0.000000,-0.000282,345.3756,0.0000,19.9805
PM2.5,69.150000,5.000000,0.000000,-0.000282,345.7506,0.0000,19.9805
PM2.5,69.225000,5.000000,0.000000,-0.000282,346.1256,0.0000,19.9805
PM2.5,69.300000,5.000000,0.000000,-0.000282,346.5006,0.0000,19.9805
PM2.5,69.375000,5.000000,0.000000,-0.000282,346.8756,0.0000,19.9805
PM2.5,69.450000,5.000000,0.000000,-0.000282,347.2506,0.0000,19.9804
PM2.5,69.525000,5.000000,0.000000,-0.000282,347.6256,0.0000,19.9804
PM2.5,69.600000,5.000000,0.000000,-0.000282,348.0006,0.0000,19.9804
PM2.5,69.675000,5.000000,0.000000,-0.000282,348.3756,0.0000,19.9804
PM2.5,69.750000,5.000000,0.000000,-0.000282,348.7506,0.0000,19.9803
PM2.5,69.825000,5.000000,0.000000,-0.000282,349.1256,0.0000,19.9803
PM2.5,69.900000,5.000000,0.000000,-0.000282,349.5006,0.0000,19.9803
PM2.5,69.975000,5.000000,0.000000,-0.000282,349.8756,0.0000,19.9803
PM2.5,70.050000,5.000000,0.000000,-0.000282,350.2506,0.0000,19.9803
PM2.5,70.125000,5.000000,0.000000,-0.000282,350.6256,0.0000,19.9802
PM2.5,70.200000,5.000000,0.000000,-0.000282,351.0006,0.0000,19.9802
PM2.5,70.275000,5.000000,0.000000,-0.000282,351.3756,0.0000,19.9802
PM2.5,70.350000,5.000000,0.000000,-0.000282,351.7506,0.0000,19.9802
PM2.5,70.425000,5.000000,0.000000,-0.000282,352.1256,0.0000,19.9802
PM2.5,70.500000,5.000000,0.000000,-0.000282,352.5006,0.0000,19.9801
PM2.5,70.575000,5.000000,0.000000,-0.000282,352.8756,0.0000,19.9801
PM2.5,70.650000,5.000000,0.000000,-0.000282,353.2506,0.0000,19.9801
PM2.5,70.725000,5.000000,0.000000,-0.000282,353.6256,0.0000,19.9801
PM2.5,70.800000,5.000000,0.000000,-0.000282,354.0006,0.0000,19.9801
PM2.5,70.875000,5.000000,0.000000,-0.000282,354.3756,0.0000,19.9800
PM2.5,70.950000,5.000000,0.000000,-0.000282,354.7506,0.0000,19.9800
PM2.5,71.025000,5.000000,0.000000,-0.000282,355.1256,0.0000,19.9800
PM2.5,71.100000,5.000000,0.000000,-0.000282,355.5006,0.0000,19.9800
PM2.5,71.175000,5.000000,0.000000,-0.000282,355.8756,0.0000,19.9799
PM2.5,71.250000,5.000000,0.000000,-0.000282,356.2506,0.0000,19.9799
PM2.5,71.325000,5.000000,0.000000,-0.000282,356.6256,0.0000,19.9799
PM2.5,71.400000,5.000000,0.000000,-0.000282,357.0006,0.0000,19.9799
PM2.5,71.475000,5.000000,0.000000,-0.000282,357.3756,0.0000,19.9799
PM2.5,71.550000,5.000000,0.000000,-0.000282,357.7506,0.0000,19.9798
PM2.5,71.625000,5.000000,0.000000,-0.000282,358.1256,0.0000,19.9798
PM2.5,71.700000,5.000000,0.000000,-0.000282,358.5006,0.0000,19.9798
PM2.5,71.775000,5.000000,0.000000,-0.000282,358.8756,0.0000,19.9798
PM2.5,71.850000,5.000000,0.000000,-0.000282,359.2506,0.0000,19.9798
PM2.5,71.925000,5.000000,0.000000,-0.000282,359.6256,0.0000,19.9797
PM2.5,72.000000,5.000000,0.000000,-0.000282,360.0006,0.0000,19.9797
PM2.5,72.075000,5.000000,0.000000,-0.000282,360.3756,0.0000,19.9797
PM2.5,72.150000,5.000000,0.000000,-0.000282,360.7506,0.0000,19.9797
PM2.5,72.225000,5.000000,0.000000,-0.000282,361.1256,0.0000,19.9796
PM2.5,72.300000,5.000000,0.000000,-0.000282,361.5006,0.0000,19.9796
PM2.5,72.375000,5.000000,0.000000,-0.000282,361.8756,0.0000,19.9796
PM2.5,72.450000,5.000000,0.000000,-0.000282,362.2506,0.0000,19.9796
PM2.5,72.525000,5.000000,0.000000,-0.000282,362.6256,0.0000,19.9796
PM2.5,72.600000,5.000000,0.000000,-0.000282,363.0006,0.0000,19.9795
PM2.5,72.675000,5.000000,0.000000,-0.000282,363.3756,0.0000,19.9795
PM2.5,72.750000,5.000000,0.000000,-0.000282,363.7506,0.0000,19.9795
PM2.5,72.825000,5.000000,0.000000,-0.000282,364.1256,0.0000,19.9795
PM2.5,72.900000,5.000000,0.000000,-0.000282,364.5006,0.0000,19.9795
PM2.5,72.975000,5.000000,0.000000,-0.000282,364.8756,0.0000,19.9794
PM2.5,73.050000,5.000000,0.000000,-0.000282,365.2506,0.0000,19.9794
PM2.5,73.125000,5.000000,0.000000,-0.000282,365.6256,0.0000,19.9794
PM2.5,73.200000,5.000000,0.000000,-0.000282,366.0006,0.0000,19.9794
PM2.5,73.275000,5.000000,0.000000,-0.000282,366.3756,0.0000,19.9794
PM2.5,73.350000,5.000000,0.000000,-0.000282,366.7506,0.0000,19.9793
PM2.5,73.425000,5.000000,0.000000,-0.000282,367.1256,0.0000,19.9793
PM2.5,73.500000,5.000000,0.000000,-0.000282,367.5006,0.0000,19.9793
PM2.5,73.575000,5.000000,0.000000,-0.000282,367.8756,0.0000,19.9793
PM2.5,73.650000,5.000000,0.000000,-0.000282,368.2506,0.0000,19.9792
PM2.5,73.725000,5.000000,0.000000,-0.000282,368.6256,0.0000,19.9792
PM2.5,73.800000,5.000000,0.000000,-0.000282,369.0006,0.0000,19.9792
PM2.5,73.875000,5.000000,0.000000,-0.000282,369.3756,0.0000,19.9792
PM2.5,73.950000,5.000000,0.000000,-0.000282,369.7506,0.0000,19.9792
PM2.5,74.025000,5.000000,0.000000,-0.000282,370.1256,0.0000,19.9791
PM2.5,74.100000,5.000000,0.000000,-0.000282,370.5006,0.0000,19.9791
PM2.5,74.175000,5.000000,0.000000,-0.000282,370.8756,0.0000,19.9791
PM2.5,74.250000,5.000000,0.000000,-0.000282,371.2506,0.0000,19.9791
PM2.5,74.325000,5.000000,0.000000,-0.000282,371.6256,0.0000,19.9791
PM2.5,74.400000,5.000000,0.000000,-0.000282,372.0006,0.0000,19.9790
PM2.5,74.475000,5.000000,0.000000,-0.000282,372.3756,0.0000,19.9790
PM2.5,74.550000,5.000000,0.000000,-0.000282,372.7506,0.0000,19.9790
PM2.5,74.625000,5.000000,0.000000,-0.000282,373.1256,0.0000,19.9790
PM2.5,74.700000,5.000000,0.000000,-0.000282,373.5006,0.0000,19.9790
PM2.5,74.775000,5.000000,0.000000,-0.000282,373.8756,0.0000,19.9789
PM2.5,74.850000,5.000000,0.000000,-0.000282,374.2506,0.0000,19.9789
PM2.5,74.925000,5.000000,0.000000,-0.000282,374.6256,0.0000,19.9789
PM2.5,75.000000,5.000000,0.000000,-0.000282,375.0006,0.0000,19.9789
PM2.5,75.075000,5.000000,0.000000,-0.000282,375.3756,0.0000,19.9788
PM2.5,75.150000,5.000000,0.000000,-0.000282,375.7506,0.0000,19.9788
PM2.5,75.225000,5.000000,0.000000,-0.000282,376.1256,0.0000,19.9788
PM2.5,75.300000,5.000000,0.000000,-0.000282,376.5006,0.0000,19.9788
PM2.5,75.375000,5.000000,0.000000,-0.000282,376.8756,0.0000,19.9788
PM2.5,75.450000,5.000000,0.000000,-0.000282,377.2506,0.0000,19.9787
PM2.5,75.525000,5.000000,0.000000,-0.000282,377.6256,0.0000,19.9787
PM2.5,75.600000,5.000000,0.000000,-0.000282,378.0006,0.0000,19.9787
PM2.5,75.675000,5.000000,0.000000,-0.000282,378.3756,0.0000,19.9787
PM2.5,75.750000,5.000000,0.000000,-0.000282,378.7506,0.0000,19.9787
PM2.5,75.825000,5.000000,0.000000,-0.000282,379.1256,0.0000,19.9786
PM2.5,75.900000,5.000000,0.000000,-0.000282,379.5006,0.0000,19.9786
PM2.5,75.975000,5.000000,0.000000,-0.000282,379.8756,0.0000,19.9786
PM2.5,76.050000,5.000000,0.000000,-0.000282,380.2506,0.0000,19.9786
PM2.5,76.125000,5.000000,0.000000,-0.000282,380.6256,0.0000,19.9786
PM2.5,76.200000,5.000000,0.000000,-0.000282,381.0006,0.0000,19.9785
PM2.5,76.275000,5.000000,0.000000,-0.000282,381.3756,0.0000,19.9785
PM2.5,76.350000,5.000000,0.000000,-0.000282,381.7506,0.0000,19.9785
PM2.5,76.425000,5.000000,0.000000,-0.000282,382.1256,0.0000,19.9785
PM2.5,76.500000,5.000000,0.000000,-0.000282,382.5006,0.0000,19.9784
PM2.5,76.575000,5.000000,0.000000,-0.000282,382.8756,0.0000,19.9784
PM2.5,76.650000,5.000000,0.000000,-0.000282,383.2506,0.0000,19.9784
PM2.5,76.725000,5.000000,0.000000,-0.000282,383.6256,0.0000,19.9784
PM2.5,76.800000,5.000000,0.000000,-0.000282,384.0006,0.0000,19.9784
PM2.5,76.875000,5.000000,0.000000,-0.000282,384.3756,0.0000,19.9783
PM2.5,76.950000,5.000000,0.000000,-0.000282,384.7506,0.0000,19.9783
PM2.5,77.025000,5.000000,0.000000,-0.000282,385.1256,0.0000,19.9783
PM2.5,77.100000,5.000000,0.000000,-0.000282,385.5006,0.0000,19.9783
PM2.5,77.175000,5.000000,0.000000,-0.000282,385.8756,0.0000,19.9783
PM2.5,77.250000,5.000000,0.000000,-0.000282,386.2506,0.0000,19.9782
PM2.5,77.325000,5.000000,0.000000,-0.000282,386.6256,0.0000,19.9782
PM2.5,77.400000,5.000000,0.000000,-0.000282,387.0006,0.0000,19.9782
PM2.5,77.475000,5.000000,0.000000,-0.000282,387.3756,0.0000,19.9782
PM2.5,77.550000,5.000000,0.000000,-0.000282,387.7506,0.0000,19.9781
PM2.5,77.625000,5.000000,0.000000,-0.000282,388.1256,0.0000,19.9781
PM2.5,77.700000,5.000000,0.000000,-0.000282,388.5006,0.0000,19.9781
PM2.5,77.775000,5.000000,0.000000,-0.000282,388.8756,0.0000,19.9781
PM2.5,77.850000,5.000000,0.000000,-0.000282,389.2506,0.0000,19.9781
PM2.5,77.925000,5.000000,0.000000,-0.000282,389.6256,0.0000,19.9780
PM2.5,78.000000,5.000000,0.000000,-0.000282,390.0006,0.0000,19.9780
PM2.5,78.075000,5.000000,0.000000,-0.000282,390.3756,0.0000,19.9780
PM2.5,78.150000,5.000000,0.000000,-0.000282,390.7506,0.0000,19.9780
PM2.5,78.225000,5.000000,0.000000,-0.000282,391.1256,0.0000,19.9780
PM2.5,78.300000,5.000000,0.000000,-0.000282,391.5006,0.0000,19.9779
PM2.5,78.375000,5.000000,0.000000,-0.000282,391.8756,0.0000,19.9779
PM2.5,78.450000,5.000000,0.000000,-0.000282,392.2506,0.0000,19.9779
PM2.5,78.525000,5.000000,0.000000,-0.000282,392.6256,0.0000,19.9779
PM2.5,78.600000,5.000000,0.000000,-0.000282,393.0006,0.0000,19.9779
PM2.5,78.675000,5.000000,0.000000,-0.000282,393.3756,0.0000,19.9778
PM2.5,78.750000,5.000000,0.000000,-0.000282,393.7506,0.0000,19.9778
PM2.5,78.825000,5.000000,0.000000,-0.000282,394.1256,0.0000,19.9778
PM2.5,78.900000,5.000000,0.000000,-0.000282,394.5006,0.0000,19.9778
PM2.5,78.975000,5.000000,0.000000,-0.000282,394.8756,0.0000,19.9777
PM2.5,79.050000,5.000000,0.000000,-0.000282,395.2506,0.0000,19.9777
PM2.5,79.125000,5.000000,0.000000,-0.000282,395.6256,0.0000,19.9777
PM2.5,79.200000,5.000000,0.000000,-0.000282,396.0006,0.0000,19.9777
PM2.5,79.275000,5.000000,0.000000,-0.000282,396.3756,0.0000,19.9777
PM2.5,79.350000,5.000000,0.000000,-0.000282,396.7506,0.0000,19.9776
PM2.5,79.425000,5.000000,0.000000,-0.000282,397.1256,0.0000,19.9776
PM2.5,79.500000,5.000000,0.000000,-0.000282,397.5006,0.0000,19.9776
PM2.5,79.575000,5.000000,0.000000,-0.000282,397.8756,0.0000,19.9776
PM2.5,79.650000,5.000000,0.000000,-0.000282,398.2506,0.0000,19.9776
PM2.5,79.725000,5.000000,0.000000,-0.000282,398.6256,0.0000,19.9775
PM2.5,79.800000,5.000000,0.000000,-0.000282,399.0006,0.0000,19.9775
PM2.5,79.875000,5.000000,0.000000,-0.000282,399.3756,0.0000,19.9775
PM2.5,79.950000,5.000000,0.000000,-0.000282,399.7506,0.0000,19.9775
PM2.5,80.025000,5.000000,0.000000,-0.000282,400.1256,0.0000,19.9775
PM2.5,80.100000,5.000000,0.000000,-0.000282,400.5006,0.0000,19.9774
PM2.5,80.175000,5.000000,0.000000,-0.000282,400.8756,0.0000,19.9774
PM2.5,80.250000,5.000000,0.000000,-0.000282,401.2506,0.0000,19.9774
PM2.5,80.325000,5.000000,0.000000,-0.000282,401.6256,0.0000,19.9774
PM2.5,80.400000,5.000000,0.000000,-0.000282,402.0006,0.0000,19.9773
PM2.5,80.475000,5.000000,0.000000,-0.000282,402.3756,0.0000,19.9773
PM2.5,80.550000,5.000000,0.000000,-0.000282,402.7506,0.0000,19.9773
PM2.5,80.625000,5.000000,0.000000,-0.000282,403.1256,0.0000,19.9773
PM2.5,80.700000,5.000000,0.000000,-0.000282,403.5006,0.0000,19.9773
PM2.5,80.775000,5.000000,0.000000,-0.000282,403.8756,0.0000,19.9772
PM2.5,80.850000,5.000000,0.000000,-0.000282,404.2506,0.0000,19.9772
PM2.5,80.925000,5.000000,0.000000,-0.000282,404.6256,0.0000,19.9772
PM2.5,81.000000,5.000000,0.000000,-0.000282,405.0006,0.0000,19.9772
PM2.5,81.075000,5.000000,0.000000,-0.000282,405.3756,0.0000,19.9772
PM2.5,81.150000,5.000000,0.000000,-0.000282,405.7506,0.0000,19.9771
PM2.5,81.225000,5.000000,0.000000,-0.000282,406.1256,0.0000,19.9771
PM2.5,81.300000,5.000000,0.000000,-0.000282,406.5006,0.0000,19.9771
PM2.5,81.375000,5.000000,0.000000,-0.000282,406.8756,0.0000,19.9771
PM2.5,81.450000,5.000000,0.000000,-0.000282,407.2506,0.0000,19.9770
PM2.5,81.525000,5.000000,0.000000,-0.000282,407.6256,0.0000,19.9770
PM2.5,81.600000,5.000000,0.000000,-0.000282,408.0006,0.0000,19.9770
PM2.5,81.675000,5.000000,0.000000,-0.000282,408.3756,0.0000,19.9770
PM2.5,81.750000,5.000000,0.000000,-0.000282,408.7506,0.0000,19.9770
PM2.5,81.825000,5.000000,0.000000,-0.000282,409.1256,0.0000,19.9769
PM2.5,81.900000,5.000000,0.000000,-0.000282,409.5006,0.0000,19.9769
PM2.5,81.975000,5.000000,0.000000,-0.000282,409.8756,0.0000,19.9769
PM2.5,82.050000,5.000000,0.000000,-0.000282,410.2506,0.0000,19.9769
PM2.5,82.125000,5.000000,0.000000,-0.000282,410.6256,0.0000,19.9769
PM2.5,82.200000,5.000000,0.000000,-0.000282,411.0006,0.0000,19.9768
PM2.5,82.275000,5.000000,0.000000,-0.000282,411.3756,0.0000,19.9768
PM2.5,82.350000,5.000000,0.000000,-0.000282,411.7506,0.0000,19.9768
PM2.5,82.425000,5.000000,0.000000,-0.000282,412.1256,0.0000,19.9768
PM2.5,82.500000,5.000000,0.000000,-0.000282,412.5006,0.0000,19.9768
PM2.5,82.575000,5.000000,0.000000,-0.000282,412.8756,0.0000,19.9767
PM2.5,82.650000,5.000000,0.000000,-0.000282,413.2506,0.0000,19.9767
PM2.5,82.725000,5.000000,0.000000,-0.000282,413.6256,0.0000,19.9767
PM2.5,82.800000,5.000000,0.000000,-0.000282,414.0006,0.0000,19.9767
PM2.5,82.875000,5.000000,0.000000,-0.000282,414.3756,0.0000,19.9766
PM2.5,82.950000,5.000000,0.000000,-0.000282,414.7506,0.0000,19.9766
PM2.5,83.025000,5.000000,0.000000,-0.000282,415.1256,0.0000,19.9766
PM2.5,83.100000,5.000000,0.000000,-0.000282,415.5006,0.0000,19.9766
PM2.5,83.175000,5.000000,0.000000,-0.000282,415.8756,0.0000,19.9766
PM2.5,83.250000,5.000000,0.000000,-0.000282,416.2506,0.0000,19.9765
PM2.5,83.325000,5.000000,0.000000,-0.000282,416.6256,0.0000,19.9765
PM2.5,83.400000,5.000000,0.000000,-0.000282,417.0006,0.0000,19.9765
PM2.5,83.475000,5.000000,0.000000,-0.000282,417.3756,0.0000,19.9765
PM2.5,83.550000,5.000000,0.000000,-0.000282,417.7506,0.0000,19.9765
PM2.5,83.625000,5.000000,0.000000,-0.000282,418.1256,0.0000,19.9764
PM2.5,83.700000,5.000000,0.000000,-0.000282,418.5006,0.0000,19.9764
PM2.5,83.775000,5.000000,0.000000,-0.000282,418.8756,0.0000,19.9764
PM2.5,83.850000,5.000000,0.000000,-0.000282,419.2506,0.0000,19.9764
PM2.5,83.925000,5.000000,0.000000,-0.000282,419.6256,0.0000,19.9764
PM2.5,84.000000,5.000000,0.000000,-0.000282,420.0006,0.0000,19.9763
PM2.5,84.075000,5.000000,0.000000,-0.000282,420.3756,0.0000,19.9763
PM2.5,84.150000,5.000000,0.000000,-0.000282,420.7506,0.0000,19.9763
PM2.5,84.225000,5.000000,0.000000,-0.000282,421.1256,0.0000,19.9763
PM2.5,84.300000,5.000000,0.000000,-0.000282,421.5006,0.0000,19.9762
PM2.5,84.375000,5.000000,0.000000,-0.000282,421.8756,0.0000,19.9762
PM2.5,84.450000,5.000000,0.000000,-0.000282,422.2506,0.0000,19.9762
PM2.5,84.525000,5.000000,0.000000,-0.000282,422.6256,0.0000,19.9762
PM2.5,84.600000,5.000000,0.000000,-0.000282,423.0006,0.0000,19.9762
PM2.5,84.675000,5.000000,0.000000,-0.000282,423.3756,0.0000,19.9761
PM2.5,84.750000,5.000000,0.000000,-0.000282,423.7506,0.0000,19.9761
PM2.5,84.825000,5.000000,0.000000,-0.000282,424.1256,0.0000,19.9761
PM2.5,84.900000,5.000000,0.000000,-0.000282,424.5006,0.0000,19.9761
PM2.5,84.975000,5.000000,0.000000,-0.000282,424.8756,0.0000,19.9761
PM2.5,85.050000,5.000000,0.000000,-0.000282,425.2506,0.0000,19.9760
PM2.5,85.125000,5.000000,0.000000,-0.000282,425.6256,0.0000,19.9760
PM2.5,85.200000,5.000000,0.000000,-0.000282,426.0006,0.0000,19.9760
PM2.5,85.275000,5.000000,0.000000,-0.000282,426.3756,0.0000,19.9760
PM2.5,85.350000,5.000000,0.000000,-0.000282,426.7506,0.0000,19.9760
PM2.5,85.425000,5.000000,0.000000,-0.000282,427.1256,0.0000,19.9759
PM2.5,85.500000,5.000000,0.000000,-0.000282,427.5006,0.0000,19.9759
PM2.5,85.575000,5.000000,0.000000,-0.000282,427.8756,0.0000,19.9759
PM2.5,85.650000,5.000000,0.000000,-0.000282,428.2506,0.0000,19.9759
PM2.5,85.725000,5.000000,0.000000,-0.000282,428.6256,0.0000,19.9758
PM2.5,85.800000,5.000000,0.000000,-0.000282,429.0006,0.0000,19.9758
PM2.5,85.875000,5.000000,0.000000,-0.000282,429.3756,0.0000,19.9758
PM2.5,85.950000,5.000000,0.000000,-0.000282,429.7506,0.0000,19.9758
PM2.5,86.025000,5.000000,0.000000,-0.000282,430.1256,0.0000,19.9758
PM2.5,86.100000,5.000000,0.000000,-0.000282,430.5006,0.0000,19.9757
PM2.5,86.175000,5.000000,0.000000,-0.000282,430.8756,0.0000,19.9757
PM2.5,86.250000,5.000000,0.000000,-0.000282,431.2506,0.0000,19.9757
PM2.5,86.325000,5.000000,0.000000,-0.000282,431.6256,0.0000,19.9757
PM2.5,86.400000,5.000000,0.000000,-0.000282,432.0006,0.0000,19.9757
PM2.5,86.475000,5.000000,0.000000,-0.000282,432.3756,0.0000,19.9756
PM2.5,86.550000,5.000000,0.000000,-0.000282,432.7506,0.0000,19.9756
PM2.5,86.625000,5.000000,0.000000,-0.000282,433.1256,0.0000,19.9756
PM2.5,86.700000,5.000000,0.000000,-0.000282,433.5006,0.0000,19.9756
PM2.5,86.775000,5.000000,0.000000,-0.000282,433.8756,0.0000,19.9755
PM2.5,86.850000,5.000000,0.000000,-0.000282,434.2506,0.0000,19.9755
PM2.5,86.925000,5.000000,0.000000,-0.000282,434.6256,0.0000,19.9755
PM2.5,87.000000,5.000000,0.000000,-0.000282,435.0006,0.0000,19.9755
PM2.5,87.075000,5.000000,0.000000,-0.000282,435.3756,0.0000,19.9755
PM2.5,87.150000,5.000000,0.000000,-0.000282,435.7506,0.0000,19.9754
PM2.5,87.225000,5.000000,0.000000,-0.000282,436.1256,0.0000,19.9754
PM2.5,87.300000,5.000000,0.000000,-0.000282,436.5006,0.0000,19.9754
PM2.5,87.375000,5.000000,0.000000,-0.000282,436.8756,0.0000,19.9754
PM2.5,87.450000,5.000000,0.000000,-0.000282,437.2506,0.0000,19.9754
PM2.5,87.525000,5.000000,0.000000,-0.000282,437.6256,0.0000,19.9753
PM2.5,87.600000,5.000000,0.000000,-0.000282,438.0006,0.0000,19.9753
PM2.5,87.675000,5.000000,0.000000,-0.000282,438.3756,0.0000,19.9753
PM2.5,87.750000,5.000000,0.000000,-0.000282,438.7506,0.0000,19.9753
PM2.5,87.825000,5.000000,0.000000,-0.000282,439.1256,0.0000,19.9753
PM2.5,87.900000,5.000000,0.000000,-0.000282,439.5006,0.0000,19.9752
PM2.5,87.975000,5.000000,0.000000,-0.000282,439.8756,0.0000,19.9752
PM2.5,88.050000,5.000000,0.000000,-0.000282,440.2506,0.0000,19.9752
PM2.5,88.125000,5.000000,0.000000,-0.000282,440.6256,0.0000,19.9752
PM2.5,88.200000,5.000000,0.000000,-0.000282,441.0006,0.0000,19.9751
PM2.5,88.275000,5.000000,0.000000,-0.000282,441.3756,0.0000,19.9751
PM2.5,88.350000,5.000000,0.000000,-0.000282,441.7506,0.0000,19.9751
PM2.5,88.425000,5.000000,0.000000,-0.000282,442.1256,0.0000,19.9751
PM2.5,88.500000,5.000000,0.000000,-0.000282,442.5006,0.0000,19.9751
PM2.5,88.575000,5.000000,0.000000,-0.000282,442.8756,0.0000,19.9750
PM2.5,88.650000,5.000000,0.000000,-0.000282,443.2506,0.0000,19.9750
PM2.5,88.725000,5.000000,0.000000,-0.000282,443.6256,0.0000,19.9750
PM2.5,88.800000,5.000000,0.000000,-0.000282,444.0006,0.0000,19.9750
PM2.5,88.875000,5.000000,0.000000,-0.000282,444.3756,0.0000,19.9750
PM2.5,88.950000,5.000000,0.000000,-0.000282,444.7506,0.0000,19.9749
PM2.5,89.025000,5.000000,0.000000,-0.000282,445.1256,0.0000,19.9749
PM2.5,89.100000,5.000000,0.000000,-0.000282,445.5006,0.0000,19.9749
PM2.5,89.175000,5.000000,0.000000,-0.000282,445.8756,0.0000,19.9749
PM2.5,89.250000,5.000000,0.000000,-0.000282,446.2506,0.0000,19.9749
PM2.5,89.325000,5.000000,0.000000,-0.000282,446.6256,0.0000,19.9748
PM2.5,89.400000,5.000000,0.000000,-0.000282,447.0006,0.0000,19.9748
PM2.5,89.475000,5.000000,0.000000,-0.000282,447.3756,0.0000,19.9748
PM2.5,89.550000,5.000000,0.000000,-0.000282,447.7506,0.0000,19.9748
PM2.5,89.625000,5.000000,0.000000,-0.000282,448.1256,0.0000,19.9747
PM2.5,89.700000,5.000000,0.000000,-0.000282,448.5006,0.0000,19.9747
PM2.5,89.775000,5.000000,0.000000,-0.000282,448.8756,0.0000,19.9747
PM2.5,89.850000,5.000000,0.000000,-0.000282,449.2506,0.0000,19.9747
PM2.5,89.925000,5.000000,0.000000,-0.000282,449.6256,0.0000,19.9747
PM2.5,90.000000,5.000000,0.000000,-0.000282,450.0006,0.0000,19.9746
PM2.5,90.075000,5.000000,0.000000,-0.000282,450.3756,0.0000,19.9746
PM2.5,90.150000,5.000000,0.000000,-0.000282,450.7506,0.0000,19.9746
PM2.5,90.225000,5.000000,0.000000,-0.000282,451.1256,0.0000,19.9746
PM2.5,90.300000,5.000000,0.000000,-0.000282,451.5006,0.0000,19.9746
PM2.5,90.375000,5.000000,0.000000,-0.000282,451.8756,0.0000,19.9745
PM2.5,90.450000,5.000000,0.000000,-0.000282,452.2506,0.0000,19.9745
PM2.5,90.525000,5.000000,0.000000,-0.000282,452.6256,0.0000,19.9745
PM2.5,90.600000,5.000000,0.000000,-0.000282,453.0006,0.0000,19.9745
PM2.5,90.675000,5.000000,0.000000,-0.000282,453.3756,0.0000,19.9745
PM2.5,90.750000,5.000000,0.000000,-0.000282,453.7506,0.0000,19.9744
PM2.5,90.825000,5.000000,0.000000,-0.000282,454.1256,0.0000,19.9744
PM2.5,90.900000,5.000000,0.000000,-0.000282,454.5006,0.0000,19.9744
PM2.5,90.975000,5.000000,0.000000,-0.000282,454.8756,0.0000,19.9744
PM2.5,91.050000,5.000000,0.000000,-0.000282,455.2506,0.0000,19.9743
PM2.5,91.125000,5.000000,0.000000,-0.000282,455.6256,0.0000,19.9743
PM2.5,91.200000,5.000000,0.000000,-0.000282,456.0006,0.0000,19.9743
PM2.5,91.275000,5.000000,0.000000,-0.000282,456.3756,0.0000,19.9743
PM2.5,91.350000,5.000000,0.000000,-0.000282,456.7506,0.0000,19.9743
PM2.5,91.425000,5.000000,0.000000,-0.000282,457.1256,0.0000,19.9742
PM2.5,91.500000,5.000000,0.000000,-0.000282,457.5006,0.0000,19.9742
PM2.5,91.575000,5.000000,0.000000,-0.000282,457.8756,0.0000,19.9742
PM2.5,91.650000,5.000000,0.000000,-0.000282,458.2506,0.0000,19.9742
PM2.5,91.725000,5.000000,0.000000,-0.000282,458.6256,0.0000,19.9742
PM2.5,91.800000,5.000000,0.000000,-0.000282,459.0006,0.0000,19.9741
PM2.5,91.875000,5.000000,0.000000,-0.000282,459.3756,0.0000,19.9741
PM2.5,91.950000,5.000000,0.000000,-0.000282,459.7506,0.0000,19.9741
PM2.5,92.025000,5.000000,0.000000,-0.000282,460.1256,0.0000,19.9741
PM2.5,92.100000,5.000000,0.000000,-0.000282,460.5006,0.0000,19.9740
PM2.5,92.175000,5.000000,0.000000,-0.000282,460.8756,0.0000,19.9740
PM2.5,92.250000,5.000000,0.000000,-0.000282,461.2506,0.0000,19.9740
PM2.5,92.325000,5.000000,0.000000,-0.000282,461.6256,0.0000,19.9740
PM2.5,92.400000,5.000000,0.000000,-0.000282,462.0006,0.0000,19.9740
PM2.5,92.475000,5.000000,0.000000,-0.000282,462.3756,0.0000,19.9739
PM2.5,92.550000,5.000000,0.000000,-0.000282,462.7506,0.0000,19.9739
PM2.5,92.625000,5.000000,0.000000,-0.000282,463.1256,0.0000,19.9739
PM2.5,92.700000,5.000000,0.000000,-0.000282,463.5006,0.0000,19.9739
PM2.5,92.775000,5.000000,0.000000,-0.000282,463.8756,0.0000,19.9739
PM2.5,92.850000,5.000000,0.000000,-0.000282,464.2506,0.0000,19.9738
PM2.5,92.925000,5.000000,0.000000,-0.000282,464.6256,0.0000,19.9738
PM2.5,93.000000,5.000000,0.000000,-0.000282,465.0006,0.0000,19.9738
PM2.5,93.075000,5.000000,0.000000,-0.000282,465.3756,0.0000,19.9738
PM2.5,93.150000,5.000000,0.000000,-0.000282,465.7506,0.0000,19.9738
PM2.5,93.225000,5.000000,0.000000,-0.000282,466.1256,0.0000,19.9737
PM2.5,93.300000,5.000000,0.000000,-0.000282,466.5006,0.0000,19.9737
PM2.5,93.375000,5.000000,0.000000,-0.000282,466.8756,0.0000,19.9737
PM2.5,93.450000,5.000000,0.000000,-0.000282,467.2506,0.0000,19.9737
PM2.5,93.525000,5.000000,0.000000,-0.000282,467.6256,0.0000,19.9736
PM2.5,93.600000,5.000000,0.000000,-0.000282,468.0006,0.0000,19.9736
PM2.5,93.675000,5.000000,0.000000,-0.000282,468.3756,0.0000,19.9736
PM2.5,93.750000,5.000000,0.000000,-0.000282,468.7506,0.0000,19.9736
PM2.5,93.825000,5.000000,0.000000,-0.000282,469.1256,0.0000,19.9736
PM2.5,93.900000,5.000000,0.000000,-0.000282,469.5006,0.0000,19.9735
PM2.5,93.975000,5.000000,0.000000,-0.000282,469.8756,0.0000,19.9735
PM2.5,94.050000,5.000000,0.000000,-0.000282,470.2506,0.0000,19.9735
PM2.5,94.125000,5.000000,0.000000,-0.000282,470.6256,0.0000,19.9735
PM2.5,94.200000,5.000000,0.000000,-0.000282,471.0006,0.0000,19.9735
PM2.5,94.275000,5.000000,0.000000,-0.000282,471.3756,0.0000,19.9734
PM2.5,94.350000,5.000000,0.000000,-0.000282,471.7506,0.0000,19.9734
PM2.5,94.425000,5.000000,0.000000,-0.000282,472.1256,0.0000,19.9734
PM2.5,94.500000,5.000000,0.000000,-0.000282,472.5006,0.0000,19.9734
PM2.5,94.575000,5.000000,0.000000,-0.000282,472.8756,0.0000,19.9734
PM2.5,94.650000,5.000000,0.000000,-0.000282,473.2506,0.0000,19.9733
PM2.5,94.725000,5.000000,0.000000,-0.000282,473.6256,0.0000,19.9733
PM2.5,94.800000,5.000000,0.000000,-0.000282,474.0006,0.0000,19.9733
PM2.5,94.875000,5.000000,0.000000,-0.000282,474.3756,0.0000,19.9733
PM2.5,94.950000,5.000000,0.000000,-0.000282,474.7506,0.0000,19.9732
PM2.5,95.025000,5.000000,0.000000,-0.000282,475.1256,0.0000,19.9732
PM2.5,95.100000,5.000000,0.000000,-0.000282,475.5006,0.0000,19.9732
PM2.5,95.175000,5.000000,0.000000,-0.000282,475.8756,0.0000,19.9732
PM2.5,95.250000,5.000000,0.000000,-0.000282,476.2506,0.0000,19.9732
PM2.5,95.325000,5.000000,0.000000,-0.000282,476.6256,0.0000,19.9731
PM2.5,95.400000,5.000000,0.000000,-0.000282,477.0006,0.0000,19.9731
PM2.5,95.475000,5.000000,0.000000,-0.000282,477.3756,0.0000,19.9731
PM2.5,95.550000,5.000000,0.000000,-0.000282,477.7506,0.0000,19.9731
PM2.5,95.625000,5.000000,0.000000,-0.000282,478.1256,0.0000,19.9731
PM2.5,95.700000,5.000000,0.000000,-0.000282,478.5006,0.0000,19.9730
PM2.5,95.775000,5.000000,0.000000,-0.000282,478.8756,0.0000,19.9730
PM2.5,95.850000,5.000000,0.000000,-0.000282,479.2506,0.0000,19.9730
PM2.5,95.925000,5.000000,0.000000,-0.000282,479.6256,0.0000,19.9730
PM2.5,96.000000,5.000000,0.000000,-0.000282,480.0006,0.0000,19.9730
PM2.5,96.075000,5.000000,0.000000,-0.000282,480.3756,0.0000,19.9729
PM2.5,96.150000,5.000000,0.000000,-0.000282,480.7506,0.0000,19.9729
PM2.5,96.225000,5.000000,0.000000,-0.000282,481.1256,0.0000,19.9729
PM2.5,96.300000,5.000000,0.000000,-0.000282,481.5006,0.0000,19.9729
PM2.5,96.375000,5.000000,0.000000,-0.000282,481.8756,0.0000,19.9728
PM2.5,96.450000,5.000000,0.000000,-0.000282,482.2506,0.0000,19.9728
PM2.5,96.525000,5.000000,0.000000,-0.000282,482.6256,0.0000,19.9728
PM2.5,96.600000,5.000000,0.000000,-0.000282,483.0006,0.0000,19.9728
PM2.5,96.675000,5.000000,0.000000,-0.000282,483.3756,0.0000,19.9728
PM2.5,96.750000,5.000000,0.000000,-0.000282,483.7506,0.0000,19.9727
PM2.5,96.825000,5.000000,0.000000,-0.000282,484.1256,0.0000,19.9727
PM2.5,96.900000,5.000000,0.000000,-0.000282,484.5006,0.0000,19.9727
PM2.5,96.975000,5.000000,0.000000,-0.000282,484.8756,0.0000,19.9727
PM2.5,97.050000,5.000000,0.000000,-0.000282,485.2506,0.0000,19.9727
PM2.5,97.125000,5.000000,0.000000,-0.000282,485.6256,0.0000,19.9726
PM2.5,97.200000,5.000000,0.000000,-0.000282,486.0006,0.0000,19.9726
PM2.5,97.275000,5.000000,0.000000,-0.000282,486.3756,0.0000,19.9726
PM2.5,97.350000,5.000000,0.000000,-0.000282,486.7506,0.0000,19.9726
PM2.5,97.425000,5.000000,0.000000,-0.000282,487.1256,0.0000,19.9725
PM2.5,97.500000,5.000000,0.000000,-0.000282,487.5006,0.0000,19.9725
PM2.5,97.575000,5.000000,0.000000,-0.000282,487.8756,0.0000,19.9725
PM2.5,97.650000,5.000000,0.000000,-0.000282,488.2506,0.0000,19.9725
PM2.5,97.725000,5.000000,0.000000,-0.000282,488.6256,0.0000,19.9725
PM2.5,97.800000,5.000000,0.000000,-0.000282,489.0006,0.0000,19.9724
PM2.5,97.875000,5.000000,0.000000,-0.000282,489.3756,0.0000,19.9724
PM2.5,97.950000,5.000000,0.000000,-0.000282,489.7506,0.0000,19.9724
PM2.5,98.025000,5.000000,0.000000,-0.000282,490.1256,0.0000,19.9724
PM2.5,98.100000,5.000000,0.000000,-0.000282,490.5006,0.0000,19.9724
PM2.5,98.175000,5.000000,0.000000,-0.000282,490.8756,0.0000,19.9723
PM2.5,98.250000,5.000000,0.000000,-0.000282,491.2506,0.0000,19.9723
PM2.5,98.325000,5.000000,0.000000,-0.000282,491.6256,0.0000,19.9723
PM2.5,98.400000,5.000000,0.000000,-0.000282,492.0006,0.0000,19.9723
PM2.5,98.475000,5.000000,0.000000,-0.000282,492.3756,0.0000,19.9723
PM2.5,98.550000,5.000000,0.000000,-0.000282,492.7506,0.0000,19.9722
PM2.5,98.625000,5.000000,0.000000,-0.000282,493.1256,0.0000,19.9722
PM2.5,98.700000,5.000000,0.000000,-0.000282,493.5006,0.0000,19.9722
PM2.5,98.775000,5.000000,0.000000,-0.000282,493.8756,0.0000,19.9722
PM2.5,98.850000,5.000000,0.000000,-0.000282,494.2506,0.0000,19.9721
PM2.5,98.925000,5.000000,0.000000,-0.000282,494.6256,0.0000,19.9721
PM2.5,99.000000,5.000000,0.000000,-0.000282,495.0006,0.0000,19.9721
PM2.5,99.075000,5.000000,0.000000,-0.000282,495.3756,0.0000,19.9721
PM2.5,99.150000,5.000000,0.000000,-0.000282,495.7506,0.0000,19.9721
PM2.5,99.225000,5.000000,0.000000,-0.000282,496.1256,0.0000,19.9720
PM2.5,99.300000,5.000000,0.000000,-0.000282,496.5006,0.0000,19.9720
PM2.5,99.375000,5.000000,0.000000,-0.000282,496.8756,0.0000,19.9720
PM2.5,99.450000,5.000000,0.000000,-0.000282,497.2506,0.0000,19.9720
PM2.5,99.525000,5.000000,0.000000,-0.000282,497.6256,0.0000,19.9720
PM2.5,99.600000,5.000000,0.000000,-0.000282,498.0006,0.0000,19.9719
PM2.5,99.675000,5.000000,0.000000,-0.000282,498.3756,0.0000,19.9719
PM2.5,99.750000,5.000000,0.000000,-0.000282,498.7506,0.0000,19.9719
PM2.5,99.825000,5.000000,0.000000,-0.000282,499.1256,0.0000,19.9719
PM2.5,99.900000,5.000000,0.000000,-0.000282,499.5006,0.0000,19.9719
PM2.5,99.975000,5.000000,0.000000,-0.000282,499.8756,0.0000,19.9718
PM2.5,100.050000,5.000000,0.000000,-0.000282,500.2506,0.0000,19.9718
PM2.5,100.125000,5.000000,0.000000,-0.000282,500.6256,0.0000,19.9718
PM2.5,100.200000,5.000000,0.000000,-0.000282,501.0006,0.0000,19.9718
PM2.5,100.275000,5.000000,0.000000,-0.000282,501.3756,0.0000,19.9717
PM2.5,100.350000,5.000000,0.000000,-0.000282,501.7506,0.0000,19.9717
PM2.5,100.425000,5.000000,0.000000,-0.000282,502.1256,0.0000,19.9717
PM2.5,100.500000,5.000000,0.000000,-0.000282,502.5006,0.0000,19.9717
PM2.5,100.575000,5.000000,0.000000,-0.000282,502.8756,0.0000,19.9717
PM2.5,100.650000,5.000000,0.000000,-0.000282,503.2506,0.0000,19.9716
PM2.5,100.725000,5.000000,0.000000,-0.000282,503.6256,0.0000,19.9716
PM2.5,100.800000,5.000000,0.000000,-0.000282,504.0006,0.0000,19.9716
PM2.5,100.875000,5.000000,0.000000,-0.000282,504.3756,0.0000,19.9716
PM2.5,100.950000,5.000000,0.000000,-0.000282,504.7506,0.0000,19.9716
PM2.5,101.025000,5.000000,0.000000,-0.000282,505.1256,0.0000,19.9715
PM2.5,101.100000,5.000000,0.000000,-0.000282,505.5006,0.0000,19.9715
PM2.5,101.175000,5.000000,0.000000,-0.000282,505.8756,0.0000,19.9715
PM2.5,101.250000,5.000000,0.000000,-0.000282,506.2506,0.0000,19.9715
PM2.5,101.325000,5.000000,0.000000,-0.000282,506.6256,0.0000,19.9714
PM2.5,101.400000,5.000000,0.000000,-0.000282,507.0006,0.0000,19.9714
PM2.5,101.475000,5.000000,0.000000,-0.000282,507.3756,0.0000,19.9714
PM2.5,101.550000,5.000000,0.000000,-0.000282,507.7506,0.0000,19.9714
PM2.5,101.625000,5.000000,0.000000,-0.000282,508.1256,0.0000,19.9714
PM2.5,101.700000,5.000000,0.000000,-0.000282,508.5006,0.0000,19.9713
PM2.5,101.775000,5.000000,0.000000,-0.000282,508.8756,0.0000,19.9713
PM2.5,101.850000,5.000000,0.000000,-0.000282,509.2506,0.0000,19.9713
PM2.5,101.925000,5.000000,0.000000,-0.000282,509.6256,0.0000,19.9713
PM2.5,102.000000,5.000000,0.000000,-0.000282,510.0006,0.0000,19.9713
PM2.5,102.075000,5.000000,0.000000,-0.000282,510.3756,0.0000,19.9712
PM2.5,102.150000,5.000000,0.000000,-0.000282,510.7506,0.0000,19.9712
PM2.5,102.225000,5.000000,0.000000,-0.000282,511.1256,0.0000,19.9712
PM2.5,102.300000,5.000000,0.000000,-0.000282,511.5006,0.0000,19.9712
PM2.5,102.375000,5.000000,0.000000,-0.000282,511.8756,0.0000,19.9712
PM2.5,102.450000,5.000000,0.000000,-0.000282,512.2506,0.0000,19.9711
PM2.5,102.525000,5.000000,0.000000,-0.000282,512.6256,0.0000,19.9711
PM2.5,102.600000,5.000000,0.000000,-0.000282,513.0006,0.0000,19.9711
PM2.5,102.675000,5.000000,0.000000,-0.000282,513.3756,0.0000,19.9711
PM2.5,102.750000,5.000000,0.000000,-0.000282,513.7506,0.0000,19.9710
PM2.5,102.825000,5.000000,0.000000,-0.000282,514.1256,0.0000,19.9710
PM2.5,102.900000,5.000000,0.000000,-0.000282,514.5006,0.0000,19.9710
PM2.5,102.975000,5.000000,0.000000,-0.000282,514.8756,0.0000,19.9710
PM2.5,103.050000,5.000000,0.000000,-0.000282,515.2506,0.0000,19.9710
PM2.5,103.125000,5.000000,0.000000,-0.000282,515.6256,0.0000,19.9709
PM2.5,103.200000,5.000000,0.000000,-0.000282,516.0006,0.0000,19.9709
PM2.5,103.275000,5.000000,0.000000,-0.000282,516.3756,0.0000,19.9709
PM2.5,103.350000,5.000000,0.000000,-0.000282,516.7506,0.0000,19.9709
PM2.5,103.425000,5.000000,0.000000,-0.000282,517.1256,0.0000,19.9709
PM2.5,103.500000,5.000000,0.000000,-0.000282,517.5006,0.0000,19.9708
PM2.5,103.575000,5.000000,0.000000,-0.000282,517.8756,0.0000,19.9708
PM2.5,103.650000,5.000000,0.000000,-0.000282,518.2506,0.0000,19.9708
PM2.5,103.725000,5.000000,0.000000,-0.000282,518.6256,0.0000,19.9708
PM2.5,103.800000,5.000000,0.000000,-0.000282,519.0006,0.0000,19.9708
PM2.5,103.875000,5.000000,0.000000,-0.000282,519.3756,0.0000,19.9707
PM2.5,103.950000,5.000000,0.000000,-0.000282,519.7506,0.0000,19.9707
PM2.5,104.025000,5.000000,0.000000,-0.000282,520.1256,0.0000,19.9707
PM2.5,104.100000,5.000000,0.000000,-0.000282,520.5006,0.0000,19.9707
PM2.5,104.175000,5.000000,0.000000,-0.000282,520.8756,0.0000,19.9706
PM2.5,104.250000,5.000000,0.000000,-0.000282,521.2506,0.0000,19.9706
PM2.5,104.325000,5.000000,0.000000,-0.000282,521.6256,0.0000,19.9706
PM2.5,104.400000,5.000000,0.000000,-0.000282,522.0006,0.0000,19.9706
PM2.5,104.475000,5.000000,0.000000,-0.000282,522.3756,0.0000,19.9706
PM2.5,104.550000,5.000000,0.000000,-0.000282,522.7506,0.0000,19.9705
PM2.5,104.625000,5.000000,0.000000,-0.000282,523.1256,0.0000,19.9705
PM2.5,104.700000,5.000000,0.000000,-0.000282,523.5006,0.0000,19.9705
PM2.5,104.775000,5.000000,0.000000,-0.000282,523.8756,0.0000,19.9705
PM2.5,104.850000,5.000000,0.000000,-0.000282,524.2506,0.0000,19.9705
PM2.5,104.925000,5.000000,0.000000,-0.000282,524.6256,0.0000,19.9704
PM2.5,105.000000,5.000000,0.000000,-0.000282,525.0006,0.0000,19.9704
PM2.5,105.075000,5.000000,0.000000,-0.000282,525.3756,0.0000,19.9704
PM2.5,105.150000,5.000000,0.000000,-0.000282,525.7506,0.0000,19.9704
PM2.5,105.225000,5.000000,0.000000,-0.000282,526.1256,0.0000,19.9704
PM2.5,105.300000,5.000000,0.000000,-0.000282,526.5006,0.0000,19.9703
PM2.5,105.375000,5.000000,0.000000,-0.000282,526.8756,0.0000,19.9703
PM2.5,105.450000,5.000000,0.000000,-0.000282,527.2506,0.0000,19.9703
PM2.5,105.525000,5.000000,0.000000,-0.000282,527.6256,0.0000,19.9703
PM2.5,105.600000,5.000000,0.000000,-0.000282,528.0006,0.0000,19.9702
PM2.5,105.675000,5.000000,0.000000,-0.000282,528.3756,0.0000,19.9702
PM2.5,105.750000,5.000000,0.000000,-0.000282,528.7506,0.0000,19.9702
PM2.5,105.825000,5.000000,0.000000,-0.000282,529.1256,0.0000,19.9702
PM2.5,105.900000,5.000000,0.000000,-0.000282,529.5006,0.0000,19.9702
PM2.5,105.975000,5.000000,0.000000,-0.000282,529.8756,0.0000,19.9701
PM2.5,106.050000,5.000000,0.000000,-0.000282,530.2506,0.0000,19.9701
PM2.5,106.125000,5.000000,0.000000,-0.000282,530.6256,0.0000,19.9701
PM2.5,106.200000,5.000000,0.000000,-0.000282,531.0006,0.0000,19.9701
PM2.5,106.275000,5.000000,0.000000,-0.000282,531.3756,0.0000,19.9701
PM2.5,106.350000,5.000000,0.000000,-0.000282,531.7506,0.0000,19.9700
PM2.5,106.425000,5.000000,0.000000,-0.000282,532.1256,0.0000,19.9700
PM2.5,106.500000,5.000000,0.000000,-0.000282,532.5006,0.0000,19.9700
PM2.5,106.575000,5.000000,0.000000,-0.000282,532.8756,0.0000,19.9700
PM2.5,106.650000,5.000000,0.000000,-0.000282,533.2506,0.0000,19.9699
PM2.5,106.725000,5.000000,0.000000,-0.000282,533.6256,0.0000,19.9699
PM2.5,106.800000,5.000000,0.000000,-0.000282,534.0006,0.0000,19.9699
PM2.5,106.875000,5.000000,0.000000,-0.000282,534.3756,0.0000,19.9699
PM2.5,106.950000,5.000000,0.000000,-0.000282,534.7506,0.0000,19.9699
PM2.5,107.025000,5.000000,0.000000,-0.000282,535.1256,0.0000,19.9698
PM2.5,107.100000,5.000000,0.000000,-0.000282,535.5006,0.0000,19.9698
PM2.5,107.175000,5.000000,0.000000,-0.000282,535.8756,0.0000,19.9698
PM2.5,107.250000,5.000000,0.000000,-0.000282,536.2506,0.0000,19.9698
PM2.5,107.325000,5.000000,0.000000,-0.000282,536.6256,0.0000,19.9698
PM2.5,107.400000,5.000000,0.000000,-0.000282,537.0006,0.0000,19.9697
PM2.5,107.475000,5.000000,0.000000,-0.000282,537.3756,0.0000,19.9697
PM2.5,107.550000,5.000000,0.000000,-0.000282,537.7506,0.0000,19.9697
PM2.5,107.625000,5.000000,0.000000,-0.000282,538.1256,0.0000,19.9697
PM2.5,107.700000,5.000000,0.000000,-0.000282,538.5006,0.0000,19.9697
PM2.5,107.775000,5.000000,0.000000,-0.000282,538.8756,0.0000,19.9696
PM2.5,107.850000,5.000000,0.000000,-0.000282,539.2506,0.0000,19.9696
PM2.5,107.925000,5.000000,0.000000,-0.000282,539.6256,0.0000,19.9696
PM2.5,108.000000,5.000000,0.000000,-0.000282,540.0006,0.0000,19.9696
PM2.5,108.075000,5.000000,0.000000,-0.000282,540.3756,0.0000,19.9695
PM2.5,108.150000,5.000000,0.000000,-0.000282,540.7506,0.0000,19.9695
PM2.5,108.225000,5.000000,0.000000,-0.000282,541.1256,0.0000,19.9695
PM2.5,108.300000,5.000000,0.000000,-0.000282,541.5006,0.0000,19.9695
PM2.5,108.375000,5.000000,0.000000,-0.000282,541.8756,0.0000,19.9695
PM2.5,108.450000,5.000000,0.000000,-0.000282,542.2506,0.0000,19.9694
PM2.5,108.525000,5.000000,0.000000,-0.000282,542.6256,0.0000,19.9694
PM2.5,108.600000,5.000000,0.000000,-0.000282,543.0006,0.0000,19.9694
PM2.5,108.675000,5.000000,0.000000,-0.000282,543.3756,0.0000,19.9694
PM2.5,108.750000,5.000000,0.000000,-0.000282,543.7506,0.0000,19.9694
PM2.5,108.825000,5.000000,0.000000,-0.000282,544.1256,0.0000,19.9693
PM2.5,108.900000,5.000000,0.000000,-0.000282,544.5006,0.0000,19.9693
PM2.5,108.975000,5.000000,0.000000,-0.000282,544.8756,0.0000,19.9693
PM2.5,109.050000,5.000000,0.000000,-0.000282,545.2506,0.0000,19.9693
PM2.5,109.125000,5.000000,0.000000,-0.000282,545.6256,0.0000,19.9693
PM2.5,109.200000,5.000000,0.000000,-0.000282,546.0006,0.0000,19.9692
PM2.5,109.275000,5.000000,0.000000,-0.000282,546.3756,0.0000,19.9692
PM2.5,109.350000,5.000000,0.000000,-0.000282,546.7506,0.0000,19.9692
PM2.5,109.425000,5.000000,0.000000,-0.000282,547.1256,0.0000,19.9692
PM2.5,109.500000,5.000000,0.000000,-0.000282,547.5006,0.0000,19.9691
PM2.5,109.575000,5.000000,0.000000,-0.000282,547.8756,0.0000,19.9691
PM2.5,109.650000,5.000000,0.000000,-0.000282,548.2506,0.0000,19.9691
PM2.5,109.725000,5.000000,0.000000,-0.000282,548.6256,0.0000,19.9691
PM2.5,109.800000,5.000000,0.000000,-0.000282,549.0006,0.0000,19.9691
PM2.5,109.875000,5.000000,0.000000,-0.000282,549.3756,0.0000,19.9690
PM2.5,109.950000,5.000000,0.000000,-0.000282,549.7506,0.0000,19.9690
PM2.5,110.025000,5.000000,0.000000,-0.000282,550.1256,0.0000,19.9690
PM2.5,110.100000,5.000000,0.000000,-0.000282,550.5006,0.0000,19.9690
PM2.5,110.175000,5.000000,0.000000,-0.000282,550.8756,0.0000,19.9690
PM2.5,110.250000,5.000000,0.000000,-0.000282,551.2506,0.0000,19.9689
PM2.5,110.325000,5.000000,0.000000,-0.000282,551.6256,0.0000,19.9689
PM2.5,110.400000,5.000000,0.000000,-0.000282,552.0006,0.0000,19.9689
PM2.5,110.475000,5.000000,0.000000,-0.000282,552.3756,0.0000,19.9689
PM2.5,110.550000,5.000000,0.000000,-0.000282,552.7506,0.0000,19.9689
PM2.5,110.625000,5.000000,0.000000,-0.000282,553.1256,0.0000,19.9688
PM2.5,110.700000,5.000000,0.000000,-0.000282,553.5006,0.0000,19.9688
PM2.5,110.775000,5.000000,0.000000,-0.000282,553.8756,0.0000,19.9688
PM2.5,110.850000,5.000000,0.000000,-0.000282,554.2506,0.0000,19.9688
PM2.5,110.925000,5.000000,0.000000,-0.000282,554.6256,0.0000,19.9687
PM2.5,111.000000,5.000000,0.000000,-0.000282,555.0006,0.0000,19.9687
PM2.5,111.075000,5.000000,0.000000,-0.000282,555.3756,0.0000,19.9687
PM2.5,111.150000,5.000000,0.000000,-0.000282,555.7506,0.0000,19.9687
PM2.5,111.225000,5.000000,0.000000,-0.000282,556.1256,0.0000,19.9687
PM2.5,111.300000,5.000000,0.000000,-0.000282,556.5006,0.0000,19.9686
PM2.5,111.375000,5.000000,0.000000,-0.000282,556.8756,0.0000,19.9686
PM2.5,111.450000,5.000000,0.000000,-0.000282,557.2506,0.0000,19.9686
PM2.5,111.525000,5.000000,0.000000,-0.000282,557.6256,0.0000,19.9686
PM2.5,111.600000,5.000000,0.000000,-0.000282,558.0006,0.0000,19.9686
PM2.5,111.675000,5.000000,0.000000,-0.000282,558.3756,0.0000,19.9685
PM2.5,111.750000,5.000000,0.000000,-0.000282,558.7506,0.0000,19.9685
PM2.5,111.825000,5.000000,0.000000,-0.000282,559.1256,0.0000,19.9685
PM2.5,111.900000,5.000000,0.000000,-0.000282,559.5006,0.0000,19.9685
PM2.5,111.975000,5.000000,0.000000,-0.000282,559.8756,0.0000,19.9684
PM2.5,112.050000,5.000000,0.000000,-0.000282,560.2506,0.0000,19.9684
PM2.5,112.125000,5.000000,0.000000,-0.000282,560.6256,0.0000,19.9684
PM2.5,112.200000,5.000000,0.000000,-0.000282,561.0006,0.0000,19.9684
PM2.5,112.275000,5.000000,0.000000,-0.000282,561.3756,0.0000,19.9684
PM2.5,112.350000,5.000000,0.000000,-0.000282,561.7506,0.0000,19.9683
PM2.5,112.425000,5.000000,0.000000,-0.000282,562.1256,0.0000,19.9683
PM2.5,112.500000,5.000000,0.000000,-0.000282,562.5006,0.0000,19.9683
PM2.5,112.575000,5.000000,0.000000,-0.000282,562.8756,0.0000,19.9683
PM2.5,112.650000,5.000000,0.000000,-0.000282,563.2506,0.0000,19.9683
PM2.5,112.725000,5.000000,0.000000,-0.000282,563.6256,0.0000,19.9682
PM2.5,112.800000,5.000000,0.000000,-0.000282,564.0006,0.0000,19.9682
PM2.5,112.875000,5.000000,0.000000,-0.000282,564.3756,0.0000,19.9682
PM2.5,112.950000,5.000000,0.000000,-0.000282,564.7506,0.0000,19.9682
PM2.5,113.025000,5.000000,0.000000,-0.000282,565.1256,0.0000,19.9682
PM2.5,113.100000,5.000000,0.000000,-0.000282,565.5006,0.0000,19.9681
PM2.5,113.175000,5.000000,0.000000,-0.000282,565.8756,0.0000,19.9681
PM2.5,113.250000,5.000000,0.000000,-0.000282,566.2506,0.0000,19.9681
PM2.5,113.325000,5.000000,0.000000,-0.000282,566.6256,0.0000,19.9681
PM2.5,113.400000,5.000000,0.000000,-0.000282,567.0006,0.0000,19.9680
PM2.5,113.475000,5.000000,0.000000,-0.000282,567.3756,0.0000,19.9680
PM2.5,113.550000,5.000000,0.000000,-0.000282,567.7506,0.0000,19.9680
PM2.5,113.625000,5.000000,0.000000,-0.000282,568.1256,0.0000,19.9680
PM2.5,113.700000,5.000000,0.000000,-0.000282,568.5006,0.0000,19.9680
PM2.5,113.775000,5.000000,0.000000,-0.000282,568.8756,0.0000,19.9679
PM2.5,113.850000,5.000000,0.000000,-0.000282,569.2506,0.0000,19.9679
PM2.5,113.925000,5.000000,0.000000,-0.000282,569.6256,0.0000,19.9679
PM2.5,114.000000,5.000000,0.000000,-0.000282,570.0006,0.0000,19.9679
PM2.5,114.075000,5.000000,0.000000,-0.000282,570.3756,0.0000,19.9679
PM2.5,114.150000,5.000000,0.000000,-0.000282,570.7506,0.0000,19.9678
PM2.5,114.225000,5.000000,0.000000,-0.000282,571.1256,0.0000,19.9678
PM2.5,114.300000,5.000000,0.000000,-0.000282,571.5006,0.0000,19.9678
PM2.5,114.375000,5.000000,0.000000,-0.000282,571.8756,0.0000,19.9678
PM2.5,114.450000,5.000000,0.000000,-0.000282,572.2506,0.0000,19.9678
PM2.5,114.525000,5.000000,0.000000,-0.000282,572.6256,0.0000,19.9677
PM2.5,114.600000,5.000000,0.000000,-0.000282,573.0006,0.0000,19.9677
PM2.5,114.675000,5.000000,0.000000,-0.000282,573.3756,0.0000,19.9677
PM2.5,114.750000,5.000000,0.000000,-0.000282,573.7506,0.0000,19.9677
PM2.5,114.825000,5.000000,0.000000,-0.000282,574.1256,0.0000,19.9676
PM2.5,114.900000,5.000000,0.000000,-0.000282,574.5006,0.0000,19.9676
PM2.5,114.975000,5.000000,0.000000,-0.000282,574.8756,0.0000,19.9676
PM2.5,115.050000,5.000000,0.000000,-0.000282,575.2506,0.0000,19.9676
PM2.5,115.125000,5.000000,0.000000,-0.000282,575.6256,0.0000,19.9676
PM2.5,115.200000,5.000000,0.000000,-0.000282,576.0006,0.0000,19.9675
PM2.5,115.275000,5.000000,0.000000,-0.000282,576.3756,0.0000,19.9675
PM2.5,115.350000,5.000000,0.000000,-0.000282,576.7506,0.0000,19.9675
PM2.5,115.425000,5.000000,0.000000,-0.000282,577.1256,0.0000,19.9675
PM2.5,115.500000,5.000000,0.000000,-0.000282,577.5006,0.0000,19.9675
PM2.5,115.575000,5.000000,0.000000,-0.000282,577.8756,0.0000,19.9674
PM2.5,115.650000,5.000000,0.000000,-0.000282,578.2506,0.0000,19.9674
PM2.5,115.725000,5.000000,0.000000,-0.000282,578.6256,0.0000,19.9674
PM2.5,115.800000,5.000000,0.000000,-0.000282,579.0006,0.0000,19.9674
PM2.5,115.875000,5.000000,0.000000,-0.000282,579.3756,0.0000,19.9674
PM2.5,115.950000,5.000000,0.000000,-0.000282,579.7506,0.0000,19.9673
PM2.5,116.025000,5.000000,0.000000,-0.000282,580.1256,0.0000,19.9673
PM2.5,116.100000,5.000000,0.000000,-0.000282,580.5006,0.0000,19.9673
PM2.5,116.175000,5.000000,0.000000,-0.000282,580.8756,0.0000,19.9673
PM2.5,116.250000,5.000000,0.000000,-0.000282,581.2506,0.0000,19.9672
PM2.5,116.325000,5.000000,0.000000,-0.000282,581.6256,0.0000,19.9672
PM2.5,116.400000,5.000000,0.000000,-0.000282,582.0006,0.0000,19.9672
PM2.5,116.475000,5.000000,0.000000,-0.000282,582.3756,0.0000,19.9672
PM2.5,116.550000,5.000000,0.000000,-0.000282,582.7506,0.0000,19.9672
PM2.5,116.625000,5.000000,0.000000,-0.000282,583.1256,0.0000,19.9671
PM2.5,116.700000,5.000000,0.000000,-0.000282,583.5006,0.0000,19.9671
PM2.5,116.775000,5.000000,0.000000,-0.000282,583.8756,0.0000,19.9671
PM2.5,116.850000,5.000000,0.000000,-0.000282,584.2506,0.0000,19.9671
PM2.5,116.925000,5.000000,0.000000,-0.000282,584.6256,0.0000,19.9671
PM2.5,117.000000,5.000000,0.000000,-0.000282,585.0006,0.0000,19.9670
PM2.5,117.075000,5.000000,0.000000,-0.000282,585.3756,0.0000,19.9670
PM2.5,117.150000,5.000000,0.000000,-0.000282,585.7506,0.0000,19.9670
PM2.5,117.225000,5.000000,0.000000,-0.000282,586.1256,0.0000,19.9670
PM2.5,117.300000,5.000000,0.000000,-0.000282,586.5006,0.0000,19.9669
PM2.5,117.375000,5.000000,0.000000,-0.000282,586.8756,0.0000,19.9669
PM2.5,117.450000,5.000000,0.000000,-0.000282,587.2506,0.0000,19.9669
PM2.5,117.525000,5.000000,0.000000,-0.000282,587.6256,0.0000,19.9669
PM2.5,117.600000,5.000000,0.000000,-0.000282,588.0006,0.0000,19.9669
PM2.5,117.675000,5.000000,0.000000,-0.000282,588.3756,0.0000,19.9668
PM2.5,117.750000,5.000000,0.000000,-0.000282,588.7506,0.0000,19.9668
PM2.5,117.825000,5.000000,0.000000,-0.000282,589.1256,0.0000,19.9668
PM2.5,117.900000,5.000000,0.000000,-0.000282,589.5006,0.0000,19.9668
PM2.5,117.975000,5.000000,0.000000,-0.000282,589.8756,0.0000,19.9668
PM2.5,118.050000,5.000000,0.000000,-0.000282,590.2506,0.0000,19.9667
PM2.5,118.125000,5.000000,0.000000,-0.000282,590.6256,0.0000,19.9667
PM2.5,118.200000,5.000000,0.000000,-0.000282,591.0006,0.0000,19.9667
PM2.5,118.275000,5.000000,0.000000,-0.000282,591.3756,0.0000,19.9667
PM2.5,118.350000,5.000000,0.000000,-0.000282,591.7506,0.0000,19.9667
PM2.5,118.425000,5.000000,0.000000,-0.000282,592.1256,0.0000,19.9666
PM2.5,118.500000,5.000000,0.000000,-0.000282,592.5006,0.0000,19.9666
PM2.5,118.575000,5.000000,0.000000,-0.000282,592.8756,0.0000,19.9666
PM2.5,118.650000,5.000000,0.000000,-0.000282,593.2506,0.0000,19.9666
PM2.5,118.725000,5.000000,0.000000,-0.000282,593.6256,0.0000,19.9665
PM2.5,118.800000,5.000000,0.000000,-0.000282,594.0006,0.0000,19.9665
PM2.5,118.875000,5.000000,0.000000,-0.000282,594.3756,0.0000,19.9665
PM2.5,118.950000,5.000000,0.000000,-0.000282,594.7506,0.0000,19.9665
PM2.5,119.025000,5.000000,0.000000,-0.000282,595.1256,0.0000,19.9665
PM2.5,119.100000,5.000000,0.000000,-0.000282,595.5006,0.0000,19.9664
PM2.5,119.175000,5.000000,0.000000,-0.000282,595.8756,0.0000,19.9664
PM2.5,119.250000,5.000000,0.000000,-0.000282,596.2506,0.0000,19.9664
PM2.5,119.325000,5.000000,0.000000,-0.000282,596.6256,0.0000,19.9664
PM2.5,119.400000,5.000000,0.000000,-0.000282,597.0006,0.0000,19.9664
PM2.5,119.475000,5.000000,0.000000,-0.000282,597.3756,0.0000,19.9663
PM2.5,119.550000,5.000000,0.000000,-0.000282,597.7506,0.0000,19.9663
PM2.5,119.625000,5.000000,0.000000,-0.000282,598.1256,0.0000,19.9663
PM2.5,119.700000,5.000000,0.000000,-0.000282,598.5006,0.0000,19.9663
PM2.5,119.775000,5.000000,0.000000,-0.000282,598.8756,0.0000,19.9663
PM2.5,119.850000,5.000000,0.000000,-0.000282,599.2506,0.0000,19.9662
PM2.5,119.925000,5.000000,0.000000,-0.000282,599.6256,0.0000,19.9662
PM2.5,120.000000,5.000000,0.000000,-0.000282,600.0006,0.0000,19.9662
PM2.5,120.075000,5.000000,0.000000,-0.000282,600.3756,0.0000,19.9662
PM2.5,120.150000,5.000000,0.000000,-0.000282,600.7506,0.0000,19.9661
PM2.5,120.225000,5.000000,0.000000,-0.000282,601.1256,0.0000,19.9661
PM2.5,120.300000,5.000000,0.000000,-0.000282,601.5006,0.0000,19.9661
PM2.5,120.375000,5.000000,0.000000,-0.000282,601.8756,0.0000,19.9661
PM2.5,120.450000,5.000000,0.000000,-0.000282,602.2506,0.0000,19.9661
PM2.5,120.525000,5.000000,0.000000,-0.000282,602.6256,0.0000,19.9660
PM2.5,120.600000,5.000000,0.000000,-0.000282,603.0006,0.0000,19.9660
PM2.5,120.675000,5.000000,0.000000,-0.000282,603.3756,0.0000,19.9660
PM2.5,120.750000,5.000000,0.000000,-0.000282,603.7506,0.0000,19.9660
PM2.5,120.825000,5.000000,0.000000,-0.000282,604.1256,0.0000,19.9660
PM2.5,120.900000,5.000000,0.000000,-0.000282,604.5006,0.0000,19.9659
PM2.5,120.975000,5.000000,0.000000,-0.000282,604.8756,0.0000,19.9659
PM2.5,121.050000,5.000000,0.000000,-0.000282,605.2506,0.0000,19.9659
PM2.5,121.125000,5.000000,0.000000,-0.000282,605.6256,0.0000,19.9659
PM2.5,121.200000,5.000000,0.000000,-0.000282,606.0006,0.0000,19.9658
PM2.5,121.275000,5.000000,0.000000,-0.000282,606.3756,0.0000,19.9658
PM2.5,121.350000,5.000000,0.000000,-0.000282,606.7506,0.0000,19.9658
PM2.5,121.425000,5.000000,0.000000,-0.000282,607.1256,0.0000,19.9658
PM2.5,121.500000,5.000000,0.000000,-0.000282,607.5006,0.0000,19.9658
PM2.5,121.575000,5.000000,0.000000,-0.000282,607.8756,0.0000,19.9657
PM2.5,121.650000,5.000000,0.000000,-0.000282,608.2506,0.0000,19.9657
PM2.5,121.725000,5.000000,0.000000,-0.000282,608.6256,0.0000,19.9657
PM2.5,121.800000,5.000000,0.000000,-0.000282,609.0006,0.0000,19.9657
PM2.5,121.875000,5.000000,0.000000,-0.000282,609.3756,0.0000,19.9657
PM2.5,121.950000,5.000000,0.000000,-0.000282,609.7506,0.0000,19.9656
PM2.5,122.025000,5.000000,0.000000,-0.000282,610.1256,0.0000,19.9656
PM2.5,122.100000,5.000000,0.000000,-0.000282,610.5006,0.0000,19.9656
PM2.5,122.175000,5.000000,0.000000,-0.000282,610.8756,0.0000,19.9656
PM2.5,122.250000,5.000000,0.000000,-0.000282,611.2506,0.0000,19.9656
PM2.5,122.325000,5.000000,0.000000,-0.000282,611.6256,0.0000,19.9655
PM2.5,122.400000,5.000000,0.000000,-0.000282,612.0006,0.0000,19.9655
PM2.5,122.475000,5.000000,0.000000,-0.000282,612.3756,0.0000,19.9655
PM2.5,122.550000,5.000000,0.000000,-0.000282,612.7506,0.0000,19.9655
PM2.5,122.625000,5.000000,0.000000,-0.000282,613.1256,0.0000,19.9654
PM2.5,122.700000,5.000000,0.000000,-0.000282,613.5006,0.0000,19.9654
PM2.5,122.775000,5.000000,0.000000,-0.000282,613.8756,0.0000,19.9654
PM2.5,122.850000,5.000000,0.000000,-0.000282,614.2506,0.0000,19.9654
PM2.5,122.925000,5.000000,0.000000,-0.000282,614.6256,0.0000,19.9654
PM2.5,123.000000,5.000000,0.000000,-0.000282,615.0006,0.0000,19.9653
PM2.5,123.075000,5.000000,0.000000,-0.000282,615.3756,0.0000,19.9653
PM2.5,123.150000,5.000000,0.000000,-0.000282,615.7506,0.0000,19.9653
PM2.5,123.225000,5.000000,0.000000,-0.000282,616.1256,0.0000,19.9653
PM2.5,123.300000,5.000000,0.000000,-0.000282,616.5006,0.0000,19.9653
PM2.5,123.375000,5.000000,0.000000,-0.000282,616.8756,0.0000,19.9652
PM2.5,123.450000,5.000000,0.000000,-0.000282,617.2506,0.0000,19.9652
PM2.5,123.525000,5.000000,0.000000,-0.000282,617.6256,0.0000,19.9652
PM2.5,123.600000,5.000000,0.000000,-0.000282,618.0006,0.0000,19.9652
PM2.5,123.675000,5.000000,0.000000,-0.000282,618.3756,0.0000,19.9652
PM2.5,123.750000,5.000000,0.000000,-0.000282,618.7506,0.0000,19.9651
PM2.5,123.825000,5.000000,0.000000,-0.000282,619.1256,0.0000,19.9651
PM2.5,123.900000,5.000000,0.000000,-0.000282,619.5006,0.0000,19.9651
PM2.5,123.975000,5.000000,0.000000,-0.000282,619.8756,0.0000,19.9651
PM2.5,124.050000,5.000000,0.000000,-0.000282,620.2506,0.0000,19.9650
PM2.5,124.125000,5.000000,0.000000,-0.000282,620.6256,0.0000,19.9650
PM2.5,124.200000,5.000000,0.000000,-0.000282,621.0006,0.0000,19.9650
PM2.5,124.275000,5.000000,0.000000,-0.000282,621.3756,0.0000,19.9650
PM2.5,124.350000,5.000000,0.000000,-0.000282,621.7506,0.0000,19.9650
PM2.5,124.425000,5.000000,0.000000,-0.000282,622.1256,0.0000,19.9649
PM2.5,124.500000,5.000000,0.000000,-0.000282,622.5006,0.0000,19.9649
PM2.5,124.575000,5.000000,0.000000,-0.000282,622.8756,0.0000,19.9649
PM2.5,124.650000,5.000000,0.000000,-0.000282,623.2506,0.0000,19.9649
PM2.5,124.725000,5.000000,0.000000,-0.000282,623.6256,0.0000,19.9649
PM2.5,124.800000,5.000000,0.000000,-0.000282,624.0006,0.0000,19.9648
PM2.5,124.875000,5.000000,0.000000,-0.000282,624.3756,0.0000,19.9648
PM2.5,124.950000,5.000000,0.000000,-0.000282,624.7506,0.0000,19.9648
PM2.5,125.025000,5.000000,0.000000,-0.000282,625.1256,0.0000,19.9648
PM2.5,125.100000,5.000000,0.000000,-0.000282,625.5006,0.0000,19.9648
PM2.5,125.175000,5.000000,0.000000,-0.000282,625.8756,0.0000,19.9647
PM2.5,125.250000,5.000000,0.000000,-0.000282,626.2506,0.0000,19.9647
PM2.5,125.325000,5.000000,0.000000,-0.000282,626.6256,0.0000,19.9647
PM2.5,125.400000,5.000000,0.000000,-0.000282,627.0006,0.0000,19.9647
PM2.5,125.475000,5.000000,0.000000,-0.000282,627.3756,0.0000,19.9646
PM2.5,125.550000,5.000000,0.000000,-0.000282,627.7506,0.0000,19.9646
PM2.5,125.625000,5.000000,0.000000,-0.000282,628.1256,0.0000,19.9646
PM2.5,125.700000,5.000000,0.000000,-0.000282,628.5006,0.0000,19.9646
PM2.5,125.775000,5.000000,0.000000,-0.000282,628.8756,0.0000,19.9646
PM2.5,125.850000,5.000000,0.000000,-0.000282,629.2506,0.0000,19.9645
PM2.5,125.925000,5.000000,0.000000,-0.000282,629.6256,0.0000,19.9645
PM2.5,126.000000,5.000000,0.000000,-0.000282,630.0006,0.0000,19.9645
PM2.5,126.075000,5.000000,0.000000,-0.000282,630.3756,0.0000,19.9645
PM2.5,126.150000,5.000000,0.000000,-0.000282,630.7506,0.0000,19.9645
PM2.5,126.225000,5.000000,0.000000,-0.000282,631.1256,0.0000,19.9644
PM2.5,126.300000,5.000000,0.000000,-0.000282,631.5006,0.0000,19.9644
PM2.5,126.375000,5.000000,0.000000,-0.000282,631.8756,0.0000,19.9644
PM2.5,126.450000,5.000000,0.000000,-0.000282,632.2506,0.0000,19.9644
PM2.5,126.525000,5.000000,0.000000,-0.000282,632.6256,0.0000,19.9643
PM2.5,126.600000,5.000000,0.000000,-0.000282,633.0006,0.0000,19.9643
PM2.5,126.675000,5.000000,0.000000,-0.000282,633.3756,0.0000,19.9643
PM2.5,126.750000,5.000000,0.000000,-0.000282,633.7506,0.0000,19.9643
PM2.5,126.825000,5.000000,0.000000,-0.000282,634.1256,0.0000,19.9643
PM2.5,126.900000,5.000000,0.000000,-0.000282,634.5006,0.0000,19.9642
PM2.5,126.975000,5.000000,0.000000,-0.000282,634.8756,0.0000,19.9642
PM2.5,127.050000,5.000000,0.000000,-0.000282,635.2506,0.0000,19.9642
PM2.5,127.125000,5.000000,0.000000,-0.000282,635.6256,0.0000,19.9642
PM2.5,127.200000,5.000000,0.000000,-0.000282,636.0006,0.0000,19.9642
PM2.5,127.275000,5.000000,0.000000,-0.000282,636.3756,0.0000,19.9641
PM2.5,127.350000,5.000000,0.000000,-0.000282,636.7506,0.0000,19.9641
PM2.5,127.425000,5.000000,0.000000,-0.000282,637.1256,0.0000,19.9641
PM2.5,127.500000,5.000000,0.000000,-0.000282,637.5006,0.0000,19.9641
PM2.5,127.575000,5.000000,0.000000,-0.000282,637.8756,0.0000,19.9641
PM2.5,127.650000,5.000000,0.000000,-0.000282,638.2506,0.0000,19.9640
PM2.5,127.725000,5.000000,0.000000,-0.000282,638.6256,0.0000,19.9640
PM2.5,127.800000,5.000000,0.000000,-0.000282,639.0006,0.0000,19.9640
PM2.5,127.875000,5.000000,0.000000,-0.000282,639.3756,0.0000,19.9640
PM2.5,127.950000,5.000000,0.000000,-0.000282,639.7506,0.0000,19.9639
PM2.5,128.025000,5.000000,0.000000,-0.000282,640.1256,0.0000,19.9639
PM2.5,128.100000,5.000000,0.000000,-0.000282,640.5006,0.0000,19.9639
PM2.5,128.175000,5.000000,0.000000,-0.000282,640.8756,0.0000,19.9639
PM2.5,128.250000,5.000000,0.000000,-0.000282,641.2506,0.0000,19.9639
PM2.5,128.325000,5.000000,0.000000,-0.000282,641.6256,0.0000,19.9638
PM2.5,128.400000,5.000000,0.000000,-0.000282,642.0006,0.0000,19.9638
PM2.5,128.475000,5.000000,0.000000,-0.000282,642.3756,0.0000,19.9638
PM2.5,128.550000,5.000000,0.000000,-0.000282,642.7506,0.0000,19.9638
PM2.5,128.625000,5.000000,0.000000,-0.000282,643.1256,0.0000,19.9638
PM2.5,128.700000,5.000000,0.000000,-0.000282,643.5006,0.0000,19.9637
PM2.5,128.775000,5.000000,0.000000,-0.000282,643.8756,0.0000,19.9637
PM2.5,128.850000,5.000000,0.000000,-0.000282,644.2506,0.0000,19.9637
PM2.5,128.925000,5.000000,0.000000,-0.000282,644.6256,0.0000,19.9637
PM2.5,129.000000,5.000000,0.000000,-0.000282,645.0006,0.0000,19.9637
PM2.5,129.075000,5.000000,0.000000,-0.000282,645.3756,0.0000,19.9636
PM2.5,129.150000,5.000000,0.000000,-0.000282,645.7506,0.0000,19.9636
PM2.5,129.225000,5.000000,0.000000,-0.000282,646.1256,0.0000,19.9636
PM2.5,129.300000,5.000000,0.000000,-0.000282,646.5006,0.0000,19.9636
PM2.5,129.375000,5.000000,0.000000,-0.000282,646.8756,0.0000,19.9635
PM2.5,129.450000,5.000000,0.000000,-0.000282,647.2506,0.0000,19.9635
PM2.5,129.525000,5.000000,0.000000,-0.000282,647.6256,0.0000,19.9635
PM2.5,129.600000,5.000000,0.000000,-0.000282,648.0006,0.0000,19.9635
PM2.5,129.675000,5.000000,0.000000,-0.000282,648.3756,0.0000,19.9635
PM2.5,129.750000,5.000000,0.000000,-0.000282,648.7506,0.0000,19.9634
PM2.5,129.825000,5.000000,0.000000,-0.000282,649.1256,0.0000,19.9634
PM2.5,129.900000,5.000000,0.000000,-0.000282,649.5006,0.0000,19.9634
PM2.5,129.975000,5.000000,0.000000,-0.000282,649.8756,0.0000,19.9634
PM2.5,130.050000,5.000000,0.000000,-0.000282,650.2506,0.0000,19.9634
PM2.5,130.125000,5.000000,0.000000,-0.000282,650.6256,0.0000,19.9633
PM2.5,130.200000,5.000000,0.000000,-0.000282,651.0006,0.0000,19.9633
PM2.5,130.275000,5.000000,0.000000,-0.000282,651.3756,0.0000,19.9633
PM2.5,130.350000,5.000000,0.000000,-0.000282,651.7506,0.0000,19.9633
PM2.5,130.425000,5.000000,0.000000,-0.000282,652.1256,0.0000,19.9633
PM2.5,130.500000,5.000000,0.000000,-0.000282,652.5006,0.0000,19.9632
PM2.5,130.575000,5.000000,0.000000,-0.000282,652.8756,0.0000,19.9632
PM2.5,130.650000,5.000000,0.000000,-0.000282,653.2506,0.0000,19.9632
PM2.5,130.725000,5.000000,0.000000,-0.000282,653.6256,0.0000,19.9632
PM2.5,130.800000,5.000000,0.000000,-0.000282,654.0006,0.0000,19.9631
PM2.5,130.875000,5.000000,0.000000,-0.000282,654.3756,0.0000,19.9631
PM2.5,130.950000,5.000000,0.000000,-0.000282,654.7506,0.0000,19.9631
PM2.5,131.025000,5.000000,0.000000,-0.000282,655.1256,0.0000,19.9631
PM2.5,131.100000,5.000000,0.000000,-0.000282,655.5006,0.0000,19.9631
PM2.5,131.175000,5.000000,0.000000,-0.000282,655.8756,0.0000,19.9630
PM2.5,131.250000,5.000000,0.000000,-0.000282,656.2506,0.0000,19.9630
PM2.5,131.325000,5.000000,0.000000,-0.000282,656.6256,0.0000,19.9630
PM2.5,131.400000,5.000000,0.000000,-0.000282,657.0006,0.0000,19.9630
PM2.5,131.475000,5.000000,0.000000,-0.000282,657.3756,0.0000,19.9630
PM2.5,131.550000,5.000000,0.000000,-0.000282,657.7506,0.0000,19.9629
PM2.5,131.625000,5.000000,0.000000,-0.000282,658.1256,0.0000,19.9629
PM2.5,131.700000,5.000000,0.000000,-0.000282,658.5006,0.0000,19.9629
PM2.5,131.775000,5.000000,0.000000,-0.000282,658.8756,0.0000,19.9629
PM2.5,131.850000,5.000000,0.000000,-0.000282,659.2506,0.0000,19.9628
PM2.5,131.925000,5.000000,0.000000,-0.000282,659.6256,0.0000,19.9628
PM2.5,132.000000,5.000000,0.000000,-0.000282,660.0006,0.0000,19.9628
PM2.5,132.075000,5.000000,0.000000,-0.000282,660.3756,0.0000,19.9628
PM2.5,132.150000,5.000000,0.000000,-0.000282,660.7506,0.0000,19.9628
PM2.5,132.225000,5.000000,0.000000,-0.000282,661.1256,0.0000,19.9627
PM2.5,132.300000,5.000000,0.000000,-0.000282,661.5006,0.0000,19.9627
PM2.5,132.375000,5.000000,0.000000,-0.000282,661.8756,0.0000,19.9627
PM2.5,132.450000,5.000000,0.000000,-0.000282,662.2506,0.0000,19.9627
PM2.5,132.525000,5.000000,0.000000,-0.000282,662.6256,0.0000,19.9627
PM2.5,132.600000,5.000000,0.000000,-0.000282,663.0006,0.0000,19.9626
PM2.5,132.675000,5.000000,0.000000,-0.000282,663.3756,0.0000,19.9626
PM2.5,132.750000,5.000000,0.000000,-0.000282,663.7506,0.0000,19.9626
PM2.5,132.825000,5.000000,0.000000,-0.000282,664.1256,0.0000,19.9626
PM2.5,132.900000,5.000000,0.000000,-0.000282,664.5006,0.0000,19.9626
PM2.5,132.975000,5.000000,0.000000,-0.000282,664.8756,0.0000,19.9625
PM2.5,133.050000,5.000000,0.000000,-0.000282,665.2506,0.0000,19.9625
PM2.5,133.125000,5.000000,0.000000,-0.000282,665.6256,0.0000,19.9625
PM2.5,133.200000,5.000000,0.000000,-0.000282,666.0006,0.0000,19.9625
PM2.5,133.275000,5.000000,0.000000,-0.000282,666.3756,0.0000,19.9624
PM2.5,133.350000,5.000000,0.000000,-0.000282,666.7506,0.0000,19.9624
PM2.5,133.425000,5.000000,0.000000,-0.000282,667.1256,0.0000,19.9624
PM2.5,133.500000,5.000000,0.000000,-0.000282,667.5006,0.0000,19.9624
PM2.5,133.575000,5.000000,0.000000,-0.000282,667.8756,0.0000,19.9624
PM2.5,133.650000,5.000000,0.000000,-0.000282,668.2506,0.0000,19.9623
PM2.5,133.725000,5.000000,0.000000,-0.000282,668.6256,0.0000,19.9623
PM2.5,133.800000,5.000000,0.000000,-0.000282,669.0006,0.0000,19.9623
PM2.5,133.875000,5.000000,0.000000,-0.000282,669.3756,0.0000,19.9623
PM2.5,133.950000,5.000000,0.000000,-0.000282,669.7506,0.0000,19.9623
PM2.5,134.025000,5.000000,0.000000,-0.000282,670.1256,0.0000,19.9622
PM2.5,134.100000,5.000000,0.000000,-0.000282,670.5006,0.0000,19.9622
PM2.5,134.175000,5.000000,0.000000,-0.000282,670.8756,0.0000,19.9622
PM2.5,134.250000,5.000000,0.000000,-0.000282,671.2506,0.0000,19.9622
PM2.5,134.325000,5.000000,0.000000,-0.000282,671.6256,0.0000,19.9622
PM2.5,134.400000,5.000000,0.000000,-0.000282,672.0006,0.0000,19.9621
PM2.5,134.475000,5.000000,0.000000,-0.000282,672.3756,0.0000,19.9621
PM2.5,134.550000,5.000000,0.000000,-0.000282,672.7506,0.0000,19.9621
PM2.5,134.625000,5.000000,0.000000,-0.000282,673.1256,0.0000,19.9621
PM2.5,134.700000,5.000000,0.000000,-0.000282,673.5006,0.0000,19.9620
PM2.5,134.775000,5.000000,0.000000,-0.000282,673.8756,0.0000,19.9620
PM2.5,134.850000,5.000000,0.000000,-0.000282,674.2506,0.0000,19.9620
PM2.5,134.925000,5.000000,0.000000,-0.000282,674.6256,0.0000,19.9620
PM2.5,135.000000,5.000000,0.000000,-0.000282,675.0006,0.0000,19.9620
PM2.5,135.075000,5.000000,0.000000,-0.000282,675.3756,0.0000,19.9619
PM2.5,135.150000,5.000000,0.000000,-0.000282,675.7506,0.0000,19.9619
PM2.5,135.225000,5.000000,0.000000,-0.000282,676.1256,0.0000,19.9619
PM2.5,135.300000,5.000000,0.000000,-0.000282,676.5006,0.0000,19.9619
PM2.5,135.375000,5.000000,0.000000,-0.000282,676.8756,0.0000,19.9619
PM2.5,135.450000,5.000000,0.000000,-0.000282,677.2506,0.0000,19.9618
PM2.5,135.525000,5.000000,0.000000,-0.000282,677.6256,0.0000,19.9618
PM2.5,135.600000,5.000000,0.000000,-0.000282,678.0006,0.0000,19.9618
PM2.5,135.675000,5.000000,0.000000,-0.000282,678.3756,0.0000,19.9618
PM2.5,135.750000,5.000000,0.000000,-0.000282,678.7506,0.0000,19.9617
PM2.5,135.825000,5.000000,0.000000,-0.000282,679.1256,0.0000,19.9617
PM2.5,135.900000,5.000000,0.000000,-0.000282,679.5006,0.0000,19.9617
PM2.5,135.975000,5.000000,0.000000,-0.000282,679.8756,0.0000,19.9617
PM2.5,136.050000,5.000000,0.000000,-0.000282,680.2506,0.0000,19.9617
PM2.5,136.125000,5.000000,0.000000,-0.000282,680.6256,0.0000,19.9616
PM2.5,136.200000,5.000000,0.000000,-0.000282,681.0006,0.0000,19.9616
PM2.5,136.275000,5.000000,0.000000,-0.000282,681.3756,0.0000,19.9616
PM2.5,136.350000,5.000000,0.000000,-0.000282,681.7506,0.0000,19.9616
PM2.5,136.425000,5.000000,0.000000,-0.000282,682.1256,0.0000,19.9616
PM2.5,136.500000,5.000000,0.000000,-0.000282,682.5006,0.0000,19.9615
PM2.5,136.575000,5.000000,0.000000,-0.000282,682.8756,0.0000,19.9615
PM2.5,136.650000,5.000000,0.000000,-0.000282,683.2506,0.0000,19.9615
PM2.5,136.725000,5.000000,0.000000,-0.000282,683.6256,0.0000,19.9615
PM2.5,136.800000,5.000000,0.000000,-0.000282,684.0006,0.0000,19.9615
PM2.5,136.875000,5.000000,0.000000,-0.000282,684.3756,0.0000,19.9614
PM2.5,136.950000,5.000000,0.000000,-0.000282,684.7506,0.0000,19.9614
PM2.5,137.025000,5.000000,0.000000,-0.000282,685.1256,0.0000,19.9614
PM2.5,137.100000,5.000000,0.000000,-0.000282,685.5006,0.0000,19.9614
PM2.5,137.175000,5.000000,0.000000,-0.000282,685.8756,0.0000,19.9613
PM2.5,137.250000,5.000000,0.000000,-0.000282,686.2506,0.0000,19.9613
PM2.5,137.325000,5.000000,0.000000,-0.000282,686.6256,0.0000,19.9613
PM2.5,137.400000,5.000000,0.000000,-0.000282,687.0006,0.0000,19.9613
PM2.5,137.475000,5.000000,0.000000,-0.000282,687.3756,0.0000,19.9613
PM2.5,137.550000,5.000000,0.000000,-0.000282,687.7506,0.0000,19.9612
PM2.5,137.625000,5.000000,0.000000,-0.000282,688.1256,0.0000,19.9612
PM2.5,137.700000,5.000000,0.000000,-0.000282,688.5006,0.0000,19.9612
PM2.5,137.775000,5.000000,0.000000,-0.000282,688.8756,0.0000,19.9612
PM2.5,137.850000,5.000000,0.000000,-0.000282,689.2506,0.0000,19.9612
PM2.5,137.925000,5.000000,0.000000,-0.000282,689.6256,0.0000,19.9611
PM2.5,138.000000,5.000000,0.000000,-0.000282,690.0006,0.0000,19.9611
PM2.5,138.075000,5.000000,0.000000,-0.000282,690.3756,0.0000,19.9611
PM2.5,138.150000,5.000000,0.000000,-0.000282,690.7506,0.0000,19.9611
PM2.5,138.225000,5.000000,0.000000,-0.000282,691.1256,0.0000,19.9611
PM2.5,138.300000,5.000000,0.000000,-0.000282,691.5006,0.0000,19.9610
PM2.5,138.375000,5.000000,0.000000,-0.000282,691.8756,0.0000,19.9610
PM2.5,138.450000,5.000000,0.000000,-0.000282,692.2506,0.0000,19.9610
PM2.5,138.525000,5.000000,0.000000,-0.000282,692.6256,0.0000,19.9610
PM2.5,138.600000,5.000000,0.000000,-0.000282,693.0006,0.0000,19.9609
PM2.5,138.675000,5.000000,0.000000,-0.000282,693.3756,0.0000,19.9609
PM2.5,138.750000,5.000000,0.000000,-0.000282,693.7506,0.0000,19.9609
PM2.5,138.825000,5.000000,0.000000,-0.000282,694.1256,0.0000,19.9609
PM2.5,138.900000,5.000000,0.000000,-0.000282,694.5006,0.0000,19.9609
PM2.5,138.975000,5.000000,0.000000,-0.000282,694.8756,0.0000,19.9608
PM2.5,139.050000,5.000000,0.000000,-0.000282,695.2506,0.0000,19.9608
PM2.5,139.125000,5.000000,0.000000,-0.000282,695.6256,0.0000,19.9608
PM2.5,139.200000,5.000000,0.000000,-0.000282,696.0006,0.0000,19.9608
PM2.5,139.275000,5.000000,0.000000,-0.000282,696.3756,0.0000,19.9608
PM2.5,139.350000,5.000000,0.000000,-0.000282,696.7506,0.0000,19.9607
PM2.5,139.425000,5.000000,0.000000,-0.000282,697.1256,0.0000,19.9607
PM2.5,139.500000,5.000000,0.000000,-0.000282,697.5006,0.0000,19.9607
PM2.5,139.575000,5.000000,0.000000,-0.000282,697.8756,0.0000,19.9607
PM2.5,139.650000,5.000000,0.000000,-0.000282,698.2506,0.0000,19.9607
PM2.5,139.725000,5.000000,0.000000,-0.000282,698.6256,0.0000,19.9606
PM2.5,139.800000,5.000000,0.000000,-0.000282,699.0006,0.0000,19.9606
PM2.5,139.875000,5.000000,0.000000,-0.000282,699.3756,0.0000,19.9606
PM2.5,139.950000,5.000000,0.000000,-0.000282,699.7506,0.0000,19.9606
PM2.5,140.025000,5.000000,0.000000,-0.000282,700.1256,0.0000,19.9605
PM2.5,140.100000,5.000000,0.000000,-0.000282,700.5006,0.0000,19.9605
PM2.5,140.175000,5.000000,0.000000,-0.000282,700.8756,0.0000,19.9605
PM2.5,140.250000,5.000000,0.000000,-0.000282,701.2506,0.0000,19.9605
PM2.5,140.325000,5.000000,0.000000,-0.000282,701.6256,0.0000,19.9605
PM2.5,140.400000,5.000000,0.000000,-0.000282,702.0006,0.0000,19.9604
PM2.5,140.475000,5.000000,0.000000,-0.000282,702.3756,0.0000,19.9604
PM2.5,140.550000,5.000000,0.000000,-0.000282,702.7506,0.0000,19.9604
PM2.5,140.625000,5.000000,0.000000,-0.000282,703.1256,0.0000,19.9604
PM2.5,140.700000,5.000000,0.000000,-0.000282,703.5006,0.0000,19.9604
PM2.5,140.775000,5.000000,0.000000,-0.000282,703.8756,0.0000,19.9603
PM2.5,140.850000,5.000000,0.000000,-0.000282,704.2506,0.0000,19.9603
PM2.5,140.925000,5.000000,0.000000,-0.000282,704.6256,0.0000,19.9603
PM2.5,141.000000,5.000000,0.000000,-0.000282,705.0006,0.0000,19.9603
PM2.5,141.075000,5.000000,0.000000,-0.000282,705.3756,0.0000,19.9602
PM2.5,141.150000,5.000000,0.000000,-0.000282,705.7506,0.0000,19.9602
PM2.5,141.225000,5.000000,0.000000,-0.000282,706.1256,0.0000,19.9602
PM2.5,141.300000,5.000000,0.000000,-0.000282,706.5006,0.0000,19.9602
PM2.5,141.375000,5.000000,0.000000,-0.000282,706.8756,0.0000,19.9602
PM2.5,141.450000,5.000000,0.000000,-0.000282,707.2506,0.0000,19.9601
PM2.5,141.525000,5.000000,0.000000,-0.000282,707.6256,0.0000,19.9601
PM2.5,141.600000,5.000000,0.000000,-0.000282,708.0006,0.0000,19.9601
PM2.5,141.675000,5.000000,0.000000,-0.000282,708.3756,0.0000,19.9601
PM2.5,141.750000,5.000000,0.000000,-0.000282,708.7506,0.0000,19.9601
PM2.5,141.825000,5.000000,0.000000,-0.000282,709.1256,0.0000,19.9600
PM2.5,141.900000,5.000000,0.000000,-0.000282,709.5006,0.0000,19.9600
PM2.5,141.975000,5.000000,0.000000,-0.000282,709.8756,0.0000,19.9600
PM2.5,142.050000,5.000000,0.000000,-0.000282,710.2506,0.0000,19.9600
PM2.5,142.125000,5.000000,0.000000,-0.000282,710.6256,0.0000,19.9600
PM2.5,142.200000,5.000000,0.000000,-0.000282,711.0006,0.0000,19.9599
PM2.5,142.275000,5.000000,0.000000,-0.000282,711.3756,0.0000,19.9599
PM2.5,142.350000,5.000000,0.000000,-0.000282,711.7506,0.0000,19.9599
PM2.5,142.425000,5.000000,0.000000,-0.000282,712.1256,0.0000,19.9599
PM2.5,142.500000,5.000000,0.000000,-0.000282,712.5006,0.0000,19.9598
PM2.5,142.575000,5.000000,0.000000,-0.000282,712.8756,0.0000,19.9598
PM2.5,142.650000,5.000000,0.000000,-0.000282,713.2506,0.0000,19.9598
PM2.5,142.725000,5.000000,0.000000,-0.000282,713.6256,0.0000,19.9598
PM2.5,142.800000,5.000000,0.000000,-0.000282,714.0006,0.0000,19.9598
PM2.5,142.875000,5.000000,0.000000,-0.000282,714.3756,0.0000,19.9597
PM2.5,142.950000,5.000000,0.000000,-0.000282,714.7506,0.0000,19.9597
PM2.5,143.025000,5.000000,0.000000,-0.000282,715.1256,0.0000,19.9597
PM2.5,143.100000,5.000000,0.000000,-0.000282,715.5006,0.0000,19.9597
PM2.5,143.175000,5.000000,0.000000,-0.000282,715.8756,0.0000,19.9597
PM2.5,143.250000,5.000000,0.000000,-0.000282,716.2506,0.0000,19.9596
PM2.5,143.325000,5.000000,0.000000,-0.000282,716.6256,0.0000,19.9596
PM2.5,143.400000,5.000000,0.000000,-0.000282,717.0006,0.0000,19.9596
PM2.5,143.475000,5.000000,0.000000,-0.000282,717.3756,0.0000,19.9596
PM2.5,143.550000,5.000000,0.000000,-0.000282,717.7506,0.0000,19.9596
PM2.5,143.625000,5.000000,0.000000,-0.000282,718.1256,0.0000,19.9595
PM2.5,143.700000,5.000000,0.000000,-0.000282,718.5006,0.0000,19.9595
PM2.5,143.775000,5.000000,0.000000,-0.000282,718.8756,0.0000,19.9595
PM2.5,143.850000,5.000000,0.000000,-0.000282,719.2506,0.0000,19.9595
PM2.5,143.925000,5.000000,0.000000,-0.000282,719.6256,0.0000,19.9594
PM2.5,144.000000,5.000000,0.000000,-0.000282,720.0006,0.0000,19.9594
PM2.5,144.075000,5.000000,0.000000,-0.000282,720.3756,0.0000,19.9594
PM2.5,144.150000,5.000000,0.000000,-0.000282,720.7506,0.0000,19.9594
PM2.5,144.225000,5.000000,0.000000,-0.000282,721.1256,0.0000,19.9594
PM2.5,144.300000,5.000000,0.000000,-0.000282,721.5006,0.0000,19.9593
PM2.5,144.375000,5.000000,0.000000,-0.000282,721.8756,0.0000,19.9593
PM2.5,144.450000,5.000000,0.000000,-0.000282,722.2506,0.0000,19.9593
PM2.5,144.525000,5.000000,0.000000,-0.000282,722.6256,0.0000,19.9593
PM2.5,144.600000,5.000000,0.000000,-0.000282,723.0006,0.0000,19.9593
PM2.5,144.675000,5.000000,0.000000,-0.000282,723.3756,0.0000,19.9592
PM2.5,144.750000,5.000000,0.000000,-0.000282,723.7506,0.0000,19.9592
PM2.5,144.825000,5.000000,0.000000,-0.000282,724.1256,0.0000,19.9592
PM2.5,144.900000,5.000000,0.000000,-0.000282,724.5006,0.0000,19.9592
PM2.5,144.975000,5.000000,0.000000,-0.000282,724.8756,0.0000,19.9592
PM2.5,145.050000,5.000000,0.000000,-0.000282,725.2506,0.0000,19.9591
PM2.5,145.125000,5.000000,0.000000,-0.000282,725.6256,0.0000,19.9591
PM2.5,145.200000,5.000000,0.000000,-0.000282,726.0006,0.0000,19.9591
PM2.5,145.275000,5.000000,0.000000,-0.000282,726.3756,0.0000,19.9591
PM2.5,145.350000,5.000000,0.000000,-0.000282,726.7506,0.0000,19.9590
PM2.5,145.425000,5.000000,0.000000,-0.000282,727.1256,0.0000,19.9590
PM2.5,145.500000,5.000000,0.000000,-0.000282,727.5006,0.0000,19.9590
PM2.5,145.575000,5.000000,0.000000,-0.000282,727.8756,0.0000,19.9590
PM2.5,145.650000,5.000000,0.000000,-0.000282,728.2506,0.0000,19.9590
PM2.5,145.725000,5.000000,0.000000,-0.000282,728.6256,0.0000,19.9589
PM2.5,145.800000,5.000000,0.000000,-0.000282,729.0006,0.0000,19.9589
PM2.5,145.875000,5.000000,0.000000,-0.000282,729.3756,0.0000,19.9589
PM2.5,145.950000,5.000000,0.000000,-0.000282,729.7506,0.0000,19.9589
PM2.5,146.025000,5.000000,0.000000,-0.000282,730.1256,0.0000,19.9589
PM2.5,146.100000,5.000000,0.000000,-0.000282,730.5006,0.0000,19.9588
PM2.5,146.175000,5.000000,0.000000,-0.000282,730.8756,0.0000,19.9588
PM2.5,146.250000,5.000000,0.000000,-0.000282,731.2506,0.0000,19.9588
PM2.5,146.325000,5.000000,0.000000,-0.000282,731.6256,0.0000,19.9588
PM2.5,146.400000,5.000000,0.000000,-0.000282,732.0006,0.0000,19.9587
PM2.5,146.475000,5.000000,0.000000,-0.000282,732.3756,0.0000,19.9587
PM2.5,146.550000,5.000000,0.000000,-0.000282,732.7506,0.0000,19.9587
PM2.5,146.625000,5.000000,0.000000,-0.000282,733.1256,0.0000,19.9587
PM2.5,146.700000,5.000000,0.000000,-0.000282,733.5006,0.0000,19.9587
PM2.5,146.775000,5.000000,0.000000,-0.000282,733.8756,0.0000,19.9586
PM2.5,146.850000,5.000000,0.000000,-0.000282,734.2506,0.0000,19.9586
PM2.5,146.925000,5.000000,0.000000,-0.000282,734.6256,0.0000,19.9586
PM2.5,147.000000,5.000000,0.000000,-0.000282,735.0006,0.0000,19.9586
PM2.5,147.075000,5.000000,0.000000,-0.000282,735.3756,0.0000,19.9586
PM2.5,147.150000,5.000000,0.000000,-0.000282,735.7506,0.0000,19.9585
PM2.5,147.225000,5.000000,0.000000,-0.000282,736.1256,0.0000,19.9585
PM2.5,147.300000,5.000000,0.000000,-0.000282,736.5006,0.0000,19.9585
PM2.5,147.375000,5.000000,0.000000,-0.000282,736.8756,0.0000,19.9585
PM2.5,147.450000,5.000000,0.000000,-0.000282,737.2506,0.0000,19.9585
PM2.5,147.525000,5.000000,0.000000,-0.000282,737.6256,0.0000,19.9584
PM2.5,147.600000,5.000000,0.000000,-0.000282,738.0006,0.0000,19.9584
PM2.5,147.675000,5.000000,0.000000,-0.000282,738.3756,0.0000,19.9584
PM2.5,147.750000,5.000000,0.000000,-0.000282,738.7506,0.0000,19.9584
PM2.5,147.825000,5.000000,0.000000,-0.000282,739.1256,0.0000,19.9583
PM2.5,147.900000,5.000000,0.000000,-0.000282,739.5006,0.0000,19.9583
PM2.5,147.975000,5.000000,0.000000,-0.000282,739.8756,0.0000,19.9583
PM2.5,148.050000,5.000000,0.000000,-0.000282,740.2506,0.0000,19.9583
PM2.5,148.125000,5.000000,0.000000,-0.000282,740.6256,0.0000,19.9583
PM2.5,148.200000,5.000000,0.000000,-0.000282,741.0006,0.0000,19.9582
PM2.5,148.275000,5.000000,0.000000,-0.000282,741.3756,0.0000,19.9582
PM2.5,148.350000,5.000000,0.000000,-0.000282,741.7506,0.0000,19.9582
PM2.5,148.425000,5.000000,0.000000,-0.000282,742.1256,0.0000,19.9582
PM2.5,148.500000,5.000000,0.000000,-0.000282,742.5006,0.0000,19.9582
PM2.5,148.575000,5.000000,0.000000,-0.000282,742.8756,0.0000,19.9581
PM2.5,148.650000,5.000000,0.000000,-0.000282,743.2506,0.0000,19.9581
PM2.5,148.725000,5.000000,0.000000,-0.000282,743.6256,0.0000,19.9581
PM2.5,148.800000,5.000000,0.000000,-0.000282,744.0006,0.0000,19.9581
PM2.5,148.875000,5.000000,0.000000,-0.000282,744.3756,0.0000,19.9581
PM2.5,148.950000,5.000000,0.000000,-0.000282,744.7506,0.0000,19.9580
PM2.5,149.025000,5.000000,0.000000,-0.000282,745.1256,0.0000,19.9580
PM2.5,149.100000,5.000000,0.000000,-0.000282,745.5006,0.0000,19.9580
PM2.5,149.175000,5.000000,0.000000,-0.000282,745.8756,0.0000,19.9580
PM2.5,149.250000,5.000000,0.000000,-0.000282,746.2506,0.0000,19.9579
PM2.5,149.325000,5.000000,0.000000,-0.000282,746.6256,0.0000,19.9579
PM2.5,149.400000,5.000000,0.000000,-0.000282,747.0006,0.0000,19.9579
PM2.5,149.475000,5.000000,0.000000,-0.000282,747.3756,0.0000,19.9579
PM2.5,149.550000,5.000000,0.000000,-0.000282,747.7506,0.0000,19.9579
PM2.5,149.625000,5.000000,0.000000,-0.000282,748.1256,0.0000,19.9578
PM2.5,149.700000,5.000000,0.000000,-0.000282,748.5006,0.0000,19.9578
PM2.5,149.775000,5.000000,0.000000,-0.000282,748.8756,0.0000,19.9578
PM2.5,149.850000,5.000000,0.000000,-0.000282,749.2506,0.0000,19.9578
PM2.5,149.925000,5.000000,0.000000,-0.000282,749.6256,0.0000,19.9578
PM2.5,150.000000,5.000000,0.000000,-0.000282,750.0006,0.0000,19.9577
PM10,0.000000,0.000000,0.000000,0.000000,0.0000,0.0000,20.0000
PM10,0.075000,5.000000,0.000000,-0.006011,0.3720,0.0000,19.9996
PM10,0.150000,5.000000,0.000000,-0.006011,0.7470,0.0000,19.9991
PM10,0.225000,5.000000,0.000000,-0.006011,1.1220,0.0000,19.9987
PM10,0.300000,5.000000,0.000000,-0.006011,1.4970,0.0000,19.9982
PM10,0.375000,5.000000,0.000000,-0.006011,1.8720,0.0000,19.9977
PM10,0.450000,5.000000,0.000000,-0.006011,2.2470,0.0000,19.9973
PM10,0.525000,5.000000,0.000000,-0.006011,2.6220,0.0000,19.9968
PM10,0.600000,5.000000,0.000000,-0.006011,2.9970,0.0000,19.9964
PM10,0.675000,5.000000,0.000000,-0.006011,3.3720,0.0000,19.9959
PM10,0.750000,5.000000,0.000000,-0.006011,3.7470,0.0000,19.9955
PM10,0.825000,5.000000,0.000000,-0.006011,4.1220,0.0000,19.9950
PM10,0.900000,5.000000,0.000000,-0.006011,4.4970,0.0000,19.9946
PM10,0.975000,5.000000,0.000000,-0.006011,4.8720,0.0000,19.9941
PM10,1.050000,5.000000,0.000000,-0.006011,5.2470,0.0000,19.9937
PM10,1.125000,5.000000,0.000000,-0.006011,5.6220,0.0000,19.9932
PM10,1.200000,5.000000,0.000000,-0.006011,5.9970,0.0000,19.9928
PM10,1.275000,5.000000,0.000000,-0.006011,6.3720,0.0000,19.9923
PM10,1.350000,5.000000,0.000000,-0.006011,6.7470,0.0000,19.9919
PM10,1.425000,5.000000,0.000000,-0.006011,7.1220,0.0000,19.9914
PM10,1.500000,5.000000,0.000000,-0.006011,7.4970,0.0000,19.9910
PM10,1.575000,5.000000,0.000000,-0.006011,7.8720,0.0000,19.9905
PM10,1.650000,5.000000,0.000000,-0.006011,8.2470,0.0000,19.9901
PM10,1.725000,5.000000,0.000000,-0.006011,8.6220,0.0000,19.9896
PM10,1.800000,5.000000,0.000000,-0.006011,8.9970,0.0000,19.9892
PM10,1.875000,5.000000,0.000000,-0.006011,9.3720,0.0000,19.9887
PM10,1.950000,5.000000,0.000000,-0.006011,9.7470,0.0000,19.9883
PM10,2.025000,5.000000,0.000000,-0.006011,10.1220,0.0000,19.9878
PM10,2.100000,5.000000,0.000000,-0.006011,10.4970,0.0000,19.9874
PM10,2.175000,5.000000,0.000000,-0.006011,10.8720,0.0000,19.9869
PM10,2.250000,5.000000,0.000000,-0.006011,11.2470,0.0000,19.9865
PM10,2.325000,5.000000,0.000000,-0.006011,11.6220,0.0000,19.9860
PM10,2.400000,5.000000,0.000000,-0.006011,11.9970,0.0000,19.9856
PM10,2.475000,5.000000,0.000000,-0.006011,12.3720,0.0000,19.9851
PM10,2.550000,5.000000,0.000000,-0.006011,12.7470,0.0000,19.9847
PM10,2.625000,5.000000,0.000000,-0.006011,13.1220,0.0000,19.9842
PM10,2.700000,5.000000,0.000000,-0.006011,13.4970,0.0000,19.9838
PM10,2.775000,5.000000,0.000000,-0.006011,13.8720,0.0000,19.9833
PM10,2.850000,5.000000,0.000000,-0.006011,14.2470,0.0000,19.9829
PM10,2.925000,5.000000,0.000000,-0.006011,14.6220,0.0000,19.9824
PM10,3.000000,5.000000,0.000000,-0.006011,14.9970,0.0000,19.9820
PM10,3.075000,5.000000,0.000000,-0.006011,15.3720,0.0000,19.9815
PM10,3.150000,5.000000,0.000000,-0.006011,15.7470,0.0000,19.9811
PM10,3.225000,5.000000,0.000000,-0.006011,16.1220,0.0000,19.9806
PM10,3.300000,5.000000,0.000000,-0.006011,16.4970,0.0000,19.9802
PM10,3.375000,5.000000,0.000000,-0.006011,16.8720,0.0000,19.9797
PM10,3.450000,5.000000,0.000000,-0.006011,17.2470,0.0000,19.9793
PM10,3.525000,5.000000,0.000000,-0.006011,17.6220,0.0000,19.9788
PM10,3.600000,5.000000,0.000000,-0.006011,17.9970,0.0000,19.9784
PM10,3.675000,5.000000,0.000000,-0.006011,18.3720,0.0000,19.9779
PM10,3.750000,5.000000,0.000000,-0.006011,18.7470,0.0000,19.9775
PM10,3.825000,5.000000,0.000000,-0.006011,19.1220,0.0000,19.9770
PM10,3.900000,5.000000,0.000000,-0.006011,19.4970,0.0000,19.9766
PM10,3.975000,5.000000,0.000000,-0.006011,19.8720,0.0000,19.9761
PM10,4.050000,5.000000,0.000000,-0.006011,20.2470,0.0000,19.9757
PM10,4.125000,5.000000,0.000000,-0.006011,20.6220,0.0000,19.9752
PM10,4.200000,5.000000,0.000000,-0.006011,20.9970,0.0000,19.9748
PM10,4.275000,5.000000,0.000000,-0.006011,21.3720,0.0000,19.9743
PM10,4.350000,5.000000,0.000000,-0.006011,21.7470,0.0000,19.9739
PM10,4.425000,5.000000,0.000000,-0.006011,22.1220,0.0000,19.9734
PM10,4.500000,5.000000,0.000000,-0.006011,22.4970,0.0000,19.9730
PM10,4.575000,5.000000,0.000000,-0.006011,22.8720,0.0000,19.9725
PM10,4.650000,5.000000,0.000000,-0.006011,23.2470,0.0000,19.9721
PM10,4.725000,5.000000,0.000000,-0.006011,23.6220,0.0000,19.9716
PM10,4.800000,5.000000,0.000000,-0.006011,23.9970,0.0000,19.9712
PM10,4.875000,5.000000,0.000000,-0.006011,24.3720,0.0000,19.9707
PM10,4.950000,5.000000,0.000000,-0.006011,24.7470,0.0000,19.9702
PM10,5.025000,5.000000,0.000000,-0.006011,25.1220,0.0000,19.9698
PM10,5.100000,5.000000,0.000000,-0.006011,25.4970,0.0000,19.9693
PM10,5.175000,5.000000,0.000000,-0.006011,25.8720,0.0000,19.9689
PM10,5.250000,5.000000,0.000000,-0.006011,26.2470,0.0000,19.9684
PM10,5.325000,5.000000,0.000000,-0.006011,26.6220,0.0000,19.9680
PM10,5.400000,5.000000,0.000000,-0.006011,26.9970,0.0000,19.9675
PM10,5.475000,5.000000,0.000000,-0.006011,27.3720,0.0000,19.9671
PM10,5.550000,5.000000,0.000000,-0.006011,27.7470,0.0000,19.9666
PM10,5.625000,5.000000,0.000000,-0.006011,28.1220,0.0000,19.9662
PM10,5.700000,5.000000,0.000000,-0.006011,28.4970,0.0000,19.9657
PM10,5.775000,5.000000,0.000000,-0.006011,28.8720,0.0000,19.9653
PM10,5.850000,5.000000,0.000000,-0.006011,29.2470,0.0000,19.9648
PM10,5.925000,5.000000,0.000000,-0.006011,29.6220,0.0000,19.9644
PM10,6.000000,5.000000,0.000000,-0.006011,29.9970,0.0000,19.9639
PM10,6.075000,5.000000,0.000000,-0.006011,30.3720,0.0000,19.9635
PM10,6.150000,5.000000,0.000000,-0.006011,30.7470,0.0000,19.9630
PM10,6.225000,5.000000,0.000000,-0.006011,31.1220,0.0000,19.9626
PM10,6.300000,5.000000,0.000000,-0.006011,31.4970,0.0000,19.9621
PM10,6.375000,5.000000,0.000000,-0.006011,31.8720,0.0000,19.9617
PM10,6.450000,5.000000,0.000000,-0.006011,32.2470,0.0000,19.9612
PM10,6.525000,5.000000,0.000000,-0.006011,32.6220,0.0000,19.9608
PM10,6.600000,5.000000,0.000000,-0.006011,32.9970,0.0000,19.9603
PM10,6.675000,5.000000,0.000000,-0.006011,33.3720,0.0000,19.9599
PM10,6.750000,5.000000,0.000000,-0.006011,33.7470,0.0000,19.9594
PM10,6.825000,5.000000,0.000000,-0.006011,34.1220,0.0000,19.9590
PM10,6.900000,5.000000,0.000000,-0.006011,34.4970,0.0000,19.9585
PM10,6.975000,5.000000,0.000000,-0.006011,34.8720,0.0000,19.9581
PM10,7.050000,5.000000,0.000000,-0.006011,35.2470,0.0000,19.9576
PM10,7.125000,5.000000,0.000000,-0.006011,35.6220,0.0000,19.9572
PM10,7.200000,5.000000,0.000000,-0.006011,35.9970,0.0000,19.9567
PM10,7.275000,5.000000,0.000000,-0.006011,36.3720,0.0000,19.9563
PM10,7.350000,5.000000,0.000000,-0.006011,36.7470,0.0000,19.9558
PM10,7.425000,5.000000,0.000000,-0.006011,37.1220,0.0000,19.9554
PM10,7.500000,5.000000,0.000000,-0.006011,37.4970,0.0000,19.9549
PM10,7.575000,5.000000,0.000000,-0.006011,37.8720,0.0000,19.9545
PM10,7.650000,5.000000,0.000000,-0.006011,38.2470,0.0000,19.9540
PM10,7.725000,5.000000,0.000000,-0.006011,38.6220,0.0000,19.9536
PM10,7.800000,5.000000,0.000000,-0.006011,38.9970,0.0000,19.9531
PM10,7.875000,5.000000,0.000000,-0.006011,39.3720,0.0000,19.9527
PM10,7.950000,5.000000,0.000000,-0.006011,39.7470,0.0000,19.9522
PM10,8.025000,5.000000,0.000000,-0.006011,40.1220,0.0000,19.9518
PM10,8.100000,5.000000,0.000000,-0.006011,40.4970,0.0000,19.9513
PM10,8.175000,5.000000,0.000000,-0.006011,40.8720,0.0000,19.9509
PM10,8.250000,5.000000,0.000000,-0.006011,41.2470,0.0000,19.9504
PM10,8.325000,5.000000,0.000000,-0.006011,41.6220,0.0000,19.9500
PM10,8.400000,5.000000,0.000000,-0.006011,41.9970,0.0000,19.9495
PM10,8.475000,5.000000,0.000000,-0.006011,42.3720,0.0000,19.9491
PM10,8.550000,5.000000,0.000000,-0.006011,42.7470,0.0000,19.9486
PM10,8.625000,5.000000,0.000000,-0.006011,43.1220,0.0000,19.9482
PM10,8.700000,5.000000,0.000000,-0.006011,43.4970,0.0000,19.9477
PM10,8.775000,5.000000,0.000000,-0.006011,43.8720,0.0000,19.9473
PM10,8.850000,5.000000,0.000000,-0.006011,44.2470,0.0000,19.9468
PM10,8.925000,5.000000,0.000000,-0.006011,44.6220,0.0000,19.9464
PM10,9.000000,5.000000,0.000000,-0.006011,44.9970,0.0000,19.9459
PM10,9.075000,5.000000,0.000000,-0.006011,45.3720,0.0000,19.9455
PM10,9.150000,5.000000,0.000000,-0.006011,45.7470,0.0000,19.9450
PM10,9.225000,5.000000,0.000000,-0.006011,46.1220,0.0000,19.9446
PM10,9.300000,5.000000,0.000000,-0.006011,46.4970,0.0000,19.9441
PM10,9.375000,5.000000,0.000000,-0.006011,46.8720,0.0000,19.9436
PM10,9.450000,5.000000,0.000000,-0.006011,47.2470,0.0000,19.9432
PM10,9.525000,5.000000,0.000000,-0.006011,47.6220,0.0000,19.9427
PM10,9.600000,5.000000,0.000000,-0.006011,47.9970,0.0000,19.9423
PM10,9.675000,5.000000,0.000000,-0.006011,48.3720,0.0000,19.9418
PM10,9.750000,5.000000,0.000000,-0.006011,48.7470,0.0000,19.9414
PM10,9.825000,5.000000,0.000000,-0.006011,49.1220,0.0000,19.9409
PM10,9.900000,5.000000,0.000000,-0.006011,49.4970,0.0000,19.9405
PM10,9.975000,5.000000,0.000000,-0.006011,49.8720,0.0000,19.9400
PM10,10.050000,5.000000,0.000000,-0.006011,50.2470,0.0000,19.9396
PM10,10.125000,5.000000,0.000000,-0.006011,50.6220,0.0000,19.9391
PM10,10.200000,5.000000,0.000000,-0.006011,50.9970,0.0000,19.9387
PM10,10.275000,5.000000,0.000000,-0.006011,51.3720,0.0000,19.9382
PM10,10.350000,5.000000,0.000000,-0.006011,51.7470,0.0000,19.9378
PM10,10.425000,5.000000,0.000000,-0.006011,52.1220,0.0000,19.9373
PM10,10.500000,5.000000,0.000000,-0.006011,52.4970,0.0000,19.9369
PM10,10.575000,5.000000,0.000000,-0.006011,52.8720,0.0000,19.9364
PM10,10.650000,5.000000,0.000000,-0.006011,53.2470,0.0000,19.9360
PM10,10.725000,5.000000,0.000000,-0.006011,53.6220,0.0000,19.9355
PM10,10.800000,5.000000,0.000000,-0.006011,53.9970,0.0000,19.9351
PM10,10.875000,5.000000,0.000000,-0.006011,54.3720,0.0000,19.9346
PM10,10.950000,5.000000,0.000000,-0.006011,54.7470,0.0000,19.9342
PM10,11.025000,5.000000,0.000000,-0.006011,55.1220,0.0000,19.9337
PM10,11.100000,5.000000,0.000000,-0.006011,55.4970,0.0000,19.9333
PM10,11.175000,5.000000,0.000000,-0.006011,55.8720,0.0000,19.9328
PM10,11.250000,5.000000,0.000000,-0.006011,56.2470,0.0000,19.9324
PM10,11.325000,5.000000,0.000000,-0.006011,56.6220,0.0000,19.9319
PM10,11.400000,5.000000,0.000000,-0.006011,56.9970,0.0000,19.9315
PM10,11.475000,5.000000,0.000000,-0.006011,57.3720,0.0000,19.9310
PM10,11.550000,5.000000,0.000000,-0.006011,57.7470,0.0000,19.9306
PM10,11.625000,5.000000,0.000000,-0.006011,58.1220,0.0000,19.9301
PM10,11.700000,5.000000,0.000000,-0.006011,58.4970,0.0000,19.9297
PM10,11.775000,5.000000,0.000000,-0.006011,58.8720,0.0000,19.9292
PM10,11.850000,5.000000,0.000000,-0.006011,59.2470,0.0000,19.9288
PM10,11.925000,5.000000,0.000000,-0.006011,59.6220,0.0000,19.9283
PM10,12.000000,5.000000,0.000000,-0.006011,59.9970,0.0000,19.9279
PM10,12.075000,5.000000,0.000000,-0.006011,60.3720,0.0000,19.9274
PM10,12.150000,5.000000,0.000000,-0.006011,60.7470,0.0000,19.9270
PM10,12.225000,5.000000,0.000000,-0.006011,61.1220,0.0000,19.9265
PM10,12.300000,5.000000,0.000000,-0.006011,61.4970,0.0000,19.9261
PM10,12.375000,5.000000,0.000000,-0.006011,61.8720,0.0000,19.9256
PM10,12.450000,5.000000,0.000000,-0.006011,62.2470,0.0000,19.9252
PM10,12.525000,5.000000,0.000000,-0.006011,62.6220,0.0000,19.9247
PM10,12.600000,5.000000,0.000000,-0.006011,62.9970,0.0000,19.9243
PM10,12.675000,5.000000,0.000000,-0.006011,63.3720,0.0000,19.9238
PM10,12.750000,5.000000,0.000000,-0.006011,63.7470,0.0000,19.9234
PM10,12.825000,5.000000,0.000000,-0.006011,64.1220,0.0000,19.9229
PM10,12.900000,5.000000,0.000000,-0.006011,64.4970,0.0000,19.9225
PM10,12.975000,5.000000,0.000000,-0.006011,64.8720,0.0000,19.9220
PM10,13.050000,5.000000,0.000000,-0.006011,65.2470,0.0000,19.9216
PM10,13.125000,5.000000,0.000000,-0.006011,65.6220,0.0000,19.9211
PM10,13.200000,5.000000,0.000000,-0.006011,65.9970,0.0000,19.9207
PM10,13.275000,5.000000,0.000000,-0.006011,66.3720,0.0000,19.9202
PM10,13.350000,5.000000,0.000000,-0.006011,66.7470,0.0000,19.9198
PM10,13.425000,5.000000,0.000000,-0.006011,67.1220,0.0000,19.9193
PM10,13.500000,5.000000,0.000000,-0.006011,67.4970,0.0000,19.9189
PM10,13.575000,5.000000,0.000000,-0.006011,67.8720,0.0000,19.9184
PM10,13.650000,5.000000,0.000000,-0.006011,68.2470,0.0000,19.9180
PM10,13.725000,5.000000,0.000000,-0.006011,68.6220,0.0000,19.9175
PM10,13.800000,5.000000,0.000000,-0.006011,68.9970,0.0000,19.9171
PM10,13.875000,5.000000,0.000000,-0.006011,69.3720,0.0000,19.9166
PM10,13.950000,5.000000,0.000000,-0.006011,69.7470,0.0000,19.9161
PM10,14.025000,5.000000,0.000000,-0.006011,70.1220,0.0000,19.9157
PM10,14.100000,5.000000,0.000000,-0.006011,70.4970,0.0000,19.9152
PM10,14.175000,5.000000,0.000000,-0.006011,70.8720,0.0000,19.9148
PM10,14.250000,5.000000,0.000000,-0.006011,71.2470,0.0000,19.9143
PM10,14.325000,5.000000,0.000000,-0.006011,71.6220,0.0000,19.9139
PM10,14.400000,5.000000,0.000000,-0.006011,71.9970,0.0000,19.9134
PM10,14.475000,5.000000,0.000000,-0.006011,72.3720,0.0000,19.9130
PM10,14.550000,5.000000,0.000000,-0.006011,72.7470,0.0000,19.9125
PM10,14.625000,5.000000,0.000000,-0.006011,73.1220,0.0000,19.9121
PM10,14.700000,5.000000,0.000000,-0.006011,73.4970,0.0000,19.9116
PM10,14.775000,5.000000,0.000000,-0.006011,73.8720,0.0000,19.9112
PM10,14.850000,5.000000,0.000000,-0.006011,74.2470,0.0000,19.9107
PM10,14.925000,5.000000,0.000000,-0.006011,74.6220,0.0000,19.9103
PM10,15.000000,5.000000,0.000000,-0.006011,74.9970,0.0000,19.9098
PM10,15.075000,5.000000,0.000000,-0.006011,75.3720,0.0000,19.9094
PM10,15.150000,5.000000,0.000000,-0.006011,75.7470,0.0000,19.9089
PM10,15.225000,5.000000,0.000000,-0.006011,76.1220,0.0000,19.9085
PM10,15.300000,5.000000,0.000000,-0.006011,76.4970,0.0000,19.9080
PM10,15.375000,5.000000,0.000000,-0.006011,76.8720,0.0000,19.9076
PM10,15.450000,5.000000,0.000000,-0.006011,77.2470,0.0000,19.9071
PM10,15.525000,5.000000,0.000000,-0.006011,77.6220,0.0000,19.9067
PM10,15.600000,5.000000,0.000000,-0.006011,77.9970,0.0000,19.9062
PM10,15.675000,5.000000,0.000000,-0.006011,78.3720,0.0000,19.9058
PM10,15.750000,5.000000,0.000000,-0.006011,78.7470,0.0000,19.9053
PM10,15.825000,5.000000,0.000000,-0.006011,79.1220,0.0000,19.9049
PM10,15.900000,5.000000,0.000000,-0.006011,79.4970,0.0000,19.9044
PM10,15.975000,5.000000,0.000000,-0.006011,79.8720,0.0000,19.9040
PM10,16.050000,5.000000,0.000000,-0.006011,80.2470,0.0000,19.9035
PM10,16.125000,5.000000,0.000000,-0.006011,80.6220,0.0000,19.9031
PM10,16.200000,5.000000,0.000000,-0.006011,80.9970,0.0000,19.9026
PM10,16.275000,5.000000,0.000000,-0.006011,81.3720,0.0000,19.9022
PM10,16.350000,5.000000,0.000000,-0.006011,81.7470,0.0000,19.9017
PM10,16.425000,5.000000,0.000000,-0.006011,82.1220,0.0000,19.9013
PM10,16.500000,5.000000,0.000000,-0.006011,82.4970,0.0000,19.9008
PM10,16.575000,5.000000,0.000000,-0.006011,82.8720,0.0000,19.9004
PM10,16.650000,5.000000,0.000000,-0.006011,83.2470,0.0000,19.8999
PM10,16.725000,5.000000,0.000000,-0.006011,83.6220,0.0000,19.8995
PM10,16.800000,5.000000,0.000000,-0.006011,83.9970,0.0000,19.8990
PM10,16.875000,5.000000,0.000000,-0.006011,84.3720,0.0000,19.8986
PM10,16.950000,5.000000,0.000000,-0.006011,84.7470,0.0000,19.8981
PM10,17.025000,5.000000,0.000000,-0.006011,85.1220,0.0000,19.8977
PM10,17.100000,5.000000,0.000000,-0.006011,85.4970,0.0000,19.8972
PM10,17.175000,5.000000,0.000000,-0.006011,85.8720,0.0000,19.8968
PM10,17.250000,5.000000,0.000000,-0.006011,86.2470,0.0000,19.8963
PM10,17.325000,5.000000,0.000000,-0.006011,86.6220,0.0000,19.8959
PM10,17.400000,5.000000,0.000000,-0.006011,86.9970,0.0000,19.8954
PM10,17.475000,5.000000,0.000000,-0.006011,87.3720,0.0000,19.8950
PM10,17.550000,5.000000,0.000000,-0.006011,87.7470,0.0000,19.8945
PM10,17.625000,5.000000,0.000000,-0.006011,88.1220,0.0000,19.8941
PM10,17.700000,5.000000,0.000000,-0.006011,88.4970,0.0000,19.8936
PM10,17.775000,5.000000,0.000000,-0.006011,88.8720,0.0000,19.8932
PM10,17.850000,5.000000,0.000000,-0.006011,89.2470,0.0000,19.8927
PM10,17.925000,5.000000,0.000000,-0.006011,89.6220,0.0000,19.8923
PM10,18.000000,5.000000,0.000000,-0.006011,89.9970,0.0000,19.8918
PM10,18.075000,5.000000,0.000000,-0.006011,90.3720,0.0000,19.8914
PM10,18.150000,5.000000,0.000000,-0.006011,90.7470,0.0000,19.8909
PM10,18.225000,5.000000,0.000000,-0.006011,91.1220,0.0000,19.8905
PM10,18.300000,5.000000,0.000000,-0.006011,91.4970,0.0000,19.8900
PM10,18.375000,5.000000,0.000000,-0.006011,91.8720,0.0000,19.8896
PM10,18.450000,5.000000,0.000000,-0.006011,92.2470,0.0000,19.8891
PM10,18.525000,5.000000,0.000000,-0.006011,92.6220,0.0000,19.8886
PM10,18.600000,5.000000,0.000000,-0.006011,92.9970,0.0000,19.8882
PM10,18.675000,5.000000,0.000000,-0.006011,93.3720,0.0000,19.8877
PM10,18.750000,5.000000,0.000000,-0.006011,93.7470,0.0000,19.8873
PM10,18.825000,5.000000,0.000000,-0.006011,94.1220,0.0000,19.8868
PM10,18.900000,5.000000,0.000000,-0.006011,94.4970,0.0000,19.8864
PM10,18.975000,5.000000,0.000000,-0.006011,94.8720,0.0000,19.8859
PM10,19.050000,5.000000,0.000000,-0.006011,95.2470,0.0000,19.8855
PM10,19.125000,5.000000,0.000000,-0.006011,95.6220,0.0000,19.8850
PM10,19.200000,5.000000,0.000000,-0.006011,95.9970,0.0000,19.8846
PM10,19.275000,5.000000,0.000000,-0.006011,96.3720,0.0000,19.8841
PM10,19.350000,5.000000,0.000000,-0.006011,96.7470,0.0000,19.8837
PM10,19.425000,5.000000,0.000000,-0.006011,97.1220,0.0000,19.8832
PM10,19.500000,5.000000,0.000000,-0.006011,97.4970,0.0000,19.8828
PM10,19.575000,5.000000,0.000000,-0.006011,97.8720,0.0000,19.8823
PM10,19.650000,5.000000,0.000000,-0.006011,98.2470,0.0000,19.8819
PM10,19.725000,5.000000,0.000000,-0.006011,98.6220,0.0000,19.8814
PM10,19.800000,5.000000,0.000000,-0.006011,98.9970,0.0000,19.8810
PM10,19.875000,5.000000,0.000000,-0.006011,99.3720,0.0000,19.8805
PM10,19.950000,5.000000,0.000000,-0.006011,99.7470,0.0000,19.8801
PM10,20.025000,5.000000,0.000000,-0.006011,100.1220,0.0000,19.8796
PM10,20.100000,5.000000,0.000000,-0.006011,100.4970,0.0000,19.8792
PM10,20.175000,5.000000,0.000000,-0.006011,100.8720,0.0000,19.8787
PM10,20.250000,5.000000,0.000000,-0.006011,101.2470,0.0000,19.8783
PM10,20.325000,5.000000,0.000000,-0.006011,101.6220,0.0000,19.8778
PM10,20.400000,5.000000,0.000000,-0.006011,101.9970,0.0000,19.8774
PM10,20.475000,5.000000,0.000000,-0.006011,102.3720,0.0000,19.8769
PM10,20.550000,5.000000,0.000000,-0.006011,102.7470,0.0000,19.8765
PM10,20.625000,5.000000,0.000000,-0.006011,103.1220,0.0000,19.8760
PM10,20.700000,5.000000,0.000000,-0.006011,103.4970,0.0000,19.8756
PM10,20.775000,5.000000,0.000000,-0.006011,103.8720,0.0000,19.8751
PM10,20.850000,5.000000,0.000000,-0.006011,104.2470,0.0000,19.8747
PM10,20.925000,5.000000,0.000000,-0.006011,104.6220,0.0000,19.8742
PM10,21.000000,5.000000,0.000000,-0.006011,104.9970,0.0000,19.8738
PM10,21.075000,5.000000,0.000000,-0.006011,105.3720,0.0000,19.8733
PM10,21.150000,5.000000,0.000000,-0.006011,105.7470,0.0000,19.8729
PM10,21.225000,5.000000,0.000000,-0.006011,106.1220,0.0000,19.8724
PM10,21.300000,5.000000,0.000000,-0.006011,106.4970,0.0000,19.8720
PM10,21.375000,5.000000,0.000000,-0.006011,106.8720,0.0000,19.8715
PM10,21.450000,5.000000,0.000000,-0.006011,107.2470,0.0000,19.8711
PM10,21.525000,5.000000,0.000000,-0.006011,107.6220,0.0000,19.8706
PM10,21.600000,5.000000,0.000000,-0.006011,107.9970,0.0000,19.8702
PM10,21.675000,5.000000,0.000000,-0.006011,108.3720,0.0000,19.8697
PM10,21.750000,5.000000,0.000000,-0.006011,108.7470,0.0000,19.8693
PM10,21.825000,5.000000,0.000000,-0.006011,109.1220,0.0000,19.8688
PM10,21.900000,5.000000,0.000000,-0.006011,109.4970,0.0000,19.8684
PM10,21.975000,5.000000,0.000000,-0.006011,109.8720,0.0000,19.8679
PM10,22.050000,5.000000,0.000000,-0.006011,110.2470,0.0000,19.8675
PM10,22.125000,5.000000,0.000000,-0.006011,110.6220,0.0000,19.8670
PM10,22.200000,5.000000,0.000000,-0.006011,110.9970,0.0000,19.8666
PM10,22.275000,5.000000,0.000000,-0.006011,111.3720,0.0000,19.8661
PM10,22.350000,5.000000,0.000000,-0.006011,111.7470,0.0000,19.8657
PM10,22.425000,5.000000,0.000000,-0.006011,112.1220,0.0000,19.8652
PM10,22.500000,5.000000,0.000000,-0.006011,112.4970,0.0000,19.8648
PM10,22.575000,5.000000,0.000000,-0.006011,112.8720,0.0000,19.8643
PM10,22.650000,5.000000,0.000000,-0.006011,113.2470,0.0000,19.8639
PM10,22.725000,5.000000,0.000000,-0.006011,113.6220,0.0000,19.8634
PM10,22.800000,5.000000,0.000000,-0.006011,113.9970,0.0000,19.8630
PM10,22.875000,5.000000,0.000000,-0.006011,114.3720,0.0000,19.8625
PM10,22.950000,5.000000,0.000000,-0.006011,114.7470,0.0000,19.8620
PM10,23.025000,5.000000,0.000000,-0.006011,115.1220,0.0000,19.8616
PM10,23.100000,5.000000,0.000000,-0.006011,115.4970,0.0000,19.8611
PM10,23.175000,5.000000,0.000000,-0.006011,115.8720,0.0000,19.8607
PM10,23.250000,5.000000,0.000000,-0.006011,116.2470,0.0000,19.8602
PM10,23.325000,5.000000,0.000000,-0.006011,116.6220,0.0000,19.8598
PM10,23.400000,5.000000,0.000000,-0.006011,116.9970,0.0000,19.8593
PM10,23.475000,5.000000,0.000000,-0.006011,117.3720,0.0000,19.8589
PM10,23.550000,5.000000,0.000000,-0.006011,117.7470,0.0000,19.8584
PM10,23.625000,5.000000,0.000000,-0.006011,118.1220,0.0000,19.8580
PM10,23.700000,5.000000,0.000000,-0.006011,118.4970,0.0000,19.8575
PM10,23.775000,5.000000,0.000000,-0.006011,118.8720,0.0000,19.8571
PM10,23.850000,5.000000,0.000000,-0.006011,119.2470,0.0000,19.8566
PM10,23.925000,5.000000,0.000000,-0.006011,119.6220,0.0000,19.8562
PM10,24.000000,5.000000,0.000000,-0.006011,119.9970,0.0000,19.8557
PM10,24.075000,5.000000,0.000000,-0.006011,120.3720,0.0000,19.8553
PM10,24.150000,5.000000,0.000000,-0.006011,120.7470,0.0000,19.8548
PM10,24.225000,5.000000,0.000000,-0.006011,121.1220,0.0000,19.8544
PM10,24.300000,5.000000,0.000000,-0.006011,121.4970,0.0000,19.8539
PM10,24.375000,5.000000,0.000000,-0.006011,121.8720,0.0000,19.8535
PM10,24.450000,5.000000,0.000000,-0.006011,122.2470,0.0000,19.8530
PM10,24.525000,5.000000,0.000000,-0.006011,122.6220,0.0000,19.8526
PM10,24.600000,5.000000,0.000000,-0.006011,122.9970,0.0000,19.8521
PM10,24.675000,5.000000,0.000000,-0.006011,123.3720,0.0000,19.8517
PM10,24.750000,5.000000,0.000000,-0.006011,123.7470,0.0000,19.8512
PM10,24.825000,5.000000,0.000000,-0.006011,124.1220,0.0000,19.8508
PM10,24.900000,5.000000,0.000000,-0.006011,124.4970,0.0000,19.8503
PM10,24.975000,5.000000,0.000000,-0.006011,124.8720,0.0000,19.8499
PM10,25.050000,5.000000,0.000000,-0.006011,125.2470,0.0000,19.8494
PM10,25.125000,5.000000,0.000000,-0.006011,125.6220,0.0000,19.8490
PM10,25.200000,5.000000,0.000000,-0.006011,125.9970,0.0000,19.8485
PM10,25.275000,5.000000,0.000000,-0.006011,126.3720,0.0000,19.8481
PM10,25.350000,5.000000,0.000000,-0.006011,126.7470,0.0000,19.8476
PM10,25.425000,5.000000,0.000000,-0.006011,127.1220,0.0000,19.8472
PM10,25.500000,5.000000,0.000000,-0.006011,127.4970,0.0000,19.8467
PM10,25.575000,5.000000,0.000000,-0.006011,127.8720,0.0000,19.8463
PM10,25.650000,5.000000,0.000000,-0.006011,128.2470,0.0000,19.8458
PM10,25.725000,5.000000,0.000000,-0.006011,128.6220,0.0000,19.8454
PM10,25.800000,5.000000,0.000000,-0.006011,128.9970,0.0000,19.8449
PM10,25.875000,5.000000,0.000000,-0.006011,129.3720,0.0000,19.8445
PM10,25.950000,5.000000,0.000000,-0.006011,129.7470,0.0000,19.8440
PM10,26.025000,5.000000,0.000000,-0.006011,130.1220,0.0000,19.8436
PM10,26.100000,5.000000,0.000000,-0.006011,130.4970,0.0000,19.8431
PM10,26.175000,5.000000,0.000000,-0.006011,130.8720,0.0000,19.8427
PM10,26.250000,5.000000,0.000000,-0.006011,131.2470,0.0000,19.8422
PM10,26.325000,5.000000,0.000000,-0.006011,131.6220,0.0000,19.8418
PM10,26.400000,5.000000,0.000000,-0.006011,131.9970,0.0000,19.8413
PM10,26.475000,5.000000,0.000000,-0.006011,132.3720,0.0000,19.8409
PM10,26.550000,5.000000,0.000000,-0.006011,132.7470,0.0000,19.8404
PM10,26.625000,5.000000,0.000000,-0.006011,133.1220,0.0000,19.8400
PM10,26.700000,5.000000,0.000000,-0.006011,133.4970,0.0000,19.8395
PM10,26.775000,5.000000,0.000000,-0.006011,133.8720,0.0000,19.8391
PM10,26.850000,5.000000,0.000000,-0.006011,134.2470,0.0000,19.8386
PM10,26.925000,5.000000,0.000000,-0.006011,134.6220,0.0000,19.8382
PM10,27.000000,5.000000,0.000000,-0.006011,134.9970,0.0000,19.8377
PM10,27.075000,5.000000,0.000000,-0.006011,135.3720,0.0000,19.8373
PM10,27.150000,5.000000,0.000000,-0.006011,135.7470,0.0000,19.8368
PM10,27.225000,5.000000,0.000000,-0.006011,136.1220,0.0000,19.8364
PM10,27.300000,5.000000,0.000000,-0.006011,136.4970,0.0000,19.8359
PM10,27.375000,5.000000,0.000000,-0.006011,136.8720,0.0000,19.8355
PM10,27.450000,5.000000,0.000000,-0.006011,137.2470,0.0000,19.8350
PM10,27.525000,5.000000,0.000000,-0.006011,137.6220,0.0000,19.8345
PM10,27.600000,5.000000,0.000000,-0.006011,137.9970,0.0000,19.8341
PM10,27.675000,5.000000,0.000000,-0.006011,138.3720,0.0000,19.8336
PM10,27.750000,5.000000,0.000000,-0.006011,138.7470,0.0000,19.8332
PM10,27.825000,5.000000,0.000000,-0.006011,139.1220,0.0000,19.8327
PM10,27.900000,5.000000,0.000000,-0.006011,139.4970,0.0000,19.8323
PM10,27.975000,5.000000,0.000000,-0.006011,139.8720,0.0000,19.8318
PM10,28.050000,5.000000,0.000000,-0.006011,140.2470,0.0000,19.8314
PM10,28.125000,5.000000,0.000000,-0.006011,140.6220,0.0000,19.8309
PM10,28.200000,5.000000,0.000000,-0.006011,140.9970,0.0000,19.8305
PM10,28.275000,5.000000,0.000000,-0.006011,141.3720,0.0000,19.8300
PM10,28.350000,5.000000,0.000000,-0.006011,141.7470,0.0000,19.8296
PM10,28.425000,5.000000,0.000000,-0.006011,142.1220,0.0000,19.8291
PM10,28.500000,5.000000,0.000000,-0.006011,142.4970,0.0000,19.8287
PM10,28.575000,5.000000,0.000000,-0.006011,142.8720,0.0000,19.8282
PM10,28.650000,5.000000,0.000000,-0.006011,143.2470,0.0000,19.8278
PM10,28.725000,5.000000,0.000000,-0.006011,143.6220,0.0000,19.8273
PM10,28.800000,5.000000,0.000000,-0.006011,143.9970,0.0000,19.8269
PM10,28.875000,5.000000,0.000000,-0.006011,144.3720,0.0000,19.8264
PM10,28.950000,5.000000,0.000000,-0.006011,144.7470,0.0000,19.8260
PM10,29.025000,5.000000,0.000000,-0.006011,145.1220,0.0000,19.8255
PM10,29.100000,5.000000,0.000000,-0.006011,145.4970,0.0000,19.8251
PM10,29.175000,5.000000,0.000000,-0.006011,145.8720,0.0000,19.8246
PM10,29.250000,5.000000,0.000000,-0.006011,146.2470,0.0000,19.8242
PM10,29.325000,5.000000,0.000000,-0.006011,146.6220,0.0000,19.8237
PM10,29.400000,5.000000,0.000000,-0.006011,146.9970,0.0000,19.8233
PM10,29.475000,5.000000,0.000000,-0.006011,147.3720,0.0000,19.8228
PM10,29.550000,5.000000,0.000000,-0.006011,147.7470,0.0000,19.8224
PM10,29.625000,5.000000,0.000000,-0.006011,148.1220,0.0000,19.8219
PM10,29.700000,5.000000,0.000000,-0.006011,148.4970,0.0000,19.8215
PM10,29.775000,5.000000,0.000000,-0.006011,148.8720,0.0000,19.8210
PM10,29.850000,5.000000,0.000000,-0.006011,149.2470,0.0000,19.8206
PM10,29.925000,5.000000,0.000000,-0.006011,149.6220,0.0000,19.8201
PM10,30.000000,5.000000,0.000000,-0.006011,149.9970,0.0000,19.8197
PM10,30.075000,5.000000,0.000000,-0.006011,150.3720,0.0000,19.8192
PM10,30.150000,5.000000,0.000000,-0.006011,150.7470,0.0000,19.8188
PM10,30.225000,5.000000,0.000000,-0.006011,151.1220,0.0000,19.8183
PM10,30.300000,5.000000,0.000000,-0.006011,151.4970,0.0000,19.8179
PM10,30.375000,5.000000,0.000000,-0.006011,151.8720,0.0000,19.8174
PM10,30.450000,5.000000,0.000000,-0.006011,152.2470,0.0000,19.8170
PM10,30.525000,5.000000,0.000000,-0.006011,152.6220,0.0000,19.8165
PM10,30.600000,5.000000,0.000000,-0.006011,152.9970,0.0000,19.8161
PM10,30.675000,5.000000,0.000000,-0.006011,153.3720,0.0000,19.8156
PM10,30.750000,5.000000,0.000000,-0.006011,153.7470,0.0000,19.8152
PM10,30.825000,5.000000,0.000000,-0.006011,154.1220,0.0000,19.8147
PM10,30.900000,5.000000,0.000000,-0.006011,154.4970,0.0000,19.8143
PM10,30.975000,5.000000,0.000000,-0.006011,154.8720,0.0000,19.8138
PM10,31.050000,5.000000,0.000000,-0.006011,155.2470,0.0000,19.8134
PM10,31.125000,5.000000,0.000000,-0.006011,155.6220,0.0000,19.8129
PM10,31.200000,5.000000,0.000000,-0.006011,155.9970,0.0000,19.8125
PM10,31.275000,5.000000,0.000000,-0.006011,156.3720,0.0000,19.8120
PM10,31.350000,5.000000,0.000000,-0.006011,156.7470,0.0000,19.8116
PM10,31.425000,5.000000,0.000000,-0.006011,157.1220,0.0000,19.8111
PM10,31.500000,5.000000,0.000000,-0.006011,157.4970,0.0000,19.8107
PM10,31.575000,5.000000,0.000000,-0.006011,157.8720,0.0000,19.8102
PM10,31.650000,5.000000,0.000000,-0.006011,158.2470,0.0000,19.8098
PM10,31.725000,5.000000,0.000000,-0.006011,158.6220,0.0000,19.8093
PM10,31.800000,5.000000,0.000000,-0.006011,158.9970,0.0000,19.8089
PM10,31.875000,5.000000,0.000000,-0.006011,159.3720,0.0000,19.8084
PM10,31.950000,5.000000,0.000000,-0.006011,159.7470,0.0000,19.8079
PM10,32.025000,5.000000,0.000000,-0.006011,160.1220,0.0000,19.8075
PM10,32.100000,5.000000,0.000000,-0.006011,160.4970,0.0000,19.8070
PM10,32.175000,5.000000,0.000000,-0.006011,160.8720,0.0000,19.8066
PM10,32.250000,5.000000,0.000000,-0.006011,161.2470,0.0000,19.8061
PM10,32.325000,5.000000,0.000000,-0.006011,161.6220,0.0000,19.8057
PM10,32.400000,5.000000,0.000000,-0.006011,161.9970,0.0000,19.8052
PM10,32.475000,5.000000,0.000000,-0.006011,162.3720,0.0000,19.8048
PM10,32.550000,5.000000,0.000000,-0.006011,162.7470,0.0000,19.8043
PM10,32.625000,5.000000,0.000000,-0.006011,163.1220,0.0000,19.8039
PM10,32.700000,5.000000,0.000000,-0.006011,163.4970,0.0000,19.8034
PM10,32.775000,5.000000,0.000000,-0.006011,163.8720,0.0000,19.8030
PM10,32.850000,5.000000,0.000000,-0.006011,164.2470,0.0000,19.8025
PM10,32.925000,5.000000,0.000000,-0.006011,164.6220,0.0000,19.8021
PM10,33.000000,5.000000,0.000000,-0.006011,164.9970,0.0000,19.8016
PM10,33.075000,5.000000,0.000000,-0.006011,165.3720,0.0000,19.8012
PM10,33.150000,5.000000,0.000000,-0.006011,165.7470,0.0000,19.8007
PM10,33.225000,5.000000,0.000000,-0.006011,166.1220,0.0000,19.8003
PM10,33.300000,5.000000,0.000000,-0.006011,166.4970,0.0000,19.7998
PM10,33.375000,5.000000,0.000000,-0.006011,166.8720,0.0000,19.7994
PM10,33.450000,5.000000,0.000000,-0.006011,167.2470,0.0000,19.7989
PM10,33.525000,5.000000,0.000000,-0.006011,167.6220,0.0000,19.7985
PM10,33.600000,5.000000,0.000000,-0.006011,167.9970,0.0000,19.7980
PM10,33.675000,5.000000,0.000000,-0.006011,168.3720,0.0000,19.7976
PM10,33.750000,5.000000,0.000000,-0.006011,168.7470,0.0000,19.7971
PM10,33.825000,5.000000,0.000000,-0.006011,169.1220,0.0000,19.7967
PM10,33.900000,5.000000,0.000000,-0.006011,169.4970,0.0000,19.7962
PM10,33.975000,5.000000,0.000000,-0.006011,169.8720,0.0000,19.7958
PM10,34.050000,5.000000,0.000000,-0.006011,170.2470,0.0000,19.7953
PM10,34.125000,5.000000,0.000000,-0.006011,170.6220,0.0000,19.7949
PM10,34.200000,5.000000,0.000000,-0.006011,170.9970,0.0000,19.7944
PM10,34.275000,5.000000,0.000000,-0.006011,171.3720,0.0000,19.7940
PM10,34.350000,5.000000,0.000000,-0.006011,171.7470,0.0000,19.7935
PM10,34.425000,5.000000,0.000000,-0.006011,172.1220,0.0000,19.7931
PM10,34.500000,5.000000,0.000000,-0.006011,172.4970,0.0000,19.7926
PM10,34.575000,5.000000,0.000000,-0.006011,172.8720,0.0000,19.7922
PM10,34.650000,5.000000,0.000000,-0.006011,173.2470,0.0000,19.7917
PM10,34.725000,5.000000,0.000000,-0.006011,173.6220,0.0000,19.7913
PM10,34.800000,5.000000,0.000000,-0.006011,173.9970,0.0000,19.7908
PM10,34.875000,5.000000,0.000000,-0.006011,174.3720,0.0000,19.7904
PM10,34.950000,5.000000,0.000000,-0.006011,174.7470,0.0000,19.7899
PM10,35.025000,5.000000,0.000000,-0.006011,175.1220,0.0000,19.7895
PM10,35.100000,5.000000,0.000000,-0.006011,175.4970,0.0000,19.7890
PM10,35.175000,5.000000,0.000000,-0.006011,175.8720,0.0000,19.7886
PM10,35.250000,5.000000,0.000000,-0.006011,176.2470,0.0000,19.7881
PM10,35.325000,5.000000,0.000000,-0.006011,176.6220,0.0000,19.7877
PM10,35.400000,5.000000,0.000000,-0.006011,176.9970,0.0000,19.7872
PM10,35.475000,5.000000,0.000000,-0.006011,177.3720,0.0000,19.7868
PM10,35.550000,5.000000,0.000000,-0.006011,177.7470,0.0000,19.7863
PM10,35.625000,5.000000,0.000000,-0.006011,178.1220,0.0000,19.7859
PM10,35.700000,5.000000,0.000000,-0.006011,178.4970,0.0000,19.7854
PM10,35.775000,5.000000,0.000000,-0.006011,178.8720,0.0000,19.7850
PM10,35.850000,5.000000,0.000000,-0.006011,179.2470,0.0000,19.7845
PM10,35.925000,5.000000,0.000000,-0.006011,179.6220,0.0000,19.7841
PM10,36.000000,5.000000,0.000000,-0.006011,179.9970,0.0000,19.7836
PM10,36.075000,5.000000,0.000000,-0.006011,180.3720,0.0000,19.7832
PM10,36.150000,5.000000,0.000000,-0.006011,180.7470,0.0000,19.7827
PM10,36.225000,5.000000,0.000000,-0.006011,181.1220,0.0000,19.7823
PM10,36.300000,5.000000,0.000000,-0.006011,181.4970,0.0000,19.7818
PM10,36.375000,5.000000,0.000000,-0.006011,181.8720,0.0000,19.7814
PM10,36.450000,5.000000,0.000000,-0.006011,182.2470,0.0000,19.7809
PM10,36.525000,5.000000,0.000000,-0.006011,182.6220,0.0000,19.7804
PM10,36.600000,5.000000,0.000000,-0.006011,182.9970,0.0000,19.7800
PM10,36.675000,5.000000,0.000000,-0.006011,183.3720,0.0000,19.7795
PM10,36.750000,5.000000,0.000000,-0.006011,183.7470,0.0000,19.7791
PM10,36.825000,5.000000,0.000000,-0.006011,184.1220,0.0000,19.7786
PM10,36.900000,5.000000,0.000000,-0.006011,184.4970,0.0000,19.7782
PM10,36.975000,5.000000,0.000000,-0.006011,184.8720,0.0000,19.7777
PM10,37.050000,5.000000,0.000000,-0.006011,185.2470,0.0000,19.7773
PM10,37.125000,5.000000,0.000000,-0.006011,185.6220,0.0000,19.7768
PM10,37.200000,5.000000,0.000000,-0.006011,185.9970,0.0000,19.7764
PM10,37.275000,5.000000,0.000000,-0.006011,186.3720,0.0000,19.7759
PM10,37.350000,5.000000,0.000000,-0.006011,186.7470,0.0000,19.7755
PM10,37.425000,5.000000,0.000000,-0.006011,187.1220,0.0000,19.7750
PM10,37.500000,5.000000,0.000000,-0.006011,187.4970,0.0000,19.7746
PM10,37.575000,5.000000,0.000000,-0.006011,187.8720,0.0000,19.7741
PM10,37.650000,5.000000,0.000000,-0.006011,188.2470,0.0000,19.7737
PM10,37.725000,5.000000,0.000000,-0.006011,188.6220,0.0000,19.7732
PM10,37.800000,5.000000,0.000000,-0.006011,188.9970,0.0000,19.7728
PM10,37.875000,5.000000,0.000000,-0.006011,189.3720,0.0000,19.7723
PM10,37.950000,5.000000,0.000000,-0.006011,189.7470,0.0000,19.7719
PM10,38.025000,5.000000,0.000000,-0.006011,190.1220,0.0000,19.7714
PM10,38.100000,5.000000,0.000000,-0.006011,190.4970,0.0000,19.7710
PM10,38.175000,5.000000,0.000000,-0.006011,190.8720,0.0000,19.7705
PM10,38.250000,5.000000,0.000000,-0.006011,191.2470,0.0000,19.7701
PM10,38.325000,5.000000,0.000000,-0.006011,191.6220,0.0000,19.7696
PM10,38.400000,5.000000,0.000000,-0.006011,191.9970,0.0000,19.7692
PM10,38.475000,5.000000,0.000000,-0.006011,192.3720,0.0000,19.7687
PM10,38.550000,5.000000,0.000000,-0.006011,192.7470,0.0000,19.7683
PM10,38.625000,5.000000,0.000000,-0.006011,193.1220,0.0000,19.7678
PM10,38.700000,5.000000,0.000000,-0.006011,193.4970,0.0000,19.7674
PM10,38.775000,5.000000,0.000000,-0.006011,193.8720,0.0000,19.7669
PM10,38.850000,5.000000,0.000000,-0.006011,194.2470,0.0000,19.7665
PM10,38.925000,5.000000,0.000000,-0.006011,194.6220,0.0000,19.7660
PM10,39.000000,5.000000,0.000000,-0.006011,194.9970,0.0000,19.7656
PM10,39.075000,5.000000,0.000000,-0.006011,195.3720,0.0000,19.7651
PM10,39.150000,5.000000,0.000000,-0.006011,195.7470,0.0000,19.7647
PM10,39.225000,5.000000,0.000000,-0.006011,196.1220,0.0000,19.7642
PM10,39.300000,5.000000,0.000000,-0.006011,196.4970,0.0000,19.7638
PM10,39.375000,5.000000,0.000000,-0.006011,196.8720,0.0000,19.7633
PM10,39.450000,5.000000,0.000000,-0.006011,197.2470,0.0000,19.7629
PM10,39.525000,5.000000,0.000000,-0.006011,197.6220,0.0000,19.7624
PM10,39.600000,5.000000,0.000000,-0.006011,197.9970,0.0000,19.7620
PM10,39.675000,5.000000,0.000000,-0.006011,198.3720,0.0000,19.7615
PM10,39.750000,5.000000,0.000000,-0.006011,198.7470,0.0000,19.7611
PM10,39.825000,5.000000,0.000000,-0.006011,199.1220,0.0000,19.7606
PM10,39.900000,5.000000,0.000000,-0.006011,199.4970,0.0000,19.7602
PM10,39.975000,5.000000,0.000000,-0.006011,199.8720,0.0000,19.7597
PM10,40.050000,5.000000,0.000000,-0.006011,200.2470,0.0000,19.7593
PM10,40.125000,5.000000,0.000000,-0.006011,200.6220,0.0000,19.7588
PM10,40.200000,5.000000,0.000000,-0.006011,200.9970,0.0000,19.7584
PM10,40.275000,5.000000,0.000000,-0.006011,201.3720,0.0000,19.7579
PM10,40.350000,5.000000,0.000000,-0.006011,201.7470,0.0000,19.7575
PM10,40.425000,5.000000,0.000000,-0.006011,202.1220,0.0000,19.7570
PM10,40.500000,5.000000,0.000000,-0.006011,202.4970,0.0000,19.7566
PM10,40.575000,5.000000,0.000000,-0.006011,202.8720,0.0000,19.7561
PM10,40.650000,5.000000,0.000000,-0.006011,203.2470,0.0000,19.7557
PM10,40.725000,5.000000,0.000000,-0.006011,203.6220,0.0000,19.7552
PM10,40.800000,5.000000,0.000000,-0.006011,203.9970,0.0000,19.7548
PM10,40.875000,5.000000,0.000000,-0.006011,204.3720,0.0000,19.7543
PM10,40.950000,5.000000,0.000000,-0.006011,204.7470,0.0000,19.7539
PM10,41.025000,5.000000,0.000000,-0.006011,205.1220,0.0000,19.7534
PM10,41.100000,5.000000,0.000000,-0.006011,205.4970,0.0000,19.7529
PM10,41.175000,5.000000,0.000000,-0.006011,205.8720,0.0000,19.7525
PM10,41.250000,5.000000,0.000000,-0.006011,206.2470,0.0000,19.7520
PM10,41.325000,5.000000,0.000000,-0.006011,206.6220,0.0000,19.7516
PM10,41.400000,5.000000,0.000000,-0.006011,206.9970,0.0000,19.7511
PM10,41.475000,5.000000,0.000000,-0.006011,207.3720,0.0000,19.7507
PM10,41.550000,5.000000,0.000000,-0.006011,207.7470,0.0000,19.7502
PM10,41.625000,5.000000,0.000000,-0.006011,208.1220,0.0000,19.7498
PM10,41.700000,5.000000,0.000000,-0.006011,208.4970,0.0000,19.7493
PM10,41.775000,5.000000,0.000000,-0.006011,208.8720,0.0000,19.7489
PM10,41.850000,5.000000,0.000000,-0.006011,209.2470,0.0000,19.7484
PM10,41.925000,5.000000,0.000000,-0.006011,209.6220,0.0000,19.7480
PM10,42.000000,5.000000,0.000000,-0.006011,209.9970,0.0000,19.7475
PM10,42.075000,5.000000,0.000000,-0.006011,210.3720,0.0000,19.7471
PM10,42.150000,5.000000,0.000000,-0.006011,210.7470,0.0000,19.7466
PM10,42.225000,5.000000,0.000000,-0.006011,211.1220,0.0000,19.7462
PM10,42.300000,5.000000,0.000000,-0.006011,211.4970,0.0000,19.7457
PM10,42.375000,5.000000,0.000000,-0.006011,211.8720,0.0000,19.7453
PM10,42.450000,5.000000,0.000000,-0.006011,212.2470,0.0000,19.7448
PM10,42.525000,5.000000,0.000000,-0.006011,212.6220,0.0000,19.7444
PM10,42.600000,5.000000,0.000000,-0.006011,212.9970,0.0000,19.7439
PM10,42.675000,5.000000,0.000000,-0.006011,213.3720,0.0000,19.7435
PM10,42.750000,5.000000,0.000000,-0.006011,213.7470,0.0000,19.7430
PM10,42.825000,5.000000,0.000000,-0.006011,214.1220,0.0000,19.7426
PM10,42.900000,5.000000,0.000000,-0.006011,214.4970,0.0000,19.7421
PM10,42.975000,5.000000,0.000000,-0.006011,214.8720,0.0000,19.7417
PM10,43.050000,5.000000,0.000000,-0.006011,215.2470,0.0000,19.7412
PM10,43.125000,5.000000,0.000000,-0.006011,215.6220,0.0000,19.7408
PM10,43.200000,5.000000,0.000000,-0.006011,215.9970,0.0000,19.7403
PM10,43.275000,5.000000,0.000000,-0.006011,216.3720,0.0000,19.7399
PM10,43.350000,5.000000,0.000000,-0.006011,216.7470,0.0000,19.7394
PM10,43.425000,5.000000,0.000000,-0.006011,217.1220,0.0000,19.7390
PM10,43.500000,5.000000,0.000000,-0.006011,217.4970,0.0000,19.7385
PM10,43.575000,5.000000,0.000000,-0.006011,217.8720,0.0000,19.7381
PM10,43.650000,5.000000,0.000000,-0.006011,218.2470,0.0000,19.7376
PM10,43.725000,5.000000,0.000000,-0.006011,218.6220,0.0000,19.7372
PM10,43.800000,5.000000,0.000000,-0.006011,218.9970,0.0000,19.7367
PM10,43.875000,5.000000,0.000000,-0.006011,219.3720,0.0000,19.7363
PM10,43.950000,5.000000,0.000000,-0.006011,219.7470,0.0000,19.7358
PM10,44.025000,5.000000,0.000000,-0.006011,220.1220,0.0000,19.7354
PM10,44.100000,5.000000,0.000000,-0.006011,220.4970,0.0000,19.7349
PM10,44.175000,5.000000,0.000000,-0.006011,220.8720,0.0000,19.7345
PM10,44.250000,5.000000,0.000000,-0.006011,221.2470,0.0000,19.7340
PM10,44.325000,5.000000,0.000000,-0.006011,221.6220,0.0000,19.7336
PM10,44.400000,5.000000,0.000000,-0.006011,221.9970,0.0000,19.7331
PM10,44.475000,5.000000,0.000000,-0.006011,222.3720,0.0000,19.7327
PM10,44.550000,5.000000,0.000000,-0.006011,222.7470,0.0000,19.7322
PM10,44.625000,5.000000,0.000000,-0.006011,223.1220,0.0000,19.7318
PM10,44.700000,5.000000,0.000000,-0.006011,223.4970,0.0000,19.7313
PM10,44.775000,5.000000,0.000000,-0.006011,223.8720,0.0000,19.7309
PM10,44.850000,5.000000,0.000000,-0.006011,224.2470,0.0000,19.7304
PM10,44.925000,5.000000,0.000000,-0.006011,224.6220,0.0000,19.7300
PM10,45.000000,5.000000,0.000000,-0.006011,224.9970,0.0000,19.7295
PM10,45.075000,5.000000,0.000000,-0.006011,225.3720,0.0000,19.7291
PM10,45.150000,5.000000,0.000000,-0.006011,225.7470,0.0000,19.7286
PM10,45.225000,5.000000,0.000000,-0.006011,226.1220,0.0000,19.7282
PM10,45.300000,5.000000,0.000000,-0.006011,226.4970,0.0000,19.7277
PM10,45.375000,5.000000,0.000000,-0.006011,226.8720,0.0000,19.7273
PM10,45.450000,5.000000,0.000000,-0.006011,227.2470,0.0000,19.7268
PM10,45.525000,5.000000,0.000000,-0.006011,227.6220,0.0000,19.7263
PM10,45.600000,5.000000,0.000000,-0.006011,227.9970,0.0000,19.7259
PM10,45.675000,5.000000,0.000000,-0.006011,228.3720,0.0000,19.7254
PM10,45.750000,5.000000,0.000000,-0.006011,228.7470,0.0000,19.7250
PM10,45.825000,5.000000,0.000000,-0.006011,229.1220,0.0000,19.7245
PM10,45.900000,5.000000,0.000000,-0.006011,229.4970,0.0000,19.7241
PM10,45.975000,5.000000,0.000000,-0.006011,229.8720,0.0000,19.7236
PM10,46.050000,5.000000,0.000000,-0.006011,230.2470,0.0000,19.7232
PM10,46.125000,5.000000,0.000000,-0.006011,230.6220,0.0000,19.7227
PM10,46.200000,5.000000,0.000000,-0.006011,230.9970,0.0000,19.7223
PM10,46.275000,5.000000,0.000000,-0.006011,231.3720,0.0000,19.7218
PM10,46.350000,5.000000,0.000000,-0.006011,231.7470,0.0000,19.7214
PM10,46.425000,5.000000,0.000000,-0.006011,232.1220,0.0000,19.7209
PM10,46.500000,5.000000,0.000000,-0.006011,232.4970,0.0000,19.7205
PM10,46.575000,5.000000,0.000000,-0.006011,232.8720,0.0000,19.7200
PM10,46.650000,5.000000,0.000000,-0.006011,233.2470,0.0000,19.7196
PM10,46.725000,5.000000,0.000000,-0.006011,233.6220,0.0000,19.7191
PM10,46.800000,5.000000,0.000000,-0.006011,233.9970,0.0000,19.7187
PM10,46.875000,5.000000,0.000000,-0.006011,234.3720,0.0000,19.7182
PM10,46.950000,5.000000,0.000000,-0.006011,234.7470,0.0000,19.7178
PM10,47.025000,5.000000,0.000000,-0.006011,235.1220,0.0000,19.7173
PM10,47.100000,5.000000,0.000000,-0.006011,235.4970,0.0000,19.7169
PM10,47.175000,5.000000,0.000000,-0.006011,235.8720,0.0000,19.7164
PM10,47.250000,5.000000,0.000000,-0.006011,236.2470,0.0000,19.7160
PM10,47.325000,5.000000,0.000000,-0.006011,236.6220,0.0000,19.7155
PM10,47.400000,5.000000,0.000000,-0.006011,236.9970,0.0000,19.7151
PM10,47.475000,5.000000,0.000000,-0.006011,237.3720,0.0000,19.7146
PM10,47.550000,5.000000,0.000000,-0.006011,237.7470,0.0000,19.7142
PM10,47.625000,5.000000,0.000000,-0.006011,238.1220,0.0000,19.7137
PM10,47.700000,5.000000,0.000000,-0.006011,238.4970,0.0000,19.7133
PM10,47.775000,5.000000,0.000000,-0.006011,238.8720,0.0000,19.7128
PM10,47.850000,5.000000,0.000000,-0.006011,239.2470,0.0000,19.7124
PM10,47.925000,5.000000,0.000000,-0.006011,239.6220,0.0000,19.7119
PM10,48.000000,5.000000,0.000000,-0.006011,239.9970,0.0000,19.7115
PM10,48.075000,5.000000,0.000000,-0.006011,240.3720,0.0000,19.7110
PM10,48.150000,5.000000,0.000000,-0.006011,240.7470,0.0000,19.7106
PM10,48.225000,5.000000,0.000000,-0.006011,241.1220,0.0000,19.7101
PM10,48.300000,5.000000,0.000000,-0.006011,241.4970,0.0000,19.7097
PM10,48.375000,5.000000,0.000000,-0.006011,241.8720,0.0000,19.7092
PM10,48.450000,5.000000,0.000000,-0.006011,242.2470,0.0000,19.7088
PM10,48.525000,5.000000,0.000000,-0.006011,242.6220,0.0000,19.7083
PM10,48.600000,5.000000,0.000000,-0.006011,242.9970,0.0000,19.7079
PM10,48.675000,5.000000,0.000000,-0.006011,243.3720,0.0000,19.7074
PM10,48.750000,5.000000,0.000000,-0.006011,243.7470,0.0000,19.7070
PM10,48.825000,5.000000,0.000000,-0.006011,244.1220,0.0000,19.7065
PM10,48.900000,5.000000,0.000000,-0.006011,244.4970,0.0000,19.7061
PM10,48.975000,5.000000,0.000000,-0.006011,244.8720,0.0000,19.7056
PM10,49.050000,5.000000,0.000000,-0.006011,245.2470,0.0000,19.7052
PM10,49.125000,5.000000,0.000000,-0.006011,245.6220,0.0000,19.7047
PM10,49.200000,5.000000,0.000000,-0.006011,245.9970,0.0000,19.7043
PM10,49.275000,5.000000,0.000000,-0.006011,246.3720,0.0000,19.7038
PM10,49.350000,5.000000,0.000000,-0.006011,246.7470,0.0000,19.7034
PM10,49.425000,5.000000,0.000000,-0.006011,247.1220,0.0000,19.7029
PM10,49.500000,5.000000,0.000000,-0.006011,247.4970,0.0000,19.7025
PM10,49.575000,5.000000,0.000000,-0.006011,247.8720,0.0000,19.7020
PM10,49.650000,5.000000,0.000000,-0.006011,248.2470,0.0000,19.7016
PM10,49.725000,5.000000,0.000000,-0.006011,248.6220,0.0000,19.7011
PM10,49.800000,5.000000,0.000000,-0.006011,248.9970,0.0000,19.7007
PM10,49.875000,5.000000,0.000000,-0.006011,249.3720,0.0000,19.7002
PM10,49.950000,5.000000,0.000000,-0.006011,249.7470,0.0000,19.6998
PM10,50.025000,5.000000,0.000000,-0.006011,250.1220,0.0000,19.6993
PM10,50.100000,5.000000,0.000000,-0.006011,250.4970,0.0000,19.6988
PM10,50.175000,5.000000,0.000000,-0.006011,250.8720,0.0000,19.6984
PM10,50.250000,5.000000,0.000000,-0.006011,251.2470,0.0000,19.6979
PM10,50.325000,5.000000,0.000000,-0.006011,251.6220,0.0000,19.6975
PM10,50.400000,5.000000,0.000000,-0.006011,251.9970,0.0000,19.6970
PM10,50.475000,5.000000,0.000000,-0.006011,252.3720,0.0000,19.6966
PM10,50.550000,5.000000,0.000000,-0.006011,252.7470,0.0000,19.6961
PM10,50.625000,5.000000,0.000000,-0.006011,253.1220,0.0000,19.6957
PM10,50.700000,5.000000,0.000000,-0.006011,253.4970,0.0000,19.6952
PM10,50.775000,5.000000,0.000000,-0.006011,253.8720,0.0000,19.6948
PM10,50.850000,5.000000,0.000000,-0.006011,254.2470,0.0000,19.6943
PM10,50.925000,5.000000,0.000000,-0.006011,254.6220,0.0000,19.6939
PM10,51.000000,5.000000,0.000000,-0.006011,254.9970,0.0000,19.6934
PM10,51.075000,5.000000,0.000000,-0.006011,255.3720,0.0000,19.6930
PM10,51.150000,5.000000,0.000000,-0.006011,255.7470,0.0000,19.6925
PM10,51.225000,5.000000,0.000000,-0.006011,256.1220,0.0000,19.6921
PM10,51.300000,5.000000,0.000000,-0.006011,256.4970,0.0000,19.6916
PM10,51.375000,5.000000,0.000000,-0.006011,256.8720,0.0000,19.6912
PM10,51.450000,5.000000,0.000000,-0.006011,257.2470,0.0000,19.6907
PM10,51.525000,5.000000,0.000000,-0.006011,257.6220,0.0000,19.6903
PM10,51.600000,5.000000,0.000000,-0.006011,257.9970,0.0000,19.6898
PM10,51.675000,5.000000,0.000000,-0.006011,258.3720,0.0000,19.6894
PM10,51.750000,5.000000,0.000000,-0.006011,258.7470,0.0000,19.6889
PM10,51.825000,5.000000,0.000000,-0.006011,259.1220,0.0000,19.6885
PM10,51.900000,5.000000,0.000000,-0.006011,259.4970,0.0000,19.6880
PM10,51.975000,5.000000,0.000000,-0.006011,259.8720,0.0000,19.6876
PM10,52.050000,5.000000,0.000000,-0.006011,260.2470,0.0000,19.6871
PM10,52.125000,5.000000,0.000000,-0.006011,260.6220,0.0000,19.6867
PM10,52.200000,5.000000,0.000000,-0.006011,260.9970,0.0000,19.6862
PM10,52.275000,5.000000,0.000000,-0.006011,261.3720,0.0000,19.6858
PM10,52.350000,5.000000,0.000000,-0.006011,261.7470,0.0000,19.6853
PM10,52.425000,5.000000,0.000000,-0.006011,262.1220,0.0000,19.6849
PM10,52.500000,5.000000,0.000000,-0.006011,262.4970,0.0000,19.6844
PM10,52.575000,5.000000,0.000000,-0.006011,262.8720,0.0000,19.6840
PM10,52.650000,5.000000,0.000000,-0.006011,263.2470,0.0000,19.6835
PM10,52.725000,5.000000,0.000000,-0.006011,263.6220,0.0000,19.6831
PM10,52.800000,5.000000,0.000000,-0.006011,263.9970,0.0000,19.6826
PM10,52.875000,5.000000,0.000000,-0.006011,264.3720,0.0000,19.6822
PM10,52.950000,5.000000,0.000000,-0.006011,264.7470,0.0000,19.6817
PM10,53.025000,5.000000,0.000000,-0.006011,265.1220,0.0000,19.6813
PM10,53.100000,5.000000,0.000000,-0.006011,265.4970,0.0000,19.6808
PM10,53.175000,5.000000,0.000000,-0.006011,265.8720,0.0000,19.6804
PM10,53.250000,5.000000,0.000000,-0.006011,266.2470,0.0000,19.6799
PM10,53.325000,5.000000,0.000000,-0.006011,266.6220,0.0000,19.6795
PM10,53.400000,5.000000,0.000000,-0.006011,266.9970,0.0000,19.6790
PM10,53.475000,5.000000,0.000000,-0.006011,267.3720,0.0000,19.6786
PM10,53.550000,5.000000,0.000000,-0.006011,267.7470,0.0000,19.6781
PM10,53.625000,5.000000,0.000000,-0.006011,268.1220,0.0000,19.6777
PM10,53.700000,5.000000,0.000000,-0.006011,268.4970,0.0000,19.6772
PM10,53.775000,5.000000,0.000000,-0.006011,268.8720,0.0000,19.6768
PM10,53.850000,5.000000,0.000000,-0.006011,269.2470,0.0000,19.6763
PM10,53.925000,5.000000,0.000000,-0.006011,269.6220,0.0000,19.6759
PM10,54.000000,5.000000,0.000000,-0.006011,269.9970,0.0000,19.6754
PM10,54.075000,5.000000,0.000000,-0.006011,270.3720,0.0000,19.6750
PM10,54.150000,5.000000,0.000000,-0.006011,270.7470,0.0000,19.6745
PM10,54.225000,5.000000,0.000000,-0.006011,271.1220,0.0000,19.6741
PM10,54.300000,5.000000,0.000000,-0.006011,271.4970,0.0000,19.6736
PM10,54.375000,5.000000,0.000000,-0.006011,271.8720,0.0000,19.6732
PM10,54.450000,5.000000,0.000000,-0.006011,272.2470,0.0000,19.6727
PM10,54.525000,5.000000,0.000000,-0.006011,272.6220,0.0000,19.6723
PM10,54.600000,5.000000,0.000000,-0.006011,272.9970,0.0000,19.6718
PM10,54.675000,5.000000,0.000000,-0.006011,273.3720,0.0000,19.6713
PM10,54.750000,5.000000,0.000000,-0.006011,273.7470,0.0000,19.6709
PM10,54.825000,5.000000,0.000000,-0.006011,274.1220,0.0000,19.6704
PM10,54.900000,5.000000,0.000000,-0.006011,274.4970,0.0000,19.6700
PM10,54.975000,5.000000,0.000000,-0.006011,274.8720,0.0000,19.6695
PM10,55.050000,5.000000,0.000000,-0.006011,275.2470,0.0000,19.6691
PM10,55.125000,5.000000,0.000000,-0.006011,275.6220,0.0000,19.6686
PM10,55.200000,5.000000,0.000000,-0.006011,275.9970,0.0000,19.6682
PM10,55.275000,5.000000,0.000000,-0.006011,276.3720,0.0000,19.6677
PM10,55.350000,5.000000,0.000000,-0.006011,276.7470,0.0000,19.6673
PM10,55.425000,5.000000,0.000000,-0.006011,277.1220,0.0000,19.6668
PM10,55.500000,5.000000,0.000000,-0.006011,277.4970,0.0000,19.6664
PM10,55.575000,5.000000,0.000000,-0.006011,277.8720,0.0000,19.6659
PM10,55.650000,5.000000,0.000000,-0.006011,278.2470,0.0000,19.6655
PM10,55.725000,5.000000,0.000000,-0.006011,278.6220,0.0000,19.6650
PM10,55.800000,5.000000,0.000000,-0.006011,278.9970,0.0000,19.6646
PM10,55.875000,5.000000,0.000000,-0.006011,279.3720,0.0000,19.6641
PM10,55.950000,5.000000,0.000000,-0.006011,279.7470,0.0000,19.6637
PM10,56.025000,5.000000,0.000000,-0.006011,280.1220,0.0000,19.6632
PM10,56.100000,5.000000,0.000000,-0.006011,280.4970,0.0000,19.6628
PM10,56.175000,5.000000,0.000000,-0.006011,280.8720,0.0000,19.6623
PM10,56.250000,5.000000,0.000000,-0.006011,281.2470,0.0000,19.6619
PM10,56.325000,5.000000,0.000000,-0.006011,281.6220,0.0000,19.6614
PM10,56.400000,5.000000,0.000000,-0.006011,281.9970,0.0000,19.6610
PM10,56.475000,5.000000,0.000000,-0.006011,282.3720,0.0000,19.6605
PM10,56.550000,5.000000,0.000000,-0.006011,282.7470,0.0000,19.6601
PM10,56.625000,5.000000,0.000000,-0.006011,283.1220,0.0000,19.6596
PM10,56.700000,5.000000,0.000000,-0.006011,283.4970,0.0000,19.6592
PM10,56.775000,5.000000,0.000000,-0.006011,283.8720,0.0000,19.6587
PM10,56.850000,5.000000,0.000000,-0.006011,284.2470,0.0000,19.6583
PM10,56.925000,5.000000,0.000000,-0.006011,284.6220,0.0000,19.6578
PM10,57.000000,5.000000,0.000000,-0.006011,284.9970,0.0000,19.6574
PM10,57.075000,5.000000,0.000000,-0.006011,285.3720,0.0000,19.6569
PM10,57.150000,5.000000,0.000000,-0.006011,285.7470,0.0000,19.6565
PM10,57.225000,5.000000,0.000000,-0.006011,286.1220,0.0000,19.6560
PM10,57.300000,5.000000,0.000000,-0.006011,286.4970,0.0000,19.6556
PM10,57.375000,5.000000,0.000000,-0.006011,286.8720,0.0000,19.6551
PM10,57.450000,5.000000,0.000000,-0.006011,287.2470,0.0000,19.6547
PM10,57.525000,5.000000,0.000000,-0.006011,287.6220,0.0000,19.6542
PM10,57.600000,5.000000,0.000000,-0.006011,287.9970,0.0000,19.6538
PM10,57.675000,5.000000,0.000000,-0.006011,288.3720,0.0000,19.6533
PM10,57.750000,5.000000,0.000000,-0.006011,288.7470,0.0000,19.6529
PM10,57.825000,5.000000,0.000000,-0.006011,289.1220,0.0000,19.6524
PM10,57.900000,5.000000,0.000000,-0.006011,289.4970,0.0000,19.6520
PM10,57.975000,5.000000,0.000000,-0.006011,289.8720,0.0000,19.6515
PM10,58.050000,5.000000,0.000000,-0.006011,290.2470,0.0000,19.6511
PM10,58.125000,5.000000,0.000000,-0.006011,290.6220,0.0000,19.6506
PM10,58.200000,5.000000,0.000000,-0.006011,290.9970,0.0000,19.6502
PM10,58.275000,5.000000,0.000000,-0.006011,291.3720,0.0000,19.6497
PM10,58.350000,5.000000,0.000000,-0.006011,291.7470,0.0000,19.6493
PM10,58.425000,5.000000,0.000000,-0.006011,292.1220,0.0000,19.6488
PM10,58.500000,5.000000,0.000000,-0.006011,292.4970,0.0000,19.6484
PM10,58.575000,5.000000,0.000000,-0.006011,292.8720,0.0000,19.6479
PM10,58.650000,5.000000,0.000000,-0.006011,293.2470,0.0000,19.6475
PM10,58.725000,5.000000,0.000000,-0.006011,293.6220,0.0000,19.6470
PM10,58.800000,5.000000,0.000000,-0.006011,293.9970,0.0000,19.6466
PM10,58.875000,5.000000,0.000000,-0.006011,294.3720,0.0000,19.6461
PM10,58.950000,5.000000,0.000000,-0.006011,294.7470,0.0000,19.6457
PM10,59.025000,5.000000,0.000000,-0.006011,295.1220,0.0000,19.6452
PM10,59.100000,5.000000,0.000000,-0.006011,295.4970,0.0000,19.6447
PM10,59.175000,5.000000,0.000000,-0.006011,295.8720,0.0000,19.6443
PM10,59.250000,5.000000,0.000000,-0.006011,296.2470,0.0000,19.6438
PM10,59.325000,5.000000,0.000000,-0.006011,296.6220,0.0000,19.6434
PM10,59.400000,5.000000,0.000000,-0.006011,296.9970,0.0000,19.6429
PM10,59.475000,5.000000,0.000000,-0.006011,297.3720,0.0000,19.6425
PM10,59.550000,5.000000,0.000000,-0.006011,297.7470,0.0000,19.6420
PM10,59.625000,5.000000,0.000000,-0.006011,298.1220,0.0000,19.6416
PM10,59.700000,5.000000,0.000000,-0.006011,298.4970,0.0000,19.6411
PM10,59.775000,5.000000,0.000000,-0.006011,298.8720,0.0000,19.6407
PM10,59.850000,5.000000,0.000000,-0.006011,299.2470,0.0000,19.6402
PM10,59.925000,5.000000,0.000000,-0.006011,299.6220,0.0000,19.6398
PM10,60.000000,5.000000,0.000000,-0.006011,299.9970,0.0000,19.6393
PM10,60.075000,5.000000,0.000000,-0.006011,300.3720,0.0000,19.6389
PM10,60.150000,5.000000,0.000000,-0.006011,300.7470,0.0000,19.6384
PM10,60.225000,5.000000,0.000000,-0.006011,301.1220,0.0000,19.6380
PM10,60.300000,5.000000,0.000000,-0.006011,301.4970,0.0000,19.6375
PM10,60.375000,5.000000,0.000000,-0.006011,301.8720,0.0000,19.6371
PM10,60.450000,5.000000,0.000000,-0.006011,302.2470,0.0000,19.6366
PM10,60.525000,5.000000,0.000000,-0.006011,302.6220,0.0000,19.6362
PM10,60.600000,5.000000,0.000000,-0.006011,302.9970,0.0000,19.6357
PM10,60.675000,5.000000,0.000000,-0.006011,303.3720,0.0000,19.6353
PM10,60.750000,5.000000,0.000000,-0.006011,303.7470,0.0000,19.6348
PM10,60.825000,5.000000,0.000000,-0.006011,304.1220,0.0000,19.6344
PM10,60.900000,5.000000,0.000000,-0.006011,304.4970,0.0000,19.6339
PM10,60.975000,5.000000,0.000000,-0.006011,304.8720,0.0000,19.6335
PM10,61.050000,5.000000,0.000000,-0.006011,305.2470,0.0000,19.6330
PM10,61.125000,5.000000,0.000000,-0.006011,305.6220,0.0000,19.6326
PM10,61.200000,5.000000,0.000000,-0.006011,305.9970,0.0000,19.6321
PM10,61.275000,5.000000,0.000000,-0.006011,306.3720,0.0000,19.6317
PM10,61.350000,5.000000,0.000000,-0.006011,306.7470,0.0000,19.6312
PM10,61.425000,5.000000,0.000000,-0.006011,307.1220,0.0000,19.6308
PM10,61.500000,5.000000,0.000000,-0.006011,307.4970,0.0000,19.6303
PM10,61.575000,5.000000,0.000000,-0.006011,307.8720,0.0000,19.6299
PM10,61.650000,5.000000,0.000000,-0.006011,308.2470,0.0000,19.6294
PM10,61.725000,5.000000,0.000000,-0.006011,308.6220,0.0000,19.6290
PM10,61.800000,5.000000,0.000000,-0.006011,308.9970,0.0000,19.6285
PM10,61.875000,5.000000,0.000000,-0.006011,309.3720,0.0000,19.6281
PM10,61.950000,5.000000,0.000000,-0.006011,309.7470,0.0000,19.6276
PM10,62.025000,5.000000,0.000000,-0.006011,310.1220,0.0000,19.6272
PM10,62.100000,5.000000,0.000000,-0.006011,310.4970,0.0000,19.6267
PM10,62.175000,5.000000,0.000000,-0.006011,310.8720,0.0000,19.6263
PM10,62.250000,5.000000,0.000000,-0.006011,311.2470,0.0000,19.6258
PM10,62.325000,5.000000,0.000000,-0.006011,311.6220,0.0000,19.6254
PM10,62.400000,5.000000,0.000000,-0.006011,311.9970,0.0000,19.6249
PM10,62.475000,5.000000,0.000000,-0.006011,312.3720,0.0000,19.6245
PM10,62.550000,5.000000,0.000000,-0.006011,312.7470,0.0000,19.6240
PM10,62.625000,5.000000,0.000000,-0.006011,313.1220,0.0000,19.6236
PM10,62.700000,5.000000,0.000000,-0.006011,313.4970,0.0000,19.6231
PM10,62.775000,5.000000,0.000000,-0.006011,313.8720,0.0000,19.6227
PM10,62.850000,5.000000,0.000000,-0.006011,314.2470,0.0000,19.6222
PM10,62.925000,5.000000,0.000000,-0.006011,314.6220,0.0000,19.6218
PM10,63.000000,5.000000,0.000000,-0.006011,314.9970,0.0000,19.6213
PM10,63.075000,5.000000,0.000000,-0.006011,315.3720,0.0000,19.6209
PM10,63.150000,5.000000,0.000000,-0.006011,315.7470,0.0000,19.6204
PM10,63.225000,5.000000,0.000000,-0.006011,316.1220,0.0000,19.6200
PM10,63.300000,5.000000,0.000000,-0.006011,316.4970,0.0000,19.6195
PM10,63.375000,5.000000,0.000000,-0.006011,316.8720,0.0000,19.6191
PM10,63.450000,5.000000,0.000000,-0.006011,317.2470,0.0000,19.6186
PM10,63.525000,5.000000,0.000000,-0.006011,317.6220,0.0000,19.6182
PM10,63.600000,5.000000,0.000000,-0.006011,317.9970,0.0000,19.6177
PM10,63.675000,5.000000,0.000000,-0.006011,318.3720,0.0000,19.6172
PM10,63.750000,5.000000,0.000000,-0.006011,318.7470,0.0000,19.6168
PM10,63.825000,5.000000,0.000000,-0.006011,319.1220,0.0000,19.6163
PM10,63.900000,5.000000,0.000000,-0.006011,319.4970,0.0000,19.6159
PM10,63.975000,5.000000,0.000000,-0.006011,319.8720,0.0000,19.6154
PM10,64.050000,5.000000,0.000000,-0.006011,320.2470,0.0000,19.6150
PM10,64.125000,5.000000,0.000000,-0.006011,320.6220,0.0000,19.6145
PM10,64.200000,5.000000,0.000000,-0.006011,320.9970,0.0000,19.6141
PM10,64.275000,5.000000,0.000000,-0.006011,321.3720,0.0000,19.6136
PM10,64.350000,5.000000,0.000000,-0.006011,321.7470,0.0000,19.6132
PM10,64.425000,5.000000,0.000000,-0.006011,322.1220,0.0000,19.6127
PM10,64.500000,5.000000,0.000000,-0.006011,322.4970,0.0000,19.6123
PM10,64.575000,5.000000,0.000000,-0.006011,322.8720,0.0000,19.6118
PM10,64.650000,5.000000,0.000000,-0.006011,323.2470,0.0000,19.6114
PM10,64.725000,5.000000,0.000000,-0.006011,323.6220,0.0000,19.6109
PM10,64.800000,5.000000,0.000000,-0.006011,323.9970,0.0000,19.6105
PM10,64.875000,5.000000,0.000000,-0.006011,324.3720,0.0000,19.6100
PM10,64.950000,5.000000,0.000000,-0.006011,324.7470,0.0000,19.6096
PM10,65.025000,5.000000,0.000000,-0.006011,325.1220,0.0000,19.6091
PM10,65.100000,5.000000,0.000000,-0.006011,325.4970,0.0000,19.6087
PM10,65.175000,5.000000,0.000000,-0.006011,325.8720,0.0000,19.6082
PM10,65.250000,5.000000,0.000000,-0.006011,326.2470,0.0000,19.6078
PM10,65.325000,5.000000,0.000000,-0.006011,326.6220,0.0000,19.6073
PM10,65.400000,5.000000,0.000000,-0.006011,326.9970,0.0000,19.6069
PM10,65.475000,5.000000,0.000000,-0.006011,327.3720,0.0000,19.6064
PM10,65.550000,5.000000,0.000000,-0.006011,327.7470,0.0000,19.6060
PM10,65.625000,5.000000,0.000000,-0.006011,328.1220,0.0000,19.6055
PM10,65.700000,5.000000,0.000000,-0.006011,328.4970,0.0000,19.6051
PM10,65.775000,5.000000,0.000000,-0.006011,328.8720,0.0000,19.6046
PM10,65.850000,5.000000,0.000000,-0.006011,329.2470,0.0000,19.6042
PM10,65.925000,5.000000,0.000000,-0.006011,329.6220,0.0000,19.6037
PM10,66.000000,5.000000,0.000000,-0.006011,329.9970,0.0000,19.6033
PM10,66.075000,5.000000,0.000000,-0.006011,330.3720,0.0000,19.6028
PM10,66.150000,5.000000,0.000000,-0.006011,330.7470,0.0000,19.6024
PM10,66.225000,5.000000,0.000000,-0.006011,331.1220,0.0000,19.6019
PM10,66.300000,5.000000,0.000000,-0.006011,331.4970,0.0000,19.6015
PM10,66.375000,5.000000,0.000000,-0.006011,331.8720,0.0000,19.6010
PM10,66.450000,5.000000,0.000000,-0.006011,332.2470,0.0000,19.6006
PM10,66.525000,5.000000,0.000000,-0.006011,332.6220,0.0000,19.6001
PM10,66.600000,5.000000,0.000000,-0.006011,332.9970,0.0000,19.5997
PM10,66.675000,5.000000,0.000000,-0.006011,333.3720,0.0000,19.5992
PM10,66.750000,5.000000,0.000000,-0.006011,333.7470,0.0000,19.5988
PM10,66.825000,5.000000,0.000000,-0.006011,334.1220,0.0000,19.5983
PM10,66.900000,5.000000,0.000000,-0.006011,334.4970,0.0000,19.5979
PM10,66.975000,5.000000,0.000000,-0.006011,334.8720,0.0000,19.5974
PM10,67.050000,5.000000,0.000000,-0.006011,335.2470,0.0000,19.5970
PM10,67.125000,5.000000,0.000000,-0.006011,335.6220,0.0000,19.5965
PM10,67.200000,5.000000,0.000000,-0.006011,335.9970,0.0000,19.5961
PM10,67.275000,5.000000,0.000000,-0.006011,336.3720,0.0000,19.5956
PM10,67.350000,5.000000,0.000000,-0.006011,336.7470,0.0000,19.5952
PM10,67.425000,5.000000,0.000000,-0.006011,337.1220,0.0000,19.5947
PM10,67.500000,5.000000,0.000000,-0.006011,337.4970,0.0000,19.5943
PM10,67.575000,5.000000,0.000000,-0.006011,337.8720,0.0000,19.5938
PM10,67.650000,5.000000,0.000000,-0.006011,338.2470,0.0000,19.5934
PM10,67.725000,5.000000,0.000000,-0.006011,338.6220,0.0000,19.5929
PM10,67.800000,5.000000,0.000000,-0.006011,338.9970,0.0000,19.5925
PM10,67.875000,5.000000,0.000000,-0.006011,339.3720,0.0000,19.5920
PM10,67.950000,5.000000,0.000000,-0.006011,339.7470,0.0000,19.5916
PM10,68.025000,5.000000,0.000000,-0.006011,340.1220,0.0000,19.5911
PM10,68.100000,5.000000,0.000000,-0.006011,340.4970,0.0000,19.5906
PM10,68.175000,5.000000,0.000000,-0.006011,340.8720,0.0000,19.5902
PM10,68.250000,5.000000,0.000000,-0.006011,341.2470,0.0000,19.5897
PM10,68.325000,5.000000,0.000000,-0.006011,341.6220,0.0000,19.5893
PM10,68.400000,5.000000,0.000000,-0.006011,341.9970,0.0000,19.5888
PM10,68.475000,5.000000,0.000000,-0.006011,342.3720,0.0000,19.5884
PM10,68.550000,5.000000,0.000000,-0.006011,342.7470,0.0000,19.5879
PM10,68.625000,5.000000,0.000000,-0.006011,343.1220,0.0000,19.5875
PM10,68.700000,5.000000,0.000000,-0.006011,343.4970,0.0000,19.5870
PM10,68.775000,5.000000,0.000000,-0.006011,343.8720,0.0000,19.5866
PM10,68.850000,5.000000,0.000000,-0.006011,344.2470,0.0000,19.5861
PM10,68.925000,5.000000,0.000000,-0.006011,344.6220,0.0000,19.5857
PM10,69.000000,5.000000,0.000000,-0.006011,344.9970,0.0000,19.5852
PM10,69.075000,5.000000,0.000000,-0.006011,345.3720,0.0000,19.5848
PM10,69.150000,5.000000,0.000000,-0.006011,345.7470,0.0000,19.5843
PM10,69.225000,5.000000,0.000000,-0.006011,346.1220,0.0000,19.5839
PM10,69.300000,5.000000,0.000000,-0.006011,346.4970,0.0000,19.5834
PM10,69.375000,5.000000,0.000000,-0.006011,346.8720,0.0000,19.5830
PM10,69.450000,5.000000,0.000000,-0.006011,347.2470,0.0000,19.5825
PM10,69.525000,5.000000,0.000000,-0.006011,347.6220,0.0000,19.5821
PM10,69.600000,5.000000,0.000000,-0.006011,347.9970,0.0000,19.5816
PM10,69.675000,5.000000,0.000000,-0.006011,348.3720,0.0000,19.5812
PM10,69.750000,5.000000,0.000000,-0.006011,348.7470,0.0000,19.5807
PM10,69.825000,5.000000,0.000000,-0.006011,349.1220,0.0000,19.5803
PM10,69.900000,5.000000,0.000000,-0.006011,349.4970,0.0000,19.5798
PM10,69.975000,5.000000,0.000000,-0.006011,349.8720,0.0000,19.5794
PM10,70.050000,5.000000,0.000000,-0.006011,350.2470,0.0000,19.5789
PM10,70.125000,5.000000,0.000000,-0.006011,350.6220,0.0000,19.5785
PM10,70.200000,5.000000,0.000000,-0.006011,350.9970,0.0000,19.5780
PM10,70.275000,5.000000,0.000000,-0.006011,351.3720,0.0000,19.5776
PM10,70.350000,5.000000,0.000000,-0.006011,351.7470,0.0000,19.5771
PM10,70.425000,5.000000,0.000000,-0.006011,352.1220,0.0000,19.5767
PM10,70.500000,5.000000,0.000000,-0.006011,352.4970,0.0000,19.5762
PM10,70.575000,5.000000,0.000000,-0.006011,352.8720,0.0000,19.5758
PM10,70.650000,5.000000,0.000000,-0.006011,353.2470,0.0000,19.5753
PM10,70.725000,5.000000,0.000000,-0.006011,353.6220,0.0000,19.5749
PM10,70.800000,5.000000,0.000000,-0.006011,353.9970,0.0000,19.5744
PM10,70.875000,5.000000,0.000000,-0.006011,354.3720,0.0000,19.5740
PM10,70.950000,5.000000,0.000000,-0.006011,354.7470,0.0000,19.5735
PM10,71.025000,5.000000,0.000000,-0.006011,355.1220,0.0000,19.5731
PM10,71.100000,5.000000,0.000000,-0.006011,355.4970,0.0000,19.5726
PM10,71.175000,5.000000,0.000000,-0.006011,355.8720,0.0000,19.5722
PM10,71.250000,5.000000,0.000000,-0.006011,356.2470,0.0000,19.5717
PM10,71.325000,5.000000,0.000000,-0.006011,356.6220,0.0000,19.5713
PM10,71.400000,5.000000,0.000000,-0.006011,356.9970,0.0000,19.5708
PM10,71.475000,5.000000,0.000000,-0.006011,357.3720,0.0000,19.5704
PM10,71.550000,5.000000,0.000000,-0.006011,357.7470,0.0000,19.5699
PM10,71.625000,5.000000,0.000000,-0.006011,358.1220,0.0000,19.5695
PM10,71.700000,5.000000,0.000000,-0.006011,358.4970,0.0000,19.5690
PM10,71.775000,5.000000,0.000000,-0.006011,358.8720,0.0000,19.5686
PM10,71.850000,5.000000,0.000000,-0.006011,359.2470,0.0000,19.5681
PM10,71.925000,5.000000,0.000000,-0.006011,359.6220,0.0000,19.5677
PM10,72.000000,5.000000,0.000000,-0.006011,359.9970,0.0000,19.5672
PM10,72.075000,5.000000,0.000000,-0.006011,360.3720,0.0000,19.5668
PM10,72.150000,5.000000,0.000000,-0.006011,360.7470,0.0000,19.5663
PM10,72.225000,5.000000,0.000000,-0.006011,361.1220,0.0000,19.5659
PM10,72.300000,5.000000,0.000000,-0.006011,361.4970,0.0000,19.5654
PM10,72.375000,5.000000,0.000000,-0.006011,361.8720,0.0000,19.5650
PM10,72.450000,5.000000,0.000000,-0.006011,362.2470,0.0000,19.5645
PM10,72.525000,5.000000,0.000000,-0.006011,362.6220,0.0000,19.5641
PM10,72.600000,5.000000,0.000000,-0.006011,362.9970,0.0000,19.5636
PM10,72.675000,5.000000,0.000000,-0.006011,363.3720,0.0000,19.5631
PM10,72.750000,5.000000,0.000000,-0.006011,363.7470,0.0000,19.5627
PM10,72.825000,5.000000,0.000000,-0.006011,364.1220,0.0000,19.5622
PM10,72.900000,5.000000,0.000000,-0.006011,364.4970,0.0000,19.5618
PM10,72.975000,5.000000,0.000000,-0.006011,364.8720,0.0000,19.5613
PM10,73.050000,5.000000,0.000000,-0.006011,365.2470,0.0000,19.5609
PM10,73.125000,5.000000,0.000000,-0.006011,365.6220,0.0000,19.5604
PM10,73.200000,5.000000,0.000000,-0.006011,365.9970,0.0000,19.5600
PM10,73.275000,5.000000,0.000000,-0.006011,366.3720,0.0000,19.5595
PM10,73.350000,5.000000,0.000000,-0.006011,366.7470,0.0000,19.5591
PM10,73.425000,5.000000,0.000000,-0.006011,367.1220,0.0000,19.5586
PM10,73.500000,5.000000,0.000000,-0.006011,367.4970,0.0000,19.5582
PM10,73.575000,5.000000,0.000000,-0.006011,367.8720,0.0000,19.5577
PM10,73.650000,5.000000,0.000000,-0.006011,368.2470,0.0000,19.5573
PM10,73.725000,5.000000,0.000000,-0.006011,368.6220,0.0000,19.5568
PM10,73.800000,5.000000,0.000000,-0.006011,368.9970,0.0000,19.5564
PM10,73.875000,5.000000,0.000000,-0.006011,369.3720,0.0000,19.5559
PM10,73.950000,5.000000,0.000000,-0.006011,369.7470,0.0000,19.5555
PM10,74.025000,5.000000,0.000000,-0.006011,370.1220,0.0000,19.5550
PM10,74.100000,5.000000,0.000000,-0.006011,370.4970,0.0000,19.5546
PM10,74.175000,5.000000,0.000000,-0.006011,370.8720,0.0000,19.5541
PM10,74.250000,5.000000,0.000000,-0.006011,371.2470,0.0000,19.5537
PM10,74.325000,5.000000,0.000000,-0.006011,371.6220,0.0000,19.5532
PM10,74.400000,5.000000,0.000000,-0.006011,371.9970,0.0000,19.5528
PM10,74.475000,5.000000,0.000000,-0.006011,372.3720,0.0000,19.5523
PM10,74.550000,5.000000,0.000000,-0.006011,372.7470,0.0000,19.5519
PM10,74.625000,5.000000,0.000000,-0.006011,373.1220,0.0000,19.5514
PM10,74.700000,5.000000,0.000000,-0.006011,373.4970,0.0000,19.5510
PM10,74.775000,5.000000,0.000000,-0.006011,373.8720,0.0000,19.5505
PM10,74.850000,5.000000,0.000000,-0.006011,374.2470,0.0000,19.5501
PM10,74.925000,5.000000,0.000000,-0.006011,374.6220,0.0000,19.5496
PM10,75.000000,5.000000,0.000000,-0.006011,374.9970,0.0000,19.5492
PM10,75.075000,5.000000,0.000000,-0.006011,375.3720,0.0000,19.5487
PM10,75.150000,5.000000,0.000000,-0.006011,375.7470,0.0000,19.5483
PM10,75.225000,5.000000,0.000000,-0.006011,376.1220,0.0000,19.5478
PM10,75.300000,5.000000,0.000000,-0.006011,376.4970,0.0000,19.5474
PM10,75.375000,5.000000,0.000000,-0.006011,376.8720,0.0000,19.5469
PM10,75.450000,5.000000,0.000000,-0.006011,377.2470,0.0000,19.5465
PM10,75.525000,5.000000,0.000000,-0.006011,377.6220,0.0000,19.5460
PM10,75.600000,5.000000,0.000000,-0.006011,377.9970,0.0000,19.5456
PM10,75.675000,5.000000,0.000000,-0.006011,378.3720,0.0000,19.5451
PM10,75.750000,5.000000,0.000000,-0.006011,378.7470,0.0000,19.5447
PM10,75.825000,5.000000,0.000000,-0.006011,379.1220,0.0000,19.5442
PM10,75.900000,5.000000,0.000000,-0.006011,379.4970,0.0000,19.5438
PM10,75.975000,5.000000,0.000000,-0.006011,379.8720,0.0000,19.5433
PM10,76.050000,5.000000,0.000000,-0.006011,380.2470,0.0000,19.5429
PM10,76.125000,5.000000,0.000000,-0.006011,380.6220,0.0000,19.5424
PM10,76.200000,5.000000,0.000000,-0.006011,380.9970,0.0000,19.5420
PM10,76.275000,5.000000,0.000000,-0.006011,381.3720,0.0000,19.5415
PM10,76.350000,5.000000,0.000000,-0.006011,381.7470,0.0000,19.5411
PM10,76.425000,5.000000,0.000000,-0.006011,382.1220,0.0000,19.5406
PM10,76.500000,5.000000,0.000000,-0.006011,382.4970,0.0000,19.5402
PM10,76.575000,5.000000,0.000000,-0.006011,382.8720,0.0000,19.5397
PM10,76.650000,5.000000,0.000000,-0.006011,383.2470,0.0000,19.5393
PM10,76.725000,5.000000,0.000000,-0.006011,383.6220,0.0000,19.5388
PM10,76.800000,5.000000,0.000000,-0.006011,383.9970,0.0000,19.5384
PM10,76.875000,5.000000,0.000000,-0.006011,384.3720,0.0000,19.5379
PM10,76.950000,5.000000,0.000000,-0.006011,384.7470,0.0000,19.5375
PM10,77.025000,5.000000,0.000000,-0.006011,385.1220,0.0000,19.5370
PM10,77.100000,5.000000,0.000000,-0.006011,385.4970,0.0000,19.5366
PM10,77.175000,5.000000,0.000000,-0.006011,385.8720,0.0000,19.5361
PM10,77.250000,5.000000,0.000000,-0.006011,386.2470,0.0000,19.5356
PM10,77.325000,5.000000,0.000000,-0.006011,386.6220,0.0000,19.5352
PM10,77.400000,5.000000,0.000000,-0.006011,386.9970,0.0000,19.5347
PM10,77.475000,5.000000,0.000000,-0.006011,387.3720,0.0000,19.5343
PM10,77.550000,5.000000,0.000000,-0.006011,387.7470,0.0000,19.5338
PM10,77.625000,5.000000,0.000000,-0.006011,388.1220,0.0000,19.5334
PM10,77.700000,5.000000,0.000000,-0.006011,388.4970,0.0000,19.5329
PM10,77.775000,5.000000,0.000000,-0.006011,388.8720,0.0000,19.5325
PM10,77.850000,5.000000,0.000000,-0.006011,389.2470,0.0000,19.5320
PM10,77.925000,5.000000,0.000000,-0.006011,389.6220,0.0000,19.5316
PM10,78.000000,5.000000,0.000000,-0.006011,389.9970,0.0000,19.5311
PM10,78.075000,5.000000,0.000000,-0.006011,390.3720,0.0000,19.5307
PM10,78.150000,5.000000,0.000000,-0.006011,390.7470,0.0000,19.5302
PM10,78.225000,5.000000,0.000000,-0.006011,391.1220,0.0000,19.5298
PM10,78.300000,5.000000,0.000000,-0.006011,391.4970,0.0000,19.5293
PM10,78.375000,5.000000,0.000000,-0.006011,391.8720,0.0000,19.5289
PM10,78.450000,5.000000,0.000000,-0.006011,392.2470,0.0000,19.5284
PM10,78.525000,5.000000,0.000000,-0.006011,392.6220,0.0000,19.5280
PM10,78.600000,5.000000,0.000000,-0.006011,392.9970,0.0000,19.5275
PM10,78.675000,5.000000,0.000000,-0.006011,393.3720,0.0000,19.5271
PM10,78.750000,5.000000,0.000000,-0.006011,393.7470,0.0000,19.5266
PM10,78.825000,5.000000,0.000000,-0.006011,394.1220,0.0000,19.5262
PM10,78.900000,5.000000,0.000000,-0.006011,394.4970,0.0000,19.5257
PM10,78.975000,5.000000,0.000000,-0.006011,394.8720,0.0000,19.5253
PM10,79.050000,5.000000,0.000000,-0.006011,395.2470,0.0000,19.5248
PM10,79.125000,5.000000,0.000000,-0.006011,395.6220,0.0000,19.5244
PM10,79.200000,5.000000,0.000000,-0.006011,395.9970,0.0000,19.5239
PM10,79.275000,5.000000,0.000000,-0.006011,396.3720,0.0000,19.5235
PM10,79.350000,5.000000,0.000000,-0.006011,396.7470,0.0000,19.5230
PM10,79.425000,5.000000,0.000000,-0.006011,397.1220,0.0000,19.5226
PM10,79.500000,5.000000,0.000000,-0.006011,397.4970,0.0000,19.5221
PM10,79.575000,5.000000,0.000000,-0.006011,397.8720,0.0000,19.5217
PM10,79.650000,5.000000,0.000000,-0.006011,398.2470,0.0000,19.5212
PM10,79.725000,5.000000,0.000000,-0.006011,398.6220,0.0000,19.5208
PM10,79.800000,5.000000,0.000000,-0.006011,398.9970,0.0000,19.5203
PM10,79.875000,5.000000,0.000000,-0.006011,399.3720,0.0000,19.5199
PM10,79.950000,5.000000,0.000000,-0.006011,399.7470,0.0000,19.5194
PM10,80.025000,5.000000,0.000000,-0.006011,400.1220,0.0000,19.5190
PM10,80.100000,5.000000,0.000000,-0.006011,400.4970,0.0000,19.5185
PM10,80.175000,5.000000,0.000000,-0.006011,400.8720,0.0000,19.5181
PM10,80.250000,5.000000,0.000000,-0.006011,401.2470,0.0000,19.5176
PM10,80.325000,5.000000,0.000000,-0.006011,401.6220,0.0000,19.5172
PM10,80.400000,5.000000,0.000000,-0.006011,401.9970,0.0000,19.5167
PM10,80.475000,5.000000,0.000000,-0.006011,402.3720,0.0000,19.5163
PM10,80.550000,5.000000,0.000000,-0.006011,402.7470,0.0000,19.5158
PM10,80.625000,5.000000,0.000000,-0.006011,403.1220,0.0000,19.5154
PM10,80.700000,5.000000,0.000000,-0.006011,403.4970,0.0000,19.5149
PM10,80.775000,5.000000,0.000000,-0.006011,403.8720,0.0000,19.5145
PM10,80.850000,5.000000,0.000000,-0.006011,404.2470,0.0000,19.5140
PM10,80.925000,5.000000,0.000000,-0.006011,404.6220,0.0000,19.5136
PM10,81.000000,5.000000,0.000000,-0.006011,404.9970,0.0000,19.5131
PM10,81.075000,5.000000,0.000000,-0.006011,405.3720,0.0000,19.5127
PM10,81.150000,5.000000,0.000000,-0.006011,405.7470,0.0000,19.5122
PM10,81.225000,5.000000,0.000000,-0.006011,406.1220,0.0000,19.5118
PM10,81.300000,5.000000,0.000000,-0.006011,406.4970,0.0000,19.5113
PM10,81.375000,5.000000,0.000000,-0.006011,406.8720,0.0000,19.5109
PM10,81.450000,5.000000,0.000000,-0.006011,407.2470,0.0000,19.5104
PM10,81.525000,5.000000,0.000000,-0.006011,407.6220,0.0000,19.5100
PM10,81.600000,5.000000,0.000000,-0.006011,407.9970,0.0000,19.5095
PM10,81.675000,5.000000,0.000000,-0.006011,408.3720,0.0000,19.5090
PM10,81.750000,5.000000,0.000000,-0.006011,408.7470,0.0000,19.5086
PM10,81.825000,5.000000,0.000000,-0.006011,409.1220,0.0000,19.5081
PM10,81.900000,5.000000,0.000000,-0.006011,409.4970,0.0000,19.5077
PM10,81.975000,5.000000,0.000000,-0.006011,409.8720,0.0000,19.5072
PM10,82.050000,5.000000,0.000000,-0.006011,410.2470,0.0000,19.5068
PM10,82.125000,5.000000,0.000000,-0.006011,410.6220,0.0000,19.5063
PM10,82.200000,5.000000,0.000000,-0.006011,410.9970,0.0000,19.5059
PM10,82.275000,5.000000,0.000000,-0.006011,411.3720,0.0000,19.5054
PM10,82.350000,5.000000,0.000000,-0.006011,411.7470,0.0000,19.5050
PM10,82.425000,5.000000,0.000000,-0.006011,412.1220,0.0000,19.5045
PM10,82.500000,5.000000,0.000000,-0.006011,412.4970,0.0000,19.5041
PM10,82.575000,5.000000,0.000000,-0.006011,412.8720,0.0000,19.5036
PM10,82.650000,5.000000,0.000000,-0.006011,413.2470,0.0000,19.5032
PM10,82.725000,5.000000,0.000000,-0.006011,413.6220,0.0000,19.5027
PM10,82.800000,5.000000,0.000000,-0.006011,413.9970,0.0000,19.5023
PM10,82.875000,5.000000,0.000000,-0.006011,414.3720,0.0000,19.5018
PM10,82.950000,5.000000,0.000000,-0.006011,414.7470,0.0000,19.5014
PM10,83.025000,5.000000,0.000000,-0.006011,415.1220,0.0000,19.5009
PM10,83.100000,5.000000,0.000000,-0.006011,415.4970,0.0000,19.5005
PM10,83.175000,5.000000,0.000000,-0.006011,415.8720,0.0000,19.5000
PM10,83.250000,5.000000,0.000000,-0.006011,416.2470,0.0000,19.4996
PM10,83.325000,5.000000,0.000000,-0.006011,416.6220,0.0000,19.4991
PM10,83.400000,5.000000,0.000000,-0.006011,416.9970,0.0000,19.4987
PM10,83.475000,5.000000,0.000000,-0.006011,417.3720,0.0000,19.4982
PM10,83.550000,5.000000,0.000000,-0.006011,417.7470,0.0000,19.4978
PM10,83.625000,5.000000,0.000000,-0.006011,418.1220,0.0000,19.4973
PM10,83.700000,5.000000,0.000000,-0.006011,418.4970,0.0000,19.4969
PM10,83.775000,5.000000,0.000000,-0.006011,418.8720,0.0000,19.4964
PM10,83.850000,5.000000,0.000000,-0.006011,419.2470,0.0000,19.4960
PM10,83.925000,5.000000,0.000000,-0.006011,419.6220,0.0000,19.4955
PM10,84.000000,5.000000,0.000000,-0.006011,419.9970,0.0000,19.4951
PM10,84.075000,5.000000,0.000000,-0.006011,420.3720,0.0000,19.4946
PM10,84.150000,5.000000,0.000000,-0.006011,420.7470,0.0000,19.4942
PM10,84.225000,5.000000,0.000000,-0.006011,421.1220,0.0000,19.4937
PM10,84.300000,5.000000,0.000000,-0.006011,421.4970,0.0000,19.4933
PM10,84.375000,5.000000,0.000000,-0.006011,421.8720,0.0000,19.4928
PM10,84.450000,5.000000,0.000000,-0.006011,422.2470,0.0000,19.4924
PM10,84.525000,5.000000,0.000000,-0.006011,422.6220,0.0000,19.4919
PM10,84.600000,5.000000,0.000000,-0.006011,422.9970,0.0000,19.4915
PM10,84.675000,5.000000,0.000000,-0.006011,423.3720,0.0000,19.4910
PM10,84.750000,5.000000,0.000000,-0.006011,423.7470,0.0000,19.4906
PM10,84.825000,5.000000,0.000000,-0.006011,424.1220,0.0000,19.4901
PM10,84.900000,5.000000,0.000000,-0.006011,424.4970,0.0000,19.4897
PM10,84.975000,5.000000,0.000000,-0.006011,424.8720,0.0000,19.4892
PM10,85.050000,5.000000,0.000000,-0.006011,425.2470,0.0000,19.4888
PM10,85.125000,5.000000,0.000000,-0.006011,425.6220,0.0000,19.4883
PM10,85.200000,5.000000,0.000000,-0.006011,425.9970,0.0000,19.4879
PM10,85.275000,5.000000,0.000000,-0.006011,426.3720,0.0000,19.4874
PM10,85.350000,5.000000,0.000000,-0.006011,426.7470,0.0000,19.4870
PM10,85.425000,5.000000,0.000000,-0.006011,427.1220,0.0000,19.4865
PM10,85.500000,5.000000,0.000000,-0.006011,427.4970,0.0000,19.4861
PM10,85.575000,5.000000,0.000000,-0.006011,427.8720,0.0000,19.4856
PM10,85.650000,5.000000,0.000000,-0.006011,428.2470,0.0000,19.4852
PM10,85.725000,5.000000,0.000000,-0.006011,428.6220,0.0000,19.4847
PM10,85.800000,5.000000,0.000000,-0.006011,428.9970,0.0000,19.4843
PM10,85.875000,5.000000,0.000000,-0.006011,429.3720,0.0000,19.4838
PM10,85.950000,5.000000,0.000000,-0.006011,429.7470,0.0000,19.4834
PM10,86.025000,5.000000,0.000000,-0.006011,430.1220,0.0000,19.4829
PM10,86.100000,5.000000,0.000000,-0.006011,430.4970,0.0000,19.4825
PM10,86.175000,5.000000,0.000000,-0.006011,430.8720,0.0000,19.4820
PM10,86.250000,5.000000,0.000000,-0.006011,431.2470,0.0000,19.4815
PM10,86.325000,5.000000,0.000000,-0.006011,431.6220,0.0000,19.4811
PM10,86.400000,5.000000,0.000000,-0.006011,431.9970,0.0000,19.4806
PM10,86.475000,5.000000,0.000000,-0.006011,432.3720,0.0000,19.4802
PM10,86.550000,5.000000,0.000000,-0.006011,432.7470,0.0000,19.4797
PM10,86.625000,5.000000,0.000000,-0.006011,433.1220,0.0000,19.4793
PM10,86.700000,5.000000,0.000000,-0.006011,433.4970,0.0000,19.4788
PM10,86.775000,5.000000,0.000000,-0.006011,433.8720,0.0000,19.4784
PM10,86.850000,5.000000,0.000000,-0.006011,434.2470,0.0000,19.4779
PM10,86.925000,5.000000,0.000000,-0.006011,434.6220,0.0000,19.4775
PM10,87.000000,5.000000,0.000000,-0.006011,434.9970,0.0000,19.4770
PM10,87.075000,5.000000,0.000000,-0.006011,435.3720,0.0000,19.4766
PM10,87.150000,5.000000,0.000000,-0.006011,435.7470,0.0000,19.4761
PM10,87.225000,5.000000,0.000000,-0.006011,436.1220,0.0000,19.4757
PM10,87.300000,5.000000,0.000000,-0.006011,436.4970,0.0000,19.4752
PM10,87.375000,5.000000,0.000000,-0.006011,436.8720,0.0000,19.4748
PM10,87.450000,5.000000,0.000000,-0.006011,437.2470,0.0000,19.4743
PM10,87.525000,5.000000,0.000000,-0.006011,437.6220,0.0000,19.4739
PM10,87.600000,5.000000,0.000000,-0.006011,437.9970,0.0000,19.4734
PM10,87.675000,5.000000,0.000000,-0.006011,438.3720,0.0000,19.4730
PM10,87.750000,5.000000,0.000000,-0.006011,438.7470,0.0000,19.4725
PM10,87.825000,5.000000,0.000000,-0.006011,439.1220,0.0000,19.4721
PM10,87.900000,5.000000,0.000000,-0.006011,439.4970,0.0000,19.4716
PM10,87.975000,5.000000,0.000000,-0.006011,439.8720,0.0000,19.4712
PM10,88.050000,5.000000,0.000000,-0.006011,440.2470,0.0000,19.4707
PM10,88.125000,5.000000,0.000000,-0.006011,440.6220,0.0000,19.4703
PM10,88.200000,5.000000,0.000000,-0.006011,440.9970,0.0000,19.4698
PM10,88.275000,5.000000,0.000000,-0.006011,441.3720,0.0000,19.4694
PM10,88.350000,5.000000,0.000000,-0.006011,441.7470,0.0000,19.4689
PM10,88.425000,5.000000,0.000000,-0.006011,442.1220,0.0000,19.4685
PM10,88.500000,5.000000,0.000000,-0.006011,442.4970,0.0000,19.4680
PM10,88.575000,5.000000,0.000000,-0.006011,442.8720,0.0000,19.4676
PM10,88.650000,5.000000,0.000000,-0.006011,443.2470,0.0000,19.4671
PM10,88.725000,5.000000,0.000000,-0.006011,443.6220,0.0000,19.4667
PM10,88.800000,5.000000,0.000000,-0.006011,443.9970,0.0000,19.4662
PM10,88.875000,5.000000,0.000000,-0.006011,444.3720,0.0000,19.4658
PM10,88.950000,5.000000,0.000000,-0.006011,444.7470,0.0000,19.4653
PM10,89.025000,5.000000,0.000000,-0.006011,445.1220,0.0000,19.4649
PM10,89.100000,5.000000,0.000000,-0.006011,445.4970,0.0000,19.4644
PM10,89.175000,5.000000,0.000000,-0.006011,445.8720,0.0000,19.4640
PM10,89.250000,5.000000,0.000000,-0.006011,446.2470,0.0000,19.4635
PM10,89.325000,5.000000,0.000000,-0.006011,446.6220,0.0000,19.4631
PM10,89.400000,5.000000,0.000000,-0.006011,446.9970,0.0000,19.4626
PM10,89.475000,5.000000,0.000000,-0.006011,447.3720,0.0000,19.4622
PM10,89.550000,5.000000,0.000000,-0.006011,447.7470,0.0000,19.4617
PM10,89.625000,5.000000,0.000000,-0.006011,448.1220,0.0000,19.4613
PM10,89.700000,5.000000,0.000000,-0.006011,448.4970,0.0000,19.4608
PM10,89.775000,5.000000,0.000000,-0.006011,448.8720,0.0000,19.4604
PM10,89.850000,5.000000,0.000000,-0.006011,449.2470,0.0000,19.4599
PM10,89.925000,5.000000,0.000000,-0.006011,449.6220,0.0000,19.4595
PM10,90.000000,5.000000,0.000000,-0.006011,449.9970,0.0000,19.4590
PM10,90.075000,5.000000,0.000000,-0.006011,450.3720,0.0000,19.4586
PM10,90.150000,5.000000,0.000000,-0.006011,450.7470,0.0000,19.4581
PM10,90.225000,5.000000,0.000000,-0.006011,451.1220,0.0000,19.4577
PM10,90.300000,5.000000,0.000000,-0.006011,451.4970,0.0000,19.4572
PM10,90.375000,5.000000,0.000000,-0.006011,451.8720,0.0000,19.4568
PM10,90.450000,5.000000,0.000000,-0.006011,452.2470,0.0000,19.4563
PM10,90.525000,5.000000,0.000000,-0.006011,452.6220,0.0000,19.4559
PM10,90.600000,5.000000,0.000000,-0.006011,452.9970,0.0000,19.4554
PM10,90.675000,5.000000,0.000000,-0.006011,453.3720,0.0000,19.4550
PM10,90.750000,5.000000,0.000000,-0.006011,453.7470,0.0000,19.4545
PM10,90.825000,5.000000,0.000000,-0.006011,454.1220,0.0000,19.4540
PM10,90.900000,5.000000,0.000000,-0.006011,454.4970,0.0000,19.4536
PM10,90.975000,5.000000,0.000000,-0.006011,454.8720,0.0000,19.4531
PM10,91.050000,5.000000,0.000000,-0.006011,455.2470,0.0000,19.4527
PM10,91.125000,5.000000,0.000000,-0.006011,455.6220,0.0000,19.4522
PM10,91.200000,5.000000,0.000000,-0.006011,455.9970,0.0000,19.4518
PM10,91.275000,5.000000,0.000000,-0.006011,456.3720,0.0000,19.4513
PM10,91.350000,5.000000,0.000000,-0.006011,456.7470,0.0000,19.4509
PM10,91.425000,5.000000,0.000000,-0.006011,457.1220,0.0000,19.4504
PM10,91.500000,5.000000,0.000000,-0.006011,457.4970,0.0000,19.4500
PM10,91.575000,5.000000,0.000000,-0.006011,457.8720,0.0000,19.4495
PM10,91.650000,5.000000,0.000000,-0.006011,458.2470,0.0000,19.4491
PM10,91.725000,5.000000,0.000000,-0.006011,458.6220,0.0000,19.4486
PM10,91.800000,5.000000,0.000000,-0.006011,458.9970,0.0000,19.4482
PM10,91.875000,5.000000,0.000000,-0.006011,459.3720,0.0000,19.4477
PM10,91.950000,5.000000,0.000000,-0.006011,459.7470,0.0000,19.4473
PM10,92.025000,5.000000,0.000000,-0.006011,460.1220,0.0000,19.4468
PM10,92.100000,5.000000,0.000000,-0.006011,460.4970,0.0000,19.4464
PM10,92.175000,5.000000,0.000000,-0.006011,460.8720,0.0000,19.4459
PM10,92.250000,5.000000,0.000000,-0.006011,461.2470,0.0000,19.4455
PM10,92.325000,5.000000,0.000000,-0.006011,461.6220,0.0000,19.4450
PM10,92.400000,5.000000,0.000000,-0.006011,461.9970,0.0000,19.4446
PM10,92.475000,5.000000,0.000000,-0.006011,462.3720,0.0000,19.4441
PM10,92.550000,5.000000,0.000000,-0.006011,462.7470,0.0000,19.4437
PM10,92.625000,5.000000,0.000000,-0.006011,463.1220,0.0000,19.4432
PM10,92.700000,5.000000,0.000000,-0.006011,463.4970,0.0000,19.4428
PM10,92.775000,5.000000,0.000000,-0.006011,463.8720,0.0000,19.4423
PM10,92.850000,5.000000,0.000000,-0.006011,464.2470,0.0000,19.4419
PM10,92.925000,5.000000,0.000000,-0.006011,464.6220,0.0000,19.4414
PM10,93.000000,5.000000,0.000000,-0.006011,464.9970,0.0000,19.4410
PM10,93.075000,5.000000,0.000000,-0.006011,465.3720,0.0000,19.4405
PM10,93.150000,5.000000,0.000000,-0.006011,465.7470,0.0000,19.4401
PM10,93.225000,5.000000,0.000000,-0.006011,466.1220,0.0000,19.4396
PM10,93.300000,5.000000,0.000000,-0.006011,466.4970,0.0000,19.4392
PM10,93.375000,5.000000,0.000000,-0.006011,466.8720,0.0000,19.4387
PM10,93.450000,5.000000,0.000000,-0.006011,467.2470,0.0000,19.4383
PM10,93.525000,5.000000,0.000000,-0.006011,467.6220,0.0000,19.4378
PM10,93.600000,5.000000,0.000000,-0.006011,467.9970,0.0000,19.4374
PM10,93.675000,5.000000,0.000000,-0.006011,468.3720,0.0000,19.4369
PM10,93.750000,5.000000,0.000000,-0.006011,468.7470,0.0000,19.4365
PM10,93.825000,5.000000,0.000000,-0.006011,469.1220,0.0000,19.4360
PM10,93.900000,5.000000,0.000000,-0.006011,469.4970,0.0000,19.4356
PM10,93.975000,5.000000,0.000000,-0.006011,469.8720,0.0000,19.4351
PM10,94.050000,5.000000,0.000000,-0.006011,470.2470,0.0000,19.4347
PM10,94.125000,5.000000,0.000000,-0.006011,470.6220,0.0000,19.4342
PM10,94.200000,5.000000,0.000000,-0.006011,470.9970,0.0000,19.4338
PM10,94.275000,5.000000,0.000000,-0.006011,471.3720,0.0000,19.4333
PM10,94.350000,5.000000,0.000000,-0.006011,471.7470,0.0000,19.4329
PM10,94.425000,5.000000,0.000000,-0.006011,472.1220,0.0000,19.4324
PM10,94.500000,5.000000,0.000000,-0.006011,472.4970,0.0000,19.4320
PM10,94.575000,5.000000,0.000000,-0.006011,472.8720,0.0000,19.4315
PM10,94.650000,5.000000,0.000000,-0.006011,473.2470,0.0000,19.4311
PM10,94.725000,5.000000,0.000000,-0.006011,473.6220,0.0000,19.4306
PM10,94.800000,5.000000,0.000000,-0.006011,473.9970,0.0000,19.4302
PM10,94.875000,5.000000,0.000000,-0.006011,474.3720,0.0000,19.4297
PM10,94.950000,5.000000,0.000000,-0.006011,474.7470,0.0000,19.4293
PM10,95.025000,5.000000,0.000000,-0.006011,475.1220,0.0000,19.4288
PM10,95.100000,5.000000,0.000000,-0.006011,475.4970,0.0000,19.4284
PM10,95.175000,5.000000,0.000000,-0.006011,475.8720,0.0000,19.4279
PM10,95.250000,5.000000,0.000000,-0.006011,476.2470,0.0000,19.4274
PM10,95.325000,5.000000,0.000000,-0.006011,476.6220,0.0000,19.4270
PM10,95.400000,5.000000,0.000000,-0.006011,476.9970,0.0000,19.4265
PM10,95.475000,5.000000,0.000000,-0.006011,477.3720,0.0000,19.4261
PM10,95.550000,5.000000,0.000000,-0.006011,477.7470,0.0000,19.4256
PM10,95.625000,5.000000,0.000000,-0.006011,478.1220,0.0000,19.4252
PM10,95.700000,5.000000,0.000000,-0.006011,478.4970,0.0000,19.4247
PM10,95.775000,5.000000,0.000000,-0.006011,478.8720,0.0000,19.4243
PM10,95.850000,5.000000,0.000000,-0.006011,479.2470,0.0000,19.4238
PM10,95.925000,5.000000,0.000000,-0.006011,479.6220,0.0000,19.4234
PM10,96.000000,5.000000,0.000000,-0.006011,479.9970,0.0000,19.4229
PM10,96.075000,5.000000,0.000000,-0.006011,480.3720,0.0000,19.4225
PM10,96.150000,5.000000,0.000000,-0.006011,480.7470,0.0000,19.4220
PM10,96.225000,5.000000,0.000000,-0.006011,481.1220,0.0000,19.4216
PM10,96.300000,5.000000,0.000000,-0.006011,481.4970,0.0000,19.4211
PM10,96.375000,5.000000,0.000000,-0.006011,481.8720,0.0000,19.4207
PM10,96.450000,5.000000,0.000000,-0.006011,482.2470,0.0000,19.4202
PM10,96.525000,5.000000,0.000000,-0.006011,482.6220,0.0000,19.4198
PM10,96.600000,5.000000,0.000000,-0.006011,482.9970,0.0000,19.4193
PM10,96.675000,5.000000,0.000000,-0.006011,483.3720,0.0000,19.4189
PM10,96.750000,5.000000,0.000000,-0.006011,483.7470,0.0000,19.4184
PM10,96.825000,5.000000,0.000000,-0.006011,484.1220,0.0000,19.4180
PM10,96.900000,5.000000,0.000000,-0.006011,484.4970,0.0000,19.4175
PM10,96.975000,5.000000,0.000000,-0.006011,484.8720,0.0000,19.4171
PM10,97.050000,5.000000,0.000000,-0.006011,485.2470,0.0000,19.4166
PM10,97.125000,5.000000,0.000000,-0.006011,485.6220,0.0000,19.4162
PM10,97.200000,5.000000,0.000000,-0.006011,485.9970,0.0000,19.4157
PM10,97.275000,5.000000,0.000000,-0.006011,486.3720,0.0000,19.4153
PM10,97.350000,5.000000,0.000000,-0.006011,486.7470,0.0000,19.4148
PM10,97.425000,5.000000,0.000000,-0.006011,487.1220,0.0000,19.4144
PM10,97.500000,5.000000,0.000000,-0.006011,487.4970,0.0000,19.4139
PM10,97.575000,5.000000,0.000000,-0.006011,487.8720,0.0000,19.4135
PM10,97.650000,5.000000,0.000000,-0.006011,488.2470,0.0000,19.4130
PM10,97.725000,5.000000,0.000000,-0.006011,488.6220,0.0000,19.4126
PM10,97.800000,5.000000,0.000000,-0.006011,488.9970,0.0000,19.4121
PM10,97.875000,5.000000,0.000000,-0.006011,489.3720,0.0000,19.4117
PM10,97.950000,5.000000,0.000000,-0.006011,489.7470,0.0000,19.4112
PM10,98.025000,5.000000,0.000000,-0.006011,490.1220,0.0000,19.4108
PM10,98.100000,5.000000,0.000000,-0.006011,490.4970,0.0000,19.4103
PM10,98.175000,5.000000,0.000000,-0.006011,490.8720,0.0000,19.4099
PM10,98.250000,5.000000,0.000000,-0.006011,491.2470,0.0000,19.4094
PM10,98.325000,5.000000,0.000000,-0.006011,491.6220,0.0000,19.4090
PM10,98.400000,5.000000,0.000000,-0.006011,491.9970,0.0000,19.4085
PM10,98.475000,5.000000,0.000000,-0.006011,492.3720,0.0000,19.4081
PM10,98.550000,5.000000,0.000000,-0.006011,492.7470,0.0000,19.4076
PM10,98.625000,5.000000,0.000000,-0.006011,493.1220,0.0000,19.4072
PM10,98.700000,5.000000,0.000000,-0.006011,493.4970,0.0000,19.4067
PM10,98.775000,5.000000,0.000000,-0.006011,493.8720,0.0000,19.4063
PM10,98.850000,5.000000,0.000000,-0.006011,494.2470,0.0000,19.4058
PM10,98.925000,5.000000,0.000000,-0.006011,494.6220,0.0000,19.4054
PM10,99.000000,5.000000,0.000000,-0.006011,494.9970,0.0000,19.4049
PM10,99.075000,5.000000,0.000000,-0.006011,495.3720,0.0000,19.4045
PM10,99.150000,5.000000,0.000000,-0.006011,495.7470,0.0000,19.4040
PM10,99.225000,5.000000,0.000000,-0.006011,496.1220,0.0000,19.4036
PM10,99.300000,5.000000,0.000000,-0.006011,496.4970,0.0000,19.4031
PM10,99.375000,5.000000,0.000000,-0.006011,496.8720,0.0000,19.4027
PM10,99.450000,5.000000,0.000000,-0.006011,497.2470,0.0000,19.4022
PM10,99.525000,5.000000,0.000000,-0.006011,497.6220,0.0000,19.4018
PM10,99.600000,5.000000,0.000000,-0.006011,497.9970,0.0000,19.4013
PM10,99.675000,5.000000,0.000000,-0.006011,498.3720,0.0000,19.4009
PM10,99.750000,5.000000,0.000000,-0.006011,498.7470,0.0000,19.4004
PM10,99.825000,5.000000,0.000000,-0.006011,499.1220,0.0000,19.3999
PM10,99.900000,5.000000,0.000000,-0.006011,499.4970,0.0000,19.3995
PM10,99.975000,5.000000,0.000000,-0.006011,499.8720,0.0000,19.3990
PM10,100.050000,5.000000,0.000000,-0.006011,500.2470,0.0000,19.3986
PM10,100.125000,5.000000,0.000000,-0.006011,500.6220,0.0000,19.3981
PM10,100.200000,5.000000,0.000000,-0.006011,500.9970,0.0000,19.3977
PM10,100.275000,5.000000,0.000000,-0.006011,501.3720,0.0000,19.3972
PM10,100.350000,5.000000,0.000000,-0.006011,501.7470,0.0000,19.3968
PM10,100.425000,5.000000,0.000000,-0.006011,502.1220,0.0000,19.3963
PM10,100.500000,5.000000,0.000000,-0.006011,502.4970,0.0000,19.3959
PM10,100.575000,5.000000,0.000000,-0.006011,502.8720,0.0000,19.3954
PM10,100.650000,5.000000,0.000000,-0.006011,503.2470,0.0000,19.3950
PM10,100.725000,5.000000,0.000000,-0.006011,503.6220,0.0000,19.3945
PM10,100.800000,5.000000,0.000000,-0.006011,503.9970,0.0000,19.3941
PM10,100.875000,5.000000,0.000000,-0.006011,504.3720,0.0000,19.3936
PM10,100.950000,5.000000,0.000000,-0.006011,504.7470,0.0000,19.3932
PM10,101.025000,5.000000,0.000000,-0.006011,505.1220,0.0000,19.3927
PM10,101.100000,5.000000,0.000000,-0.006011,505.4970,0.0000,19.3923
PM10,101.175000,5.000000,0.000000,-0.006011,505.8720,0.0000,19.3918
PM10,101.250000,5.000000,0.000000,-0.006011,506.2470,0.0000,19.3914
PM10,101.325000,5.000000,0.000000,-0.006011,506.6220,0.0000,19.3909
PM10,101.400000,5.000000,0.000000,-0.006011,506.9970,0.0000,19.3905
PM10,101.475000,5.000000,0.000000,-0.006011,507.3720,0.0000,19.3900
PM10,101.550000,5.000000,0.000000,-0.006011,507.7470,0.0000,19.3896
PM10,101.625000,5.000000,0.000000,-0.006011,508.1220,0.0000,19.3891
PM10,101.700000,5.000000,0.000000,-0.006011,508.4970,0.0000,19.3887
PM10,101.775000,5.000000,0.000000,-0.006011,508.8720,0.0000,19.3882
PM10,101.850000,5.000000,0.000000,-0.006011,509.2470,0.0000,19.3878
PM10,101.925000,5.000000,0.000000,-0.006011,509.6220,0.0000,19.3873
PM10,102.000000,5.000000,0.000000,-0.006011,509.9970,0.0000,19.3869
PM10,102.075000,5.000000,0.000000,-0.006011,510.3720,0.0000,19.3864
PM10,102.150000,5.000000,0.000000,-0.006011,510.7470,0.0000,19.3860
PM10,102.225000,5.000000,0.000000,-0.006011,511.1220,0.0000,19.3855
PM10,102.300000,5.000000,0.000000,-0.006011,511.4970,0.0000,19.3851
PM10,102.375000,5.000000,0.000000,-0.006011,511.8720,0.0000,19.3846
PM10,102.450000,5.000000,0.000000,-0.006011,512.2470,0.0000,19.3842
PM10,102.525000,5.000000,0.000000,-0.006011,512.6220,0.0000,19.3837
PM10,102.600000,5.000000,0.000000,-0.006011,512.9970,0.0000,19.3833
PM10,102.675000,5.000000,0.000000,-0.006011,513.3720,0.0000,19.3828
PM10,102.750000,5.000000,0.000000,-0.006011,513.7470,0.0000,19.3824
PM10,102.825000,5.000000,0.000000,-0.006011,514.1220,0.0000,19.3819
PM10,102.900000,5.000000,0.000000,-0.006011,514.4970,0.0000,19.3815
PM10,102.975000,5.000000,0.000000,-0.006011,514.8720,0.0000,19.3810
PM10,103.050000,5.000000,0.000000,-0.006011,515.2470,0.0000,19.3806
PM10,103.125000,5.000000,0.000000,-0.006011,515.6220,0.0000,19.3801
PM10,103.200000,5.000000,0.000000,-0.006011,515.9970,0.0000,19.3797
PM10,103.275000,5.000000,0.000000,-0.006011,516.3720,0.0000,19.3792
PM10,103.350000,5.000000,0.000000,-0.006011,516.7470,0.0000,19.3788
PM10,103.425000,5.000000,0.000000,-0.006011,517.1220,0.0000,19.3783
PM10,103.500000,5.000000,0.000000,-0.006011,517.4970,0.0000,19.3779
PM10,103.575000,5.000000,0.000000,-0.006011,517.8720,0.0000,19.3774
PM10,103.650000,5.000000,0.000000,-0.006011,518.2470,0.0000,19.3770
PM10,103.725000,5.000000,0.000000,-0.006011,518.6220,0.0000,19.3765
PM10,103.800000,5.000000,0.000000,-0.006011,518.9970,0.0000,19.3761
PM10,103.875000,5.000000,0.000000,-0.006011,519.3720,0.0000,19.3756
PM10,103.950000,5.000000,0.000000,-0.006011,519.7470,0.0000,19.3752
PM10,104.025000,5.000000,0.000000,-0.006011,520.1220,0.0000,19.3747
PM10,104.100000,5.000000,0.000000,-0.006011,520.4970,0.0000,19.3743
PM10,104.175000,5.000000,0.000000,-0.006011,520.8720,0.0000,19.3738
PM10,104.250000,5.000000,0.000000,-0.006011,521.2470,0.0000,19.3733
PM10,104.325000,5.000000,0.000000,-0.006011,521.6220,0.0000,19.3729
PM10,104.400000,5.000000,0.000000,-0.006011,521.9970,0.0000,19.3724
PM10,104.475000,5.000000,0.000000,-0.006011,522.3720,0.0000,19.3720
PM10,104.550000,5.000000,0.000000,-0.006011,522.7470,0.0000,19.3715
PM10,104.625000,5.000000,0.000000,-0.006011,523.1220,0.0000,19.3711
PM10,104.700000,5.000000,0.000000,-0.006011,523.4970,0.0000,19.3706
PM10,104.775000,5.000000,0.000000,-0.006011,523.8720,0.0000,19.3702
PM10,104.850000,5.000000,0.000000,-0.006011,524.2470,0.0000,19.3697
PM10,104.925000,5.000000,0.000000,-0.006011,524.6220,0.0000,19.3693
PM10,105.000000,5.000000,0.000000,-0.006011,524.9970,0.0000,19.3688
PM10,105.075000,5.000000,0.000000,-0.006011,525.3720,0.0000,19.3684
PM10,105.150000,5.000000,0.000000,-0.006011,525.7470,0.0000,19.3679
PM10,105.225000,5.000000,0.000000,-0.006011,526.1220,0.0000,19.3675
PM10,105.300000,5.000000,0.000000,-0.006011,526.4970,0.0000,19.3670
PM10,105.375000,5.000000,0.000000,-0.006011,526.8720,0.0000,19.3666
PM10,105.450000,5.000000,0.000000,-0.006011,527.2470,0.0000,19.3661
PM10,105.525000,5.000000,0.000000,-0.006011,527.6220,0.0000,19.3657
PM10,105.600000,5.000000,0.000000,-0.006011,527.9970,0.0000,19.3652
PM10,105.675000,5.000000,0.000000,-0.006011,528.3720,0.0000,19.3648
PM10,105.750000,5.000000,0.000000,-0.006011,528.7470,0.0000,19.3643
PM10,105.825000,5.000000,0.000000,-0.006011,529.1220,0.0000,19.3639
PM10,105.900000,5.000000,0.000000,-0.006011,529.4970,0.0000,19.3634
PM10,105.975000,5.000000,0.000000,-0.006011,529.8720,0.0000,19.3630
PM10,106.050000,5.000000,0.000000,-0.006011,530.2470,0.0000,19.3625
PM10,106.125000,5.000000,0.000000,-0.006011,530.6220,0.0000,19.3621
PM10,106.200000,5.000000,0.000000,-0.006011,530.9970,0.0000,19.3616
PM10,106.275000,5.000000,0.000000,-0.006011,531.3720,0.0000,19.3612
PM10,106.350000,5.000000,0.000000,-0.006011,531.7470,0.0000,19.3607
PM10,106.425000,5.000000,0.000000,-0.006011,532.1220,0.0000,19.3603
PM10,106.500000,5.000000,0.000000,-0.006011,532.4970,0.0000,19.3598
PM10,106.575000,5.000000,0.000000,-0.006011,532.8720,0.0000,19.3594
PM10,106.650000,5.000000,0.000000,-0.006011,533.2470,0.0000,19.3589
PM10,106.725000,5.000000,0.000000,-0.006011,533.6220,0.0000,19.3585
PM10,106.800000,5.000000,0.000000,-0.006011,533.9970,0.0000,19.3580
PM10,106.875000,5.000000,0.000000,-0.006011,534.3720,0.0000,19.3576
PM10,106.950000,5.000000,0.000000,-0.006011,534.7470,0.0000,19.3571
PM10,107.025000,5.000000,0.000000,-0.006011,535.1220,0.0000,19.3567
PM10,107.100000,5.000000,0.000000,-0.006011,535.4970,0.0000,19.3562
PM10,107.175000,5.000000,0.000000,-0.006011,535.8720,0.0000,19.3558
PM10,107.250000,5.000000,0.000000,-0.006011,536.2470,0.0000,19.3553
PM10,107.325000,5.000000,0.000000,-0.006011,536.6220,0.0000,19.3549
PM10,107.400000,5.000000,0.000000,-0.006011,536.9970,0.0000,19.3544
PM10,107.475000,5.000000,0.000000,-0.006011,537.3720,0.0000,19.3540
PM10,107.550000,5.000000,0.000000,-0.006011,537.7470,0.0000,19.3535
PM10,107.625000,5.000000,0.000000,-0.006011,538.1220,0.0000,19.3531
PM10,107.700000,5.000000,0.000000,-0.006011,538.4970,0.0000,19.3526
PM10,107.775000,5.000000,0.000000,-0.006011,538.8720,0.0000,19.3522
PM10,107.850000,5.000000,0.000000,-0.006011,539.2470,0.0000,19.3517
PM10,107.925000,5.000000,0.000000,-0.006011,539.6220,0.0000,19.3513
PM10,108.000000,5.000000,0.000000,-0.006011,539.9970,0.0000,19.3508
PM10,108.075000,5.000000,0.000000,-0.006011,540.3720,0.0000,19.3504
PM10,108.150000,5.000000,0.000000,-0.006011,540.7470,0.0000,19.3499
PM10,108.225000,5.000000,0.000000,-0.006011,541.1220,0.0000,19.3495
PM10,108.300000,5.000000,0.000000,-0.006011,541.4970,0.0000,19.3490
PM10,108.375000,5.000000,0.000000,-0.006011,541.8720,0.0000,19.3486
PM10,108.450000,5.000000,0.000000,-0.006011,542.2470,0.0000,19.3481
PM10,108.525000,5.000000,0.000000,-0.006011,542.6220,0.0000,19.3477
PM10,108.600000,5.000000,0.000000,-0.006011,542.9970,0.0000,19.3472
PM10,108.675000,5.000000,0.000000,-0.006011,543.3720,0.0000,19.3468
PM10,108.750000,5.000000,0.000000,-0.006011,543.7470,0.0000,19.3463
PM10,108.825000,5.000000,0.000000,-0.006011,544.1220,0.0000,19.3458
PM10,108.900000,5.000000,0.000000,-0.006011,544.4970,0.0000,19.3454
PM10,108.975000,5.000000,0.000000,-0.006011,544.8720,0.0000,19.3449
PM10,109.050000,5.000000,0.000000,-0.006011,545.2470,0.0000,19.3445
PM10,109.125000,5.000000,0.000000,-0.006011,545.6220,0.0000,19.3440
PM10,109.200000,5.000000,0.000000,-0.006011,545.9970,0.0000,19.3436
PM10,109.275000,5.000000,0.000000,-0.006011,546.3720,0.0000,19.3431
PM10,109.350000,5.000000,0.000000,-0.006011,546.7470,0.0000,19.3427
PM10,109.425000,5.000000,0.000000,-0.006011,547.1220,0.0000,19.3422
PM10,109.500000,5.000000,0.000000,-0.006011,547.4970,0.0000,19.3418
PM10,109.575000,5.000000,0.000000,-0.006011,547.8720,0.0000,19.3413
PM10,109.650000,5.000000,0.000000,-0.006011,548.2470,0.0000,19.3409
PM10,109.725000,5.000000,0.000000,-0.006011,548.6220,0.0000,19.3404
PM10,109.800000,5.000000,0.000000,-0.006011,548.9970,0.0000,19.3400
PM10,109.875000,5.000000,0.000000,-0.006011,549.3720,0.0000,19.3395
PM10,109.950000,5.000000,0.000000,-0.006011,549.7470,0.0000,19.3391
PM10,110.025000,5.000000,0.000000,-0.006011,550.1220,0.0000,19.3386
PM10,110.100000,5.000000,0.000000,-0.006011,550.4970,0.0000,19.3382
PM10,110.175000,5.000000,0.000000,-0.006011,550.8720,0.0000,19.3377
PM10,110.250000,5.000000,0.000000,-0.006011,551.2470,0.0000,19.3373
PM10,110.325000,5.000000,0.000000,-0.006011,551.6220,0.0000,19.3368
PM10,110.400000,5.000000,0.000000,-0.006011,551.9970,0.0000,19.3364
PM10,110.475000,5.000000,0.000000,-0.006011,552.3720,0.0000,19.3359
PM10,110.550000,5.000000,0.000000,-0.006011,552.7470,0.0000,19.3355
PM10,110.625000,5.000000,0.000000,-0.006011,553.1220,0.0000,19.3350
PM10,110.700000,5.000000,0.000000,-0.006011,553.4970,0.0000,19.3346
PM10,110.775000,5.000000,0.000000,-0.006011,553.8720,0.0000,19.3341
PM10,110.850000,5.000000,0.000000,-0.006011,554.2470,0.0000,19.3337
PM10,110.925000,5.000000,0.000000,-0.006011,554.6220,0.0000,19.3332
PM10,111.000000,5.000000,0.000000,-0.006011,554.9970,0.0000,19.3328
PM10,111.075000,5.000000,0.000000,-0.006011,555.3720,0.0000,19.3323
PM10,111.150000,5.000000,0.000000,-0.006011,555.7470,0.0000,19.3319
PM10,111.225000,5.000000,0.000000,-0.006011,556.1220,0.0000,19.3314
PM10,111.300000,5.000000,0.000000,-0.006011,556.4970,0.0000,19.3310
PM10,111.375000,5.000000,0.000000,-0.006011,556.8720,0.0000,19.3305
PM10,111.450000,5.000000,0.000000,-0.006011,557.2470,0.0000,19.3301
PM10,111.525000,5.000000,0.000000,-0.006011,557.6220,0.0000,19.3296
PM10,111.600000,5.000000,0.000000,-0.006011,557.9970,0.0000,19.3292
PM10,111.675000,5.000000,0.000000,-0.006011,558.3720,0.0000,19.3287
PM10,111.750000,5.000000,0.000000,-0.006011,558.7470,0.0000,19.3283
PM10,111.825000,5.000000,0.000000,-0.006011,559.1220,0.0000,19.3278
PM10,111.900000,5.000000,0.000000,-0.006011,559.4970,0.0000,19.3274
PM10,111.975000,5.000000,0.000000,-0.006011,559.8720,0.0000,19.3269
PM10,112.050000,5.000000,0.000000,-0.006011,560.2470,0.0000,19.3265
PM10,112.125000,5.000000,0.000000,-0.006011,560.6220,0.0000,19.3260
PM10,112.200000,5.000000,0.000000,-0.006011,560.9970,0.0000,19.3256
PM10,112.275000,5.000000,0.000000,-0.006011,561.3720,0.0000,19.3251
PM10,112.350000,5.000000,0.000000,-0.006011,561.7470,0.0000,19.3247
PM10,112.425000,5.000000,0.000000,-0.006011,562.1220,0.0000,19.3242
PM10,112.500000,5.000000,0.000000,-0.006011,562.4970,0.0000,19.3238
PM10,112.575000,5.000000,0.000000,-0.006011,562.8720,0.0000,19.3233
PM10,112.650000,5.000000,0.000000,-0.006011,563.2470,0.0000,19.3229
PM10,112.725000,5.000000,0.000000,-0.006011,563.6220,0.0000,19.3224
PM10,112.800000,5.000000,0.000000,-0.006011,563.9970,0.0000,19.3220
PM10,112.875000,5.000000,0.000000,-0.006011,564.3720,0.0000,19.3215
PM10,112.950000,5.000000,0.000000,-0.006011,564.7470,0.0000,19.3211
PM10,113.025000,5.000000,0.000000,-0.006011,565.1220,0.0000,19.3206
PM10,113.100000,5.000000,0.000000,-0.006011,565.4970,0.0000,19.3202
PM10,113.175000,5.000000,0.000000,-0.006011,565.8720,0.0000,19.3197
PM10,113.250000,5.000000,0.000000,-0.006011,566.2470,0.0000,19.3193
PM10,113.325000,5.000000,0.000000,-0.006011,566.6220,0.0000,19.3188
PM10,113.400000,5.000000,0.000000,-0.006011,566.9970,0.0000,19.3183
PM10,113.475000,5.000000,0.000000,-0.006011,567.3720,0.0000,19.3179
PM10,113.550000,5.000000,0.000000,-0.006011,567.7470,0.0000,19.3174
PM10,113.625000,5.000000,0.000000,-0.006011,568.1220,0.0000,19.3170
PM10,113.700000,5.000000,0.000000,-0.006011,568.4970,0.0000,19.3165
PM10,113.775000,5.000000,0.000000,-0.006011,568.8720,0.0000,19.3161
PM10,113.850000,5.000000,0.000000,-0.006011,569.2470,0.0000,19.3156
PM10,113.925000,5.000000,0.000000,-0.006011,569.6220,0.0000,19.3152
PM10,114.000000,5.000000,0.000000,-0.006011,569.9970,0.0000,19.3147
PM10,114.075000,5.000000,0.000000,-0.006011,570.3720,0.0000,19.3143
PM10,114.150000,5.000000,0.000000,-0.006011,570.7470,0.0000,19.3138
PM10,114.225000,5.000000,0.000000,-0.006011,571.1220,0.0000,19.3134
PM10,114.300000,5.000000,0.000000,-0.006011,571.4970,0.0000,19.3129
PM10,114.375000,5.000000,0.000000,-0.006011,571.8720,0.0000,19.3125
PM10,114.450000,5.000000,0.000000,-0.006011,572.2470,0.0000,19.3120
PM10,114.525000,5.000000,0.000000,-0.006011,572.6220,0.0000,19.3116
PM10,114.600000,5.000000,0.000000,-0.006011,572.9970,0.0000,19.3111
PM10,114.675000,5.000000,0.000000,-0.006011,573.3720,0.0000,19.3107
PM10,114.750000,5.000000,0.000000,-0.006011,573.7470,0.0000,19.3102
PM10,114.825000,5.000000,0.000000,-0.006011,574.1220,0.0000,19.3098
PM10,114.900000,5.000000,0.000000,-0.006011,574.4970,0.0000,19.3093
PM10,114.975000,5.000000,0.000000,-0.006011,574.8720,0.0000,19.3089
PM10,115.050000,5.000000,0.000000,-0.006011,575.2470,0.0000,19.3084
PM10,115.125000,5.000000,0.000000,-0.006011,575.6220,0.0000,19.3080
PM10,115.200000,5.000000,0.000000,-0.006011,575.9970,0.0000,19.3075
PM10,115.275000,5.000000,0.000000,-0.006011,576.3720,0.0000,19.3071
PM10,115.350000,5.000000,0.000000,-0.006011,576.7470,0.0000,19.3066
PM10,115.425000,5.000000,0.000000,-0.006011,577.1220,0.0000,19.3062
PM10,115.500000,5.000000,0.000000,-0.006011,577.4970,0.0000,19.3057
PM10,115.575000,5.000000,0.000000,-0.006011,577.8720,0.0000,19.3053
PM10,115.650000,5.000000,0.000000,-0.006011,578.2470,0.0000,19.3048
PM10,115.725000,5.000000,0.000000,-0.006011,578.6220,0.0000,19.3044
PM10,115.800000,5.000000,0.000000,-0.006011,578.9970,0.0000,19.3039
PM10,115.875000,5.000000,0.000000,-0.006011,579.3720,0.0000,19.3035
PM10,115.950000,5.000000,0.000000,-0.006011,579.7470,0.0000,19.3030
PM10,116.025000,5.000000,0.000000,-0.006011,580.1220,0.0000,19.3026
PM10,116.100000,5.000000,0.000000,-0.006011,580.4970,0.0000,19.3021
PM10,116.175000,5.000000,0.000000,-0.006011,580.8720,0.0000,19.3017
PM10,116.250000,5.000000,0.000000,-0.006011,581.2470,0.0000,19.3012
PM10,116.325000,5.000000,0.000000,-0.006011,581.6220,0.0000,19.3008
PM10,116.400000,5.000000,0.000000,-0.006011,581.9970,0.0000,19.3003
PM10,116.475000,5.000000,0.000000,-0.006011,582.3720,0.0000,19.2999
PM10,116.550000,5.000000,0.000000,-0.006011,582.7470,0.0000,19.2994
PM10,116.625000,5.000000,0.000000,-0.006011,583.1220,0.0000,19.2990
PM10,116.700000,5.000000,0.000000,-0.006011,583.4970,0.0000,19.2985
PM10,116.775000,5.000000,0.000000,-0.006011,583.8720,0.0000,19.2981
PM10,116.850000,5.000000,0.000000,-0.006011,584.2470,0.0000,19.2976
PM10,116.925000,5.000000,0.000000,-0.006011,584.6220,0.0000,19.2972
PM10,117.000000,5.000000,0.000000,-0.006011,584.9970,0.0000,19.2967
PM10,117.075000,5.000000,0.000000,-0.006011,585.3720,0.0000,19.2963
PM10,117.150000,5.000000,0.000000,-0.006011,585.7470,0.0000,19.2958
PM10,117.225000,5.000000,0.000000,-0.006011,586.1220,0.0000,19.2954
PM10,117.300000,5.000000,0.000000,-0.006011,586.4970,0.0000,19.2949
PM10,117.375000,5.000000,0.000000,-0.006011,586.8720,0.0000,19.2945
PM10,117.450000,5.000000,0.000000,-0.006011,587.2470,0.0000,19.2940
PM10,117.525000,5.000000,0.000000,-0.006011,587.6220,0.0000,19.2936
PM10,117.600000,5.000000,0.000000,-0.006011,587.9970,0.0000,19.2931
PM10,117.675000,5.000000,0.000000,-0.006011,588.3720,0.0000,19.2927
PM10,117.750000,5.000000,0.000000,-0.006011,588.7470,0.0000,19.2922
PM10,117.825000,5.000000,0.000000,-0.006011,589.1220,0.0000,19.2917
PM10,117.900000,5.000000,0.000000,-0.006011,589.4970,0.0000,19.2913
PM10,117.975000,5.000000,0.000000,-0.006011,589.8720,0.0000,19.2908
PM10,118.050000,5.000000,0.000000,-0.006011,590.2470,0.0000,19.2904
PM10,118.125000,5.000000,0.000000,-0.006011,590.6220,0.0000,19.2899
PM10,118.200000,5.000000,0.000000,-0.006011,590.9970,0.0000,19.2895
PM10,118.275000,5.000000,0.000000,-0.006011,591.3720,0.0000,19.2890
PM10,118.350000,5.000000,0.000000,-0.006011,591.7470,0.0000,19.2886
PM10,118.425000,5.000000,0.000000,-0.006011,592.1220,0.0000,19.2881
PM10,118.500000,5.000000,0.000000,-0.006011,592.4970,0.0000,19.2877
PM10,118.575000,5.000000,0.000000,-0.006011,592.8720,0.0000,19.2872
PM10,118.650000,5.000000,0.000000,-0.006011,593.2470,0.0000,19.2868
PM10,118.725000,5.000000,0.000000,-0.006011,593.6220,0.0000,19.2863
PM10,118.800000,5.000000,0.000000,-0.006011,593.9970,0.0000,19.2859
PM10,118.875000,5.000000,0.000000,-0.006011,594.3720,0.0000,19.2854
PM10,118.950000,5.000000,0.000000,-0.006011,594.7470,0.0000,19.2850
PM10,119.025000,5.000000,0.000000,-0.006011,595.1220,0.0000,19.2845
PM10,119.100000,5.000000,0.000000,-0.006011,595.4970,0.0000,19.2841
PM10,119.175000,5.000000,0.000000,-0.006011,595.8720,0.0000,19.2836
PM10,119.250000,5.000000,0.000000,-0.006011,596.2470,0.0000,19.2832
PM10,119.325000,5.000000,0.000000,-0.006011,596.6220,0.0000,19.2827
PM10,119.400000,5.000000,0.000000,-0.006011,596.9970,0.0000,19.2823
PM10,119.475000,5.000000,0.000000,-0.006011,597.3720,0.0000,19.2818
PM10,119.550000,5.000000,0.000000,-0.006011,597.7470,0.0000,19.2814
PM10,119.625000,5.000000,0.000000,-0.006011,598.1220,0.0000,19.2809
PM10,119.700000,5.000000,0.000000,-0.006011,598.4970,0.0000,19.2805
PM10,119.775000,5.000000,0.000000,-0.006011,598.8720,0.0000,19.2800
PM10,119.850000,5.000000,0.000000,-0.006011,599.2470,0.0000,19.2796
PM10,119.925000,5.000000,0.000000,-0.006011,599.6220,0.0000,19.2791
PM10,120.000000,5.000000,0.000000,-0.006011,599.9970,0.0000,19.2787
PM10,120.075000,5.000000,0.000000,-0.006011,600.3720,0.0000,19.2782
PM10,120.150000,5.000000,0.000000,-0.006011,600.7470,0.0000,19.2778
PM10,120.225000,5.000000,0.000000,-0.006011,601.1220,0.0000,19.2773
PM10,120.300000,5.000000,0.000000,-0.006011,601.4970,0.0000,19.2769
PM10,120.375000,5.000000,0.000000,-0.006011,601.8720,0.0000,19.2764
PM10,120.450000,5.000000,0.000000,-0.006011,602.2470,0.0000,19.2760
PM10,120.525000,5.000000,0.000000,-0.006011,602.6220,0.0000,19.2755
PM10,120.600000,5.000000,0.000000,-0.006011,602.9970,0.0000,19.2751
PM10,120.675000,5.000000,0.000000,-0.006011,603.3720,0.0000,19.2746
PM10,120.750000,5.000000,0.000000,-0.006011,603.7470,0.0000,19.2742
PM10,120.825000,5.000000,0.000000,-0.006011,604.1220,0.0000,19.2737
PM10,120.900000,5.000000,0.000000,-0.006011,604.4970,0.0000,19.2733
PM10,120.975000,5.000000,0.000000,-0.006011,604.8720,0.0000,19.2728
PM10,121.050000,5.000000,0.000000,-0.006011,605.2470,0.0000,19.2724
PM10,121.125000,5.000000,0.000000,-0.006011,605.6220,0.0000,19.2719
PM10,121.200000,5.000000,0.000000,-0.006011,605.9970,0.0000,19.2715
PM10,121.275000,5.000000,0.000000,-0.006011,606.3720,0.0000,19.2710
PM10,121.350000,5.000000,0.000000,-0.006011,606.7470,0.0000,19.2706
PM10,121.425000,5.000000,0.000000,-0.006011,607.1220,0.0000,19.2701
PM10,121.500000,5.000000,0.000000,-0.006011,607.4970,0.0000,19.2697
PM10,121.575000,5.000000,0.000000,-0.006011,607.8720,0.0000,19.2692
PM10,121.650000,5.000000,0.000000,-0.006011,608.2470,0.0000,19.2688
PM10,121.725000,5.000000,0.000000,-0.006011,608.6220,0.0000,19.2683
PM10,121.800000,5.000000,0.000000,-0.006011,608.9970,0.0000,19.2679
PM10,121.875000,5.000000,0.000000,-0.006011,609.3720,0.0000,19.2674
PM10,121.950000,5.000000,0.000000,-0.006011,609.7470,0.0000,19.2670
PM10,122.025000,5.000000,0.000000,-0.006011,610.1220,0.0000,19.2665
PM10,122.100000,5.000000,0.000000,-0.006011,610.4970,0.0000,19.2661
PM10,122.175000,5.000000,0.000000,-0.006011,610.8720,0.0000,19.2656
PM10,122.250000,5.000000,0.000000,-0.006011,611.2470,0.0000,19.2652
PM10,122.325000,5.000000,0.000000,-0.006011,611.6220,0.0000,19.2647
PM10,122.400000,5.000000,0.000000,-0.006011,611.9970,0.0000,19.2642
PM10,122.475000,5.000000,0.000000,-0.006011,612.3720,0.0000,19.2638
PM10,122.550000,5.000000,0.000000,-0.006011,612.7470,0.0000,19.2633
PM10,122.625000,5.000000,0.000000,-0.006011,613.1220,0.0000,19.2629
PM10,122.700000,5.000000,0.000000,-0.006011,613.4970,0.0000,19.2624
PM10,122.775000,5.000000,0.000000,-0.006011,613.8720,0.0000,19.2620
PM10,122.850000,5.000000,0.000000,-0.006011,614.2470,0.0000,19.2615
PM10,122.925000,5.000000,0.000000,-0.006011,614.6220,0.0000,19.2611
PM10,123.000000,5.000000,0.000000,-0.006011,614.9970,0.0000,19.2606
PM10,123.075000,5.000000,0.000000,-0.006011,615.3720,0.0000,19.2602
PM10,123.150000,5.000000,0.000000,-0.006011,615.7470,0.0000,19.2597
PM10,123.225000,5.000000,0.000000,-0.006011,616.1220,0.0000,19.2593
PM10,123.300000,5.000000,0.000000,-0.006011,616.4970,0.0000,19.2588
PM10,123.375000,5.000000,0.000000,-0.006011,616.8720,0.0000,19.2584
PM10,123.450000,5.000000,0.000000,-0.006011,617.2470,0.0000,19.2579
PM10,123.525000,5.000000,0.000000,-0.006011,617.6220,0.0000,19.2575
PM10,123.600000,5.000000,0.000000,-0.006011,617.9970,0.0000,19.2570
PM10,123.675000,5.000000,0.000000,-0.006011,618.3720,0.0000,19.2566
PM10,123.750000,5.000000,0.000000,-0.006011,618.7470,0.0000,19.2561
PM10,123.825000,5.000000,0.000000,-0.006011,619.1220,0.0000,19.2557
PM10,123.900000,5.000000,0.000000,-0.006011,619.4970,0.0000,19.2552
PM10,123.975000,5.000000,0.000000,-0.006011,619.8720,0.0000,19.2548
PM10,124.050000,5.000000,0.000000,-0.006011,620.2470,0.0000,19.2543
PM10,124.125000,5.000000,0.000000,-0.006011,620.6220,0.0000,19.2539
PM10,124.200000,5.000000,0.000000,-0.006011,620.9970,0.0000,19.2534
PM10,124.275000,5.000000,0.000000,-0.006011,621.3720,0.0000,19.2530
PM10,124.350000,5.000000,0.000000,-0.006011,621.7470,0.0000,19.2525
PM10,124.425000,5.000000,0.000000,-0.006011,622.1220,0.0000,19.2521
PM10,124.500000,5.000000,0.000000,-0.006011,622.4970,0.0000,19.2516
PM10,124.575000,5.000000,0.000000,-0.006011,622.8720,0.0000,19.2512
PM10,124.650000,5.000000,0.000000,-0.006011,623.2470,0.0000,19.2507
PM10,124.725000,5.000000,0.000000,-0.006011,623.6220,0.0000,19.2503
PM10,124.800000,5.000000,0.000000,-0.006011,623.9970,0.0000,19.2498
PM10,124.875000,5.000000,0.000000,-0.006011,624.3720,0.0000,19.2494
PM10,124.950000,5.000000,0.000000,-0.006011,624.7470,0.0000,19.2489
PM10,125.025000,5.000000,0.000000,-0.006011,625.1220,0.0000,19.2485
PM10,125.100000,5.000000,0.000000,-0.006011,625.4970,0.0000,19.2480
PM10,125.175000,5.000000,0.000000,-0.006011,625.8720,0.0000,19.2476
PM10,125.250000,5.000000,0.000000,-0.006011,626.2470,0.0000,19.2471
PM10,125.325000,5.000000,0.000000,-0.006011,626.6220,0.0000,19.2467
PM10,125.400000,5.000000,0.000000,-0.006011,626.9970,0.0000,19.2462
PM10,125.475000,5.000000,0.000000,-0.006011,627.3720,0.0000,19.2458
PM10,125.550000,5.000000,0.000000,-0.006011,627.7470,0.0000,19.2453
PM10,125.625000,5.000000,0.000000,-0.006011,628.1220,0.0000,19.2449
PM10,125.700000,5.000000,0.000000,-0.006011,628.4970,0.0000,19.2444
PM10,125.775000,5.000000,0.000000,-0.006011,628.8720,0.0000,19.2440
PM10,125.850000,5.000000,0.000000,-0.006011,629.2470,0.0000,19.2435
PM10,125.925000,5.000000,0.000000,-0.006011,629.6220,0.0000,19.2431
PM10,126.000000,5.000000,0.000000,-0.006011,629.9970,0.0000,19.2426
PM10,126.075000,5.000000,0.000000,-0.006011,630.3720,0.0000,19.2422
PM10,126.150000,5.000000,0.000000,-0.006011,630.7470,0.0000,19.2417
PM10,126.225000,5.000000,0.000000,-0.006011,631.1220,0.0000,19.2413
PM10,126.300000,5.000000,0.000000,-0.006011,631.4970,0.0000,19.2408
PM10,126.375000,5.000000,0.000000,-0.006011,631.8720,0.0000,19.2404
PM10,126.450000,5.000000,0.000000,-0.006011,632.2470,0.0000,19.2399
PM10,126.525000,5.000000,0.000000,-0.006011,632.6220,0.0000,19.2395
PM10,126.600000,5.000000,0.000000,-0.006011,632.9970,0.0000,19.2390
PM10,126.675000,5.000000,0.000000,-0.006011,633.3720,0.0000,19.2386
PM10,126.750000,5.000000,0.000000,-0.006011,633.7470,0.0000,19.2381
PM10,126.825000,5.000000,0.000000,-0.006011,634.1220,0.0000,19.2377
PM10,126.900000,5.000000,0.000000,-0.006011,634.4970,0.0000,19.2372
PM10,126.975000,5.000000,0.000000,-0.006011,634.8720,0.0000,19.2367
PM10,127.050000,5.000000,0.000000,-0.006011,635.2470,0.0000,19.2363
PM10,127.125000,5.000000,0.000000,-0.006011,635.6220,0.0000,19.2358
PM10,127.200000,5.000000,0.000000,-0.006011,635.9970,0.0000,19.2354
PM10,127.275000,5.000000,0.000000,-0.006011,636.3720,0.0000,19.2349
PM10,127.350000,5.000000,0.000000,-0.006011,636.7470,0.0000,19.2345
PM10,127.425000,5.000000,0.000000,-0.006011,637.1220,0.0000,19.2340
PM10,127.500000,5.000000,0.000000,-0.006011,637.4970,0.0000,19.2336
PM10,127.575000,5.000000,0.000000,-0.006011,637.8720,0.0000,19.2331
PM10,127.650000,5.000000,0.000000,-0.006011,638.2470,0.0000,19.2327
PM10,127.725000,5.000000,0.000000,-0.006011,638.6220,0.0000,19.2322
PM10,127.800000,5.000000,0.000000,-0.006011,638.9970,0.0000,19.2318
PM10,127.875000,5.000000,0.000000,-0.006011,639.3720,0.0000,19.2313
PM10,127.950000,5.000000,0.000000,-0.006011,639.7470,0.0000,19.2309
PM10,128.025000,5.000000,0.000000,-0.006011,640.1220,0.0000,19.2304
PM10,128.100000,5.000000,0.000000,-0.006011,640.4970,0.0000,19.2300
PM10,128.175000,5.000000,0.000000,-0.006011,640.8720,0.0000,19.2295
PM10,128.250000,5.000000,0.000000,-0.006011,641.2470,0.0000,19.2291
PM10,128.325000,5.000000,0.000000,-0.006011,641.6220,0.0000,19.2286
PM10,128.400000,5.000000,0.000000,-0.006011,641.9970,0.0000,19.2282
PM10,128.475000,5.000000,0.000000,-0.006011,642.3720,0.0000,19.2277
PM10,128.550000,5.000000,0.000000,-0.006011,642.7470,0.0000,19.2273
PM10,128.625000,5.000000,0.000000,-0.006011,643.1220,0.0000,19.2268
PM10,128.700000,5.000000,0.000000,-0.006011,643.4970,0.0000,19.2264
PM10,128.775000,5.000000,0.000000,-0.006011,643.8720,0.0000,19.2259
PM10,128.850000,5.000000,0.000000,-0.006011,644.2470,0.0000,19.2255
PM10,128.925000,5.000000,0.000000,-0.006011,644.6220,0.0000,19.2250
PM10,129.000000,5.000000,0.000000,-0.006011,644.9970,0.0000,19.2246
PM10,129.075000,5.000000,0.000000,-0.006011,645.3720,0.0000,19.2241
PM10,129.150000,5.000000,0.000000,-0.006011,645.7470,0.0000,19.2237
PM10,129.225000,5.000000,0.000000,-0.006011,646.1220,0.0000,19.2232
PM10,129.300000,5.000000,0.000000,-0.006011,646.4970,0.0000,19.2228
PM10,129.375000,5.000000,0.000000,-0.006011,646.8720,0.0000,19.2223
PM10,129.450000,5.000000,0.000000,-0.006011,647.2470,0.0000,19.2219
PM10,129.525000,5.000000,0.000000,-0.006011,647.6220,0.0000,19.2214
PM10,129.600000,5.000000,0.000000,-0.006011,647.9970,0.0000,19.2210
PM10,129.675000,5.000000,0.000000,-0.006011,648.3720,0.0000,19.2205
PM10,129.750000,5.000000,0.000000,-0.006011,648.7470,0.0000,19.2201
PM10,129.825000,5.000000,0.000000,-0.006011,649.1220,0.0000,19.2196
PM10,129.900000,5.000000,0.000000,-0.006011,649.4970,0.0000,19.2192
PM10,129.975000,5.000000,0.000000,-0.006011,649.8720,0.0000,19.2187
PM10,130.050000,5.000000,0.000000,-0.006011,650.2470,0.0000,19.2183
PM10,130.125000,5.000000,0.000000,-0.006011,650.6220,0.0000,19.2178
PM10,130.200000,5.000000,0.000000,-0.006011,650.9970,0.0000,19.2174
PM10,130.275000,5.000000,0.000000,-0.006011,651.3720,0.0000,19.2169
PM10,130.350000,5.000000,0.000000,-0.006011,651.7470,0.0000,19.2165
PM10,130.425000,5.000000,0.000000,-0.006011,652.1220,0.0000,19.2160
PM10,130.500000,5.000000,0.000000,-0.006011,652.4970,0.0000,19.2156
PM10,130.575000,5.000000,0.000000,-0.006011,652.8720,0.0000,19.2151
PM10,130.650000,5.000000,0.000000,-0.006011,653.2470,0.0000,19.2147
PM10,130.725000,5.000000,0.000000,-0.006011,653.6220,0.0000,19.2142
PM10,130.800000,5.000000,0.000000,-0.006011,653.9970,0.0000,19.2138
PM10,130.875000,5.000000,0.000000,-0.006011,654.3720,0.0000,19.2133
PM10,130.950000,5.000000,0.000000,-0.006011,654.7470,0.0000,19.2129
PM10,131.025000,5.000000,0.000000,-0.006011,655.1220,0.0000,19.2124
PM10,131.100000,5.000000,0.000000,-0.006011,655.4970,0.0000,19.2120
PM10,131.175000,5.000000,0.000000,-0.006011,655.8720,0.0000,19.2115
PM10,131.250000,5.000000,0.000000,-0.006011,656.2470,0.0000,19.2111
PM10,131.325000,5.000000,0.000000,-0.006011,656.6220,0.0000,19.2106
PM10,131.400000,5.000000,0.000000,-0.006011,656.9970,0.0000,19.2101
PM10,131.475000,5.000000,0.000000,-0.006011,657.3720,0.0000,19.2097
PM10,131.550000,5.000000,0.000000,-0.006011,657.7470,0.0000,19.2092
PM10,131.625000,5.000000,0.000000,-0.006011,658.1220,0.0000,19.2088
PM10,131.700000,5.000000,0.000000,-0.006011,658.4970,0.0000,19.2083
PM10,131.775000,5.000000,0.000000,-0.006011,658.8720,0.0000,19.2079
PM10,131.850000,5.000000,0.000000,-0.006011,659.2470,0.0000,19.2074
PM10,131.925000,5.000000,0.000000,-0.006011,659.6220,0.0000,19.2070
PM10,132.000000,5.000000,0.000000,-0.006011,659.9970,0.0000,19.2065
PM10,132.075000,5.000000,0.000000,-0.006011,660.3720,0.0000,19.2061
PM10,132.150000,5.000000,0.000000,-0.006011,660.7470,0.0000,19.2056
PM10,132.225000,5.000000,0.000000,-0.006011,661.1220,0.0000,19.2052
PM10,132.300000,5.000000,0.000000,-0.006011,661.4970,0.0000,19.2047
PM10,132.375000,5.000000,0.000000,-0.006011,661.8720,0.0000,19.2043
PM10,132.450000,5.000000,0.000000,-0.006011,662.2470,0.0000,19.2038
PM10,132.525000,5.000000,0.000000,-0.006011,662.6220,0.0000,19.2034
PM10,132.600000,5.000000,0.000000,-0.006011,662.9970,0.0000,19.2029
PM10,132.675000,5.000000,0.000000,-0.006011,663.3720,0.0000,19.2025
PM10,132.750000,5.000000,0.000000,-0.006011,663.7470,0.0000,19.2020
PM10,132.825000,5.000000,0.000000,-0.006011,664.1220,0.0000,19.2016
PM10,132.900000,5.000000,0.000000,-0.006011,664.4970,0.0000,19.2011
PM10,132.975000,5.000000,0.000000,-0.006011,664.8720,0.0000,19.2007
PM10,133.050000,5.000000,0.000000,-0.006011,665.2470,0.0000,19.2002
PM10,133.125000,5.000000,0.000000,-0.006011,665.6220,0.0000,19.1998
PM10,133.200000,5.000000,0.000000,-0.006011,665.9970,0.0000,19.1993
PM10,133.275000,5.000000,0.000000,-0.006011,666.3720,0.0000,19.1989
PM10,133.350000,5.000000,0.000000,-0.006011,666.7470,0.0000,19.1984
PM10,133.425000,5.000000,0.000000,-0.006011,667.1220,0.0000,19.1980
PM10,133.500000,5.000000,0.000000,-0.006011,667.4970,0.0000,19.1975
PM10,133.575000,5.000000,0.000000,-0.006011,667.8720,0.0000,19.1971
PM10,133.650000,5.000000,0.000000,-0.006011,668.2470,0.0000,19.1966
PM10,133.725000,5.000000,0.000000,-0.006011,668.6220,0.0000,19.1962
PM10,133.800000,5.000000,0.000000,-0.006011,668.9970,0.0000,19.1957
PM10,133.875000,5.000000,0.000000,-0.006011,669.3720,0.0000,19.1953
PM10,133.950000,5.000000,0.000000,-0.006011,669.7470,0.0000,19.1948
PM10,134.025000,5.000000,0.000000,-0.006011,670.1220,0.0000,19.1944
PM10,134.100000,5.000000,0.000000,-0.006011,670.4970,0.0000,19.1939
PM10,134.175000,5.000000,0.000000,-0.006011,670.8720,0.0000,19.1935
PM10,134.250000,5.000000,0.000000,-0.006011,671.2470,0.0000,19.1930
PM10,134.325000,5.000000,0.000000,-0.006011,671.6220,0.0000,19.1926
PM10,134.400000,5.000000,0.000000,-0.006011,671.9970,0.0000,19.1921
PM10,134.475000,5.000000,0.000000,-0.006011,672.3720,0.0000,19.1917
PM10,134.550000,5.000000,0.000000,-0.006011,672.7470,0.0000,19.1912
PM10,134.625000,5.000000,0.000000,-0.006011,673.1220,0.0000,19.1908
PM10,134.700000,5.000000,0.000000,-0.006011,673.4970,0.0000,19.1903
PM10,134.775000,5.000000,0.000000,-0.006011,673.8720,0.0000,19.1899
PM10,134.850000,5.000000,0.000000,-0.006011,674.2470,0.0000,19.1894
PM10,134.925000,5.000000,0.000000,-0.006011,674.6220,0.0000,19.1890
PM10,135.000000,5.000000,0.000000,-0.006011,674.9970,0.0000,19.1885
PM10,135.075000,5.000000,0.000000,-0.006011,675.3720,0.0000,19.1881
PM10,135.150000,5.000000,0.000000,-0.006011,675.7470,0.0000,19.1876
PM10,135.225000,5.000000,0.000000,-0.006011,676.1220,0.0000,19.1872
PM10,135.300000,5.000000,0.000000,-0.006011,676.4970,0.0000,19.1867
PM10,135.375000,5.000000,0.000000,-0.006011,676.8720,0.0000,19.1863
PM10,135.450000,5.000000,0.000000,-0.006011,677.2470,0.0000,19.1858
PM10,135.525000,5.000000,0.000000,-0.006011,677.6220,0.0000,19.1854
PM10,135.600000,5.000000,0.000000,-0.006011,677.9970,0.0000,19.1849
PM10,135.675000,5.000000,0.000000,-0.006011,678.3720,0.0000,19.1845
PM10,135.750000,5.000000,0.000000,-0.006011,678.7470,0.0000,19.1840
PM10,135.825000,5.000000,0.000000,-0.006011,679.1220,0.0000,19.1836
PM10,135.900000,5.000000,0.000000,-0.006011,679.4970,0.0000,19.1831
PM10,135.975000,5.000000,0.000000,-0.006011,679.8720,0.0000,19.1826
PM10,136.050000,5.000000,0.000000,-0.006011,680.2470,0.0000,19.1822
PM10,136.125000,5.000000,0.000000,-0.006011,680.6220,0.0000,19.1817
PM10,136.200000,5.000000,0.000000,-0.006011,680.9970,0.0000,19.1813
PM10,136.275000,5.000000,0.000000,-0.006011,681.3720,0.0000,19.1808
PM10,136.350000,5.000000,0.000000,-0.006011,681.7470,0.0000,19.1804
PM10,136.425000,5.000000,0.000000,-0.006011,682.1220,0.0000,19.1799
PM10,136.500000,5.000000,0.000000,-0.006011,682.4970,0.0000,19.1795
PM10,136.575000,5.000000,0.000000,-0.006011,682.8720,0.0000,19.1790
PM10,136.650000,5.000000,0.000000,-0.006011,683.2470,0.0000,19.1786
PM10,136.725000,5.000000,0.000000,-0.006011,683.6220,0.0000,19.1781
PM10,136.800000,5.000000,0.000000,-0.006011,683.9970,0.0000,19.1777
PM10,136.875000,5.000000,0.000000,-0.006011,684.3720,0.0000,19.1772
PM10,136.950000,5.000000,0.000000,-0.006011,684.7470,0.0000,19.1768
PM10,137.025000,5.000000,0.000000,-0.006011,685.1220,0.0000,19.1763
PM10,137.100000,5.000000,0.000000,-0.006011,685.4970,0.0000,19.1759
PM10,137.175000,5.000000,0.000000,-0.006011,685.8720,0.0000,19.1754
PM10,137.250000,5.000000,0.000000,-0.006011,686.2470,0.0000,19.1750
PM10,137.325000,5.000000,0.000000,-0.006011,686.6220,0.0000,19.1745
PM10,137.400000,5.000000,0.000000,-0.006011,686.9970,0.0000,19.1741
PM10,137.475000,5.000000,0.000000,-0.006011,687.3720,0.0000,19.1736
PM10,137.550000,5.000000,0.000000,-0.006011,687.7470,0.0000,19.1732
PM10,137.625000,5.000000,0.000000,-0.006011,688.1220,0.0000,19.1727
PM10,137.700000,5.000000,0.000000,-0.006011,688.4970,0.0000,19.1723
PM10,137.775000,5.000000,0.000000,-0.006011,688.8720,0.0000,19.1718
PM10,137.850000,5.000000,0.000000,-0.006011,689.2470,0.0000,19.1714
PM10,137.925000,5.000000,0.000000,-0.006011,689.6220,0.0000,19.1709
PM10,138.000000,5.000000,0.000000,-0.006011,689.9970,0.0000,19.1705
PM10,138.075000,5.000000,0.000000,-0.006011,690.3720,0.0000,19.1700
PM10,138.150000,5.000000,0.000000,-0.006011,690.7470,0.0000,19.1696
PM10,138.225000,5.000000,0.000000,-0.006011,691.1220,0.0000,19.1691
PM10,138.300000,5.000000,0.000000,-0.006011,691.4970,0.0000,19.1687
PM10,138.375000,5.000000,0.000000,-0.006011,691.8720,0.0000,19.1682
PM10,138.450000,5.000000,0.000000,-0.006011,692.2470,0.0000,19.1678
PM10,138.525000,5.000000,0.000000,-0.006011,692.6220,0.0000,19.1673
PM10,138.600000,5.000000,0.000000,-0.006011,692.9970,0.0000,19.1669
PM10,138.675000,5.000000,0.000000,-0.006011,693.3720,0.0000,19.1664
PM10,138.750000,5.000000,0.000000,-0.006011,693.7470,0.0000,19.1660
PM10,138.825000,5.000000,0.000000,-0.006011,694.1220,0.0000,19.1655
PM10,138.900000,5.000000,0.000000,-0.006011,694.4970,0.0000,19.1651
PM10,138.975000,5.000000,0.000000,-0.006011,694.8720,0.0000,19.1646
PM10,139.050000,5.000000,0.000000,-0.006011,695.2470,0.0000,19.1642
PM10,139.125000,5.000000,0.000000,-0.006011,695.6220,0.0000,19.1637
PM10,139.200000,5.000000,0.000000,-0.006011,695.9970,0.0000,19.1633
PM10,139.275000,5.000000,0.000000,-0.006011,696.3720,0.0000,19.1628
PM10,139.350000,5.000000,0.000000,-0.006011,696.7470,0.0000,19.1624
PM10,139.425000,5.000000,0.000000,-0.006011,697.1220,0.0000,19.1619
PM10,139.500000,5.000000,0.000000,-0.006011,697.4970,0.0000,19.1615
PM10,139.575000,5.000000,0.000000,-0.006011,697.8720,0.0000,19.1610
PM10,139.650000,5.000000,0.000000,-0.006011,698.2470,0.0000,19.1606
PM10,139.725000,5.000000,0.000000,-0.006011,698.6220,0.0000,19.1601
PM10,139.800000,5.000000,0.000000,-0.006011,698.9970,0.0000,19.1597
PM10,139.875000,5.000000,0.000000,-0.006011,699.3720,0.0000,19.1592
PM10,139.950000,5.000000,0.000000,-0.006011,699.7470,0.0000,19.1588
PM10,140.025000,5.000000,0.000000,-0.006011,700.1220,0.0000,19.1583
PM10,140.100000,5.000000,0.000000,-0.006011,700.4970,0.0000,19.1579
PM10,140.175000,5.000000,0.000000,-0.006011,700.8720,0.0000,19.1574
PM10,140.250000,5.000000,0.000000,-0.006011,701.2470,0.0000,19.1570
PM10,140.325000,5.000000,0.000000,-0.006011,701.6220,0.0000,19.1565
PM10,140.400000,5.000000,0.000000,-0.006011,701.9970,0.0000,19.1560
PM10,140.475000,5.000000,0.000000,-0.006011,702.3720,0.0000,19.1556
PM10,140.550000,5.000000,0.000000,-0.006011,702.7470,0.0000,19.1551
PM10,140.625000,5.000000,0.000000,-0.006011,703.1220,0.0000,19.1547
PM10,140.700000,5.000000,0.000000,-0.006011,703.4970,0.0000,19.1542
PM10,140.775000,5.000000,0.000000,-0.006011,703.8720,0.0000,19.1538
PM10,140.850000,5.000000,0.000000,-0.006011,704.2470,0.0000,19.1533
PM10,140.925000,5.000000,0.000000,-0.006011,704.6220,0.0000,19.1529
PM10,141.000000,5.000000,0.000000,-0.006011,704.9970,0.0000,19.1524
PM10,141.075000,5.000000,0.000000,-0.006011,705.3720,0.0000,19.1520
PM10,141.150000,5.000000,0.000000,-0.006011,705.7470,0.0000,19.1515
PM10,141.225000,5.000000,0.000000,-0.006011,706.1220,0.0000,19.1511
PM10,141.300000,5.000000,0.000000,-0.006011,706.4970,0.0000,19.1506
PM10,141.375000,5.000000,0.000000,-0.006011,706.8720,0.0000,19.1502
PM10,141.450000,5.000000,0.000000,-0.006011,707.2470,0.0000,19.1497
PM10,141.525000,5.000000,0.000000,-0.006011,707.6220,0.0000,19.1493
PM10,141.600000,5.000000,0.000000,-0.006011,707.9970,0.0000,19.1488
PM10,141.675000,5.000000,0.000000,-0.006011,708.3720,0.0000,19.1484
PM10,141.750000,5.000000,0.000000,-0.006011,708.7470,0.0000,19.1479
PM10,141.825000,5.000000,0.000000,-0.006011,709.1220,0.0000,19.1475
PM10,141.900000,5.000000,0.000000,-0.006011,709.4970,0.0000,19.1470
PM10,141.975000,5.000000,0.000000,-0.006011,709.8720,0.0000,19.1466
PM10,142.050000,5.000000,0.000000,-0.006011,710.2470,0.0000,19.1461
PM10,142.125000,5.000000,0.000000,-0.006011,710.6220,0.0000,19.1457
PM10,142.200000,5.000000,0.000000,-0.006011,710.9970,0.0000,19.1452
PM10,142.275000,5.000000,0.000000,-0.006011,711.3720,0.0000,19.1448
PM10,142.350000,5.000000,0.000000,-0.006011,711.7470,0.0000,19.1443
PM10,142.425000,5.000000,0.000000,-0.006011,712.1220,0.0000,19.1439
PM10,142.500000,5.000000,0.000000,-0.006011,712.4970,0.0000,19.1434
PM10,142.575000,5.000000,0.000000,-0.006011,712.8720,0.0000,19.1430
PM10,142.650000,5.000000,0.000000,-0.006011,713.2470,0.0000,19.1425
PM10,142.725000,5.000000,0.000000,-0.006011,713.6220,0.0000,19.1421
PM10,142.800000,5.000000,0.000000,-0.006011,713.9970,0.0000,19.1416
PM10,142.875000,5.000000,0.000000,-0.006011,714.3720,0.0000,19.1412
PM10,142.950000,5.000000,0.000000,-0.006011,714.7470,0.0000,19.1407
PM10,143.025000,5.000000,0.000000,-0.006011,715.1220,0.0000,19.1403
PM10,143.100000,5.000000,0.000000,-0.006011,715.4970,0.0000,19.1398
PM10,143.175000,5.000000,0.000000,-0.006011,715.8720,0.0000,19.1394
PM10,143.250000,5.000000,0.000000,-0.006011,716.2470,0.0000,19.1389
PM10,143.325000,5.000000,0.000000,-0.006011,716.6220,0.0000,19.1385
PM10,143.400000,5.000000,0.000000,-0.006011,716.9970,0.0000,19.1380
PM10,143.475000,5.000000,0.000000,-0.006011,717.3720,0.0000,19.1376
PM10,143.550000,5.000000,0.000000,-0.006011,717.7470,0.0000,19.1371
PM10,143.625000,5.000000,0.000000,-0.006011,718.1220,0.0000,19.1367
PM10,143.700000,5.000000,0.000000,-0.006011,718.4970,0.0000,19.1362
PM10,143.775000,5.000000,0.000000,-0.006011,718.8720,0.0000,19.1358
PM10,143.850000,5.000000,0.000000,-0.006011,719.2470,0.0000,19.1353
PM10,143.925000,5.000000,0.000000,-0.006011,719.6220,0.0000,19.1349
PM10,144.000000,5.000000,0.000000,-0.006011,719.9970,0.0000,19.1344
PM10,144.075000,5.000000,0.000000,-0.006011,720.3720,0.0000,19.1340
PM10,144.150000,5.000000,0.000000,-0.006011,720.7470,0.0000,19.1335
PM10,144.225000,5.000000,0.000000,-0.006011,721.1220,0.0000,19.1331
PM10,144.300000,5.000000,0.000000,-0.006011,721.4970,0.0000,19.1326
PM10,144.375000,5.000000,0.000000,-0.006011,721.8720,0.0000,19.1322
PM10,144.450000,5.000000,0.000000,-0.006011,722.2470,0.0000,19.1317
PM10,144.525000,5.000000,0.000000,-0.006011,722.6220,0.0000,19.1313
PM10,144.600000,5.000000,0.000000,-0.006011,722.9970,0.0000,19.1308
PM10,144.675000,5.000000,0.000000,-0.006011,723.3720,0.0000,19.1304
PM10,144.750000,5.000000,0.000000,-0.006011,723.7470,0.0000,19.1299
PM10,144.825000,5.000000,0.000000,-0.006011,724.1220,0.0000,19.1295
PM10,144.900000,5.000000,0.000000,-0.006011,724.4970,0.0000,19.1290
PM10,144.975000,5.000000,0.000000,-0.006011,724.8720,0.0000,19.1285
PM10,145.050000,5.000000,0.000000,-0.006011,725.2470,0.0000,19.1281
PM10,145.125000,5.000000,0.000000,-0.006011,725.6220,0.0000,19.1276
PM10,145.200000,5.000000,0.000000,-0.006011,725.9970,0.0000,19.1272
PM10,145.275000,5.000000,0.000000,-0.006011,726.3720,0.0000,19.1267
PM10,145.350000,5.000000,0.000000,-0.006011,726.7470,0.0000,19.1263
PM10,145.425000,5.000000,0.000000,-0.006011,727.1220,0.0000,19.1258
PM10,145.500000,5.000000,0.000000,-0.006011,727.4970,0.0000,19.1254
PM10,145.575000,5.000000,0.000000,-0.006011,727.8720,0.0000,19.1249
PM10,145.650000,5.000000,0.000000,-0.006011,728.2470,0.0000,19.1245
PM10,145.725000,5.000000,0.000000,-0.006011,728.6220,0.0000,19.1240
PM10,145.800000,5.000000,0.000000,-0.006011,728.9970,0.0000,19.1236
PM10,145.875000,5.000000,0.000000,-0.006011,729.3720,0.0000,19.1231
PM10,145.950000,5.000000,0.000000,-0.006011,729.7470,0.0000,19.1227
PM10,146.025000,5.000000,0.000000,-0.006011,730.1220,0.0000,19.1222
PM10,146.100000,5.000000,0.000000,-0.006011,730.4970,0.0000,19.1218
PM10,146.175000,5.000000,0.000000,-0.006011,730.8720,0.0000,19.1213
PM10,146.250000,5.000000,0.000000,-0.006011,731.2470,0.0000,19.1209
PM10,146.325000,5.000000,0.000000,-0.006011,731.6220,0.0000,19.1204
PM10,146.400000,5.000000,0.000000,-0.006011,731.9970,0.0000,19.1200
PM10,146.475000,5.000000,0.000000,-0.006011,732.3720,0.0000,19.1195
PM10,146.550000,5.000000,0.000000,-0.006011,732.7470,0.0000,19.1191
PM10,146.625000,5.000000,0.000000,-0.006011,733.1220,0.0000,19.1186
PM10,146.700000,5.000000,0.000000,-0.006011,733.4970,0.0000,19.1182
PM10,146.775000,5.000000,0.000000,-0.006011,733.8720,0.0000,19.1177
PM10,146.850000,5.000000,0.000000,-0.006011,734.2470,0.0000,19.1173
PM10,146.925000,5.000000,0.000000,-0.006011,734.6220,0.0000,19.1168
PM10,147.000000,5.000000,0.000000,-0.006011,734.9970,0.0000,19.1164
PM10,147.075000,5.000000,0.000000,-0.006011,735.3720,0.0000,19.1159
PM10,147.150000,5.000000,0.000000,-0.006011,735.7470,0.0000,19.1155
PM10,147.225000,5.000000,0.000000,-0.006011,736.1220,0.0000,19.1150
PM10,147.300000,5.000000,0.000000,-0.006011,736.4970,0.0000,19.1146
PM10,147.375000,5.000000,0.000000,-0.006011,736.8720,0.0000,19.1141
PM10,147.450000,5.000000,0.000000,-0.006011,737.2470,0.0000,19.1137
PM10,147.525000,5.000000,0.000000,-0.006011,737.6220,0.0000,19.1132
PM10,147.600000,5.000000,0.000000,-0.006011,737.9970,0.0000,19.1128
PM10,147.675000,5.000000,0.000000,-0.006011,738.3720,0.0000,19.1123
PM10,147.750000,5.000000,0.000000,-0.006011,738.7470,0.0000,19.1119
PM10,147.825000,5.000000,0.000000,-0.006011,739.1220,0.0000,19.1114
PM10,147.900000,5.000000,0.000000,-0.006011,739.4970,0.0000,19.1110
PM10,147.975000,5.000000,0.000000,-0.006011,739.8720,0.0000,19.1105
PM10,148.050000,5.000000,0.000000,-0.006011,740.2470,0.0000,19.1101
PM10,148.125000,5.000000,0.000000,-0.006011,740.6220,0.0000,19.1096
PM10,148.200000,5.000000,0.000000,-0.006011,740.9970,0.0000,19.1092
PM10,148.275000,5.000000,0.000000,-0.006011,741.3720,0.0000,19.1087
PM10,148.350000,5.000000,0.000000,-0.006011,741.7470,0.0000,19.1083
PM10,148.425000,5.000000,0.000000,-0.006011,742.1220,0.0000,19.1078
PM10,148.500000,5.000000,0.000000,-0.006011,742.4970,0.0000,19.1074
PM10,148.575000,5.000000,0.000000,-0.006011,742.8720,0.0000,19.1069
PM10,148.650000,5.000000,0.000000,-0.006011,743.2470,0.0000,19.1065
PM10,148.725000,5.000000,0.000000,-0.006011,743.6220,0.0000,19.1060
PM10,148.800000,5.000000,0.000000,-0.006011,743.9970,0.0000,19.1056
PM10,148.875000,5.000000,0.000000,-0.006011,744.3720,0.0000,19.1051
PM10,148.950000,5.000000,0.000000,-0.006011,744.7470,0.0000,19.1047
PM10,149.025000,5.000000,0.000000,-0.006011,745.1220,0.0000,19.1042
PM10,149.100000,5.000000,0.000000,-0.006011,745.4970,0.0000,19.1038
PM10,149.175000,5.000000,0.000000,-0.006011,745.8720,0.0000,19.1033
PM10,149.250000,5.000000,0.000000,-0.006011,746.2470,0.0000,19.1029
PM10,149.325000,5.000000,0.000000,-0.006011,746.6220,0.0000,19.1024
PM10,149.400000,5.000000,0.000000,-0.006011,746.9970,0.0000,19.1020
PM10,149.475000,5.000000,0.000000,-0.006011,747.3720,0.0000,19.1015
PM10,149.550000,5.000000,0.000000,-0.006011,747.7470,0.0000,19.1010
PM10,149.625000,5.000000,0.000000,-0.006011,748.1220,0.0000,19.1006
PM10,149.700000,5.000000,0.000000,-0.006011,748.4970,0.0000,19.1001
PM10,149.775000,5.000000,0.000000,-0.006011,748.8720,0.0000,19.0997
PM10,149.850000,5.000000,0.000000,-0.006011,749.2470,0.0000,19.0992
PM10,149.925000,5.000000,0.000000,-0.006011,749.6220,0.0000,19.0988
PM10,150.000000,5.000000,0.000000,-0.006011,749.9970,0.0000,19.0983
Yirik (50 um),0.000000,0.000000,0.000000,0.000000,0.0000,0.0000,20.0000
Yirik (50 um),0.053000,4.686074,0.000000,-0.176052,0.1753,0.0000,19.9934
Yirik (50 um),0.106000,4.980290,0.000000,-0.187105,0.4346,0.0000,19.9837
Yirik (50 um),0.159000,4.998763,0.000000,-0.187799,0.6993,0.0000,19.9737
Yirik (50 um),0.212000,4.999922,0.000000,-0.187843,0.9643,0.0000,19.9638
Yirik (50 um),0.265000,4.999995,0.000000,-0.187846,1.2293,0.0000,19.9538
Yirik (50 um),0.318000,5.000000,0.000000,-0.187846,1.4943,0.0000,19.9439
Yirik (50 um),0.371000,5.000000,0.000000,-0.187846,1.7593,0.0000,19.9339
Yirik (50 um),0.424000,5.000000,0.000000,-0.187846,2.0243,0.0000,19.9240
Yirik (50 um),0.477000,5.000000,0.000000,-0.187846,2.2893,0.0000,19.9140
Yirik (50 um),0.530000,5.000000,0.000000,-0.187846,2.5543,0.0000,19.9040
Yirik (50 um),0.583000,5.000000,0.000000,-0.187846,2.8193,0.0000,19.8941
Yirik (50 um),0.636000,5.000000,0.000000,-0.187846,3.0843,0.0000,19.8841
Yirik (50 um),0.689000,5.000000,0.000000,-0.187846,3.3493,0.0000,19.8742
Yirik (50 um),0.742000,5.000000,0.000000,-0.187846,3.6143,0.0000,19.8642
Yirik (50 um),0.795000,5.000000,0.000000,-0.187846,3.8793,0.0000,19.8543
Yirik (50 um),0.848000,5.000000,0.000000,-0.187846,4.1443,0.0000,19.8443
Yirik (50 um),0.901000,5.000000,0.000000,-0.187846,4.4093,0.0000,19.8343
Yirik (50 um),0.954000,5.000000,0.000000,-0.187846,4.6743,0.0000,19.8244
Yirik (50 um),1.007000,5.000000,0.000000,-0.187846,4.9393,0.0000,19.8144
Yirik (50 um),1.060000,5.000000,0.000000,-0.187846,5.2043,0.0000,19.8045
Yirik (50 um),1.113000,5.000000,0.000000,-0.187846,5.4693,0.0000,19.7945
Yirik (50 um),1.166000,5.000000,0.000000,-0.187846,5.7343,0.0000,19.7846
Yirik (50 um),1.219000,5.000000,0.000000,-0.187846,5.9993,0.0000,19.7746
Yirik (50 um),1.272000,5.000000,0.000000,-0.187846,6.2643,0.0000,19.7647
Yirik (50 um),1.325000,5.000000,0.000000,-0.187846,6.5293,0.0000,19.7547
Yirik (50 um),1.378000,5.000000,0.000000,-0.187846,6.7943,0.0000,19.7447
Yirik (50 um),1.431000,5.000000,0.000000,-0.187846,7.0593,0.0000,19.7348
Yirik (50 um),1.484000,5.000000,0.000000,-0.187846,7.3243,0.0000,19.7248
Yirik (50 um),1.537000,5.000000,0.000000,-0.187846,7.5893,0.0000,19.7149
Yirik (50 um),1.590000,5.000000,0.000000,-0.187846,7.8543,0.0000,19.7049
Yirik (50 um),1.643000,5.000000,0.000000,-0.187846,8.1193,0.0000,19.6950
Yirik (50 um),1.696000,5.000000,0.000000,-0.187846,8.3843,0.0000,19.6850
Yirik (50 um),1.749000,5.000000,0.000000,-0.187846,8.6493,0.0000,19.6751
Yirik (50 um),1.802000,5.000000,0.000000,-0.187846,8.9143,0.0000,19.6651
Yirik (50 um),1.855000,5.000000,0.000000,-0.187846,9.1793,0.0000,19.6551
Yirik (50 um),1.908000,5.000000,0.000000,-0.187846,9.4443,0.0000,19.6452
Yirik (50 um),1.961000,5.000000,0.000000,-0.187846,9.7093,0.0000,19.6352
Yirik (50 um),2.014000,5.000000,0.000000,-0.187846,9.9743,0.0000,19.6253
Yirik (50 um),2.067000,5.000000,0.000000,-0.187846,10.2393,0.0000,19.6153
Yirik (50 um),2.120000,5.000000,0.000000,-0.187846,10.5043,0.0000,19.6054
Yirik (50 um),2.173000,5.000000,0.000000,-0.187846,10.7693,0.0000,19.5954
Yirik (50 um),2.226000,5.000000,0.000000,-0.187846,11.0343,0.0000,19.5855
Yirik (50 um),2.279000,5.000000,0.000000,-0.187846,11.2993,0.0000,19.5755
Yirik (50 um),2.332000,5.000000,0.000000,-0.187846,11.5643,0.0000,19.5655
Yirik (50 um),2.385000,5.000000,0.000000,-0.187846,11.8293,0.0000,19.5556
Yirik (50 um),2.438000,5.000000,0.000000,-0.187846,12.0943,0.0000,19.5456
Yirik (50 um),2.491000,5.000000,0.000000,-0.187846,12.3593,0.0000,19.5357
Yirik (50 um),2.544000,5.000000,0.000000,-0.187846,12.6243,0.0000,19.5257
Yirik (50 um),2.597000,5.000000,0.000000,-0.187846,12.8893,0.0000,19.5158
Yirik (50 um),2.650000,5.000000,0.000000,-0.187846,13.1543,0.0000,19.5058
Yirik (50 um),2.703000,5.000000,0.000000,-0.187846,13.4193,0.0000,19.4958
Yirik (50 um),2.756000,5.000000,0.000000,-0.187846,13.6843,0.0000,19.4859
Yirik (50 um),2.809000,5.000000,0.000000,-0.187846,13.9493,0.0000,19.4759
Yirik (50 um),2.862000,5.000000,0.000000,-0.187846,14.2143,0.0000,19.4660
Yirik (50 um),2.915000,5.000000,0.000000,-0.187846,14.4793,0.0000,19.4560
Yirik (50 um),2.968000,5.000000,0.000000,-0.187846,14.7443,0.0000,19.4461
Yirik (50 um),3.021000,5.000000,0.000000,-0.187846,15.0093,0.0000,19.4361
Yirik (50 um),3.074000,5.000000,0.000000,-0.187846,15.2743,0.0000,19.4262
Yirik (50 um),3.127000,5.000000,0.000000,-0.187846,15.5393,0.0000,19.4162
Yirik (50 um),3.180000,5.000000,0.000000,-0.187846,15.8043,0.0000,19.4062
Yirik (50 um),3.233000,5.000000,0.000000,-0.187846,16.0693,0.0000,19.3963
Yirik (50 um),3.286000,5.000000,0.000000,-0.187846,16.3343,0.0000,19.3863
Yirik (50 um),3.339000,5.000000,0.000000,-0.187846,16.5993,0.0000,19.3764
Yirik (50 um),3.392000,5.000000,0.000000,-0.187846,16.8643,0.0000,19.3664
Yirik (50 um),3.445000,5.000000,0.000000,-0.187846,17.1293,0.0000,19.3565
Yirik (50 um),3.498000,5.000000,0.000000,-0.187846,17.3943,0.0000,19.3465
Yirik (50 um),3.551000,5.000000,0.000000,-0.187846,17.6593,0.0000,19.3366
Yirik (50 um),3.604000,5.000000,0.000000,-0.187846,17.9243,0.0000,19.3266
Yirik (50 um),3.657000,5.000000,0.000000,-0.187846,18.1893,0.0000,19.3166
Yirik (50 um),3.710000,5.000000,0.000000,-0.187846,18.4543,0.0000,19.3067
Yirik (50 um),3.763000,5.000000,0.000000,-0.187846,18.7193,0.0000,19.2967
Yirik (50 um),3.816000,5.000000,0.000000,-0.187846,18.9843,0.0000,19.2868
Yirik (50 um),3.869000,5.000000,0.000000,-0.187846,19.2493,0.0000,19.2768
Yirik (50 um),3.922000,5.000000,0.000000,-0.187846,19.5143,0.0000,19.2669
Yirik (50 um),3.975000,5.000000,0.000000,-0.187846,19.7793,0.0000,19.2569
Yirik (50 um),4.028000,5.000000,0.000000,-0.187846,20.0443,0.0000,19.2470
Yirik (50 um),4.081000,5.000000,0.000000,-0.187846,20.3093,0.0000,19.2370
Yirik (50 um),4.134000,5.000000,0.000000,-0.187846,20.5743,0.0000,19.2270
Yirik (50 um),4.187000,5.000000,0.000000,-0.187846,20.8393,0.0000,19.2171
Yirik (50 um),4.240000,5.000000,0.000000,-0.187846,21.1043,0.0000,19.2071
Yirik (50 um),4.293000,5.000000,0.000000,-0.187846,21.3693,0.0000,19.1972
Yirik (50 um),4.346000,5.000000,0.000000,-0.187846,21.6343,0.0000,19.1872
Yirik (50 um),4.399000,5.000000,0.000000,-0.187846,21.8993,0.0000,19.1773
Yirik (50 um),4.452000,5.000000,0.000000,-0.187846,22.1643,0.0000,19.1673
Yirik (50 um),4.505000,5.000000,0.000000,-0.187846,22.4293,0.0000,19.1574
Yirik (50 um),4.558000,5.000000,0.000000,-0.187846,22.6943,0.0000,19.1474
Yirik (50 um),4.611000,5.000000,0.000000,-0.187846,22.9593,0.0000,19.1374
Yirik (50 um),4.664000,5.000000,0.000000,-0.187846,23.2243,0.0000,19.1275
Yirik (50 um),4.717000,5.000000,0.000000,-0.187846,23.4893,0.0000,19.1175
Yirik (50 um),4.770000,5.000000,0.000000,-0.187846,23.7543,0.0000,19.1076
Yirik (50 um),4.823000,5.000000,0.000000,-0.187846,24.0193,0.0000,19.0976
Yirik (50 um),4.876000,5.000000,0.000000,-0.187846,24.2843,0.0000,19.0877
Yirik (50 um),4.929000,5.000000,0.000000,-0.187846,24.5493,0.0000,19.0777
Yirik (50 um),4.982000,5.000000,0.000000,-0.187846,24.8143,0.0000,19.0677
Yirik (50 um),5.035000,5.000000,0.000000,-0.187846,25.0793,0.0000,19.0578
Yirik (50 um),5.088000,5.000000,0.000000,-0.187846,25.3443,0.0000,19.0478
Yirik (50 um),5.141000,5.000000,0.000000,-0.187846,25.6093,0.0000,19.0379
Yirik (50 um),5.194000,5.000000,0.000000,-0.187846,25.8743,0.0000,19.0279
Yirik (50 um),5.247000,5.000000,0.000000,-0.187846,26.1393,0.0000,19.0180
Yirik (50 um),5.300000,5.000000,0.000000,-0.187846,26.4043,0.0000,19.0080
Yirik (50 um),5.353000,5.000000,0.000000,-0.187846,26.6693,0.0000,18.9981
Yirik (50 um),5.406000,5.000000,0.000000,-0.187846,26.9343,0.0000,18.9881
Yirik (50 um),5.459000,5.000000,0.000000,-0.187846,27.1993,0.0000,18.9781
Yirik (50 um),5.512000,5.000000,0.000000,-0.187846,27.4643,0.0000,18.9682
Yirik (50 um),5.565000,5.000000,0.000000,-0.187846,27.7293,0.0000,18.9582
Yirik (50 um),5.618000,5.000000,0.000000,-0.187846,27.9943,0.0000,18.9483
Yirik (50 um),5.671000,5.000000,0.000000,-0.187846,28.2593,0.0000,18.9383
Yirik (50 um),5.724000,5.000000,0.000000,-0.187846,28.5243,0.0000,18.9284
Yirik (50 um),5.777000,5.000000,0.000000,-0.187846,28.7893,0.0000,18.9184
Yirik (50 um),5.830000,5.000000,0.000000,-0.187846,29.0543,0.0000,18.9085
Yirik (50 um),5.883000,5.000000,0.000000,-0.187846,29.3193,0.0000,18.8985
Yirik (50 um),5.936000,5.000000,0.000000,-0.187846,29.5843,0.0000,18.8885
Yirik (50 um),5.989000,5.000000,0.000000,-0.187846,29.8493,0.0000,18.8786
Yirik (50 um),6.042000,5.000000,0.000000,-0.187846,30.1143,0.0000,18.8686
Yirik (50 um),6.095000,5.000000,0.000000,-0.187846,30.3793,0.0000,18.8587
Yirik (50 um),6.148000,5.000000,0.000000,-0.187846,30.6443,0.0000,18.8487
Yirik (50 um),6.201000,5.000000,0.000000,-0.187846,30.9093,0.0000,18.8388
Yirik (50 um),6.254000,5.000000,0.000000,-0.187846,31.1743,0.0000,18.8288
Yirik (50 um),6.307000,5.000000,0.000000,-0.187846,31.4393,0.0000,18.8189
Yirik (50 um),6.360000,5.000000,0.000000,-0.187846,31.7043,0.0000,18.8089
Yirik (50 um),6.413000,5.000000,0.000000,-0.187846,31.9693,0.0000,18.7989
Yirik (50 um),6.466000,5.000000,0.000000,-0.187846,32.2343,0.0000,18.7890
Yirik (50 um),6.519000,5.000000,0.000000,-0.187846,32.4993,0.0000,18.7790
Yirik (50 um),6.572000,5.000000,0.000000,-0.187846,32.7643,0.0000,18.7691
Yirik (50 um),6.625000,5.000000,0.000000,-0.187846,33.0293,0.0000,18.7591
Yirik (50 um),6.678000,5.000000,0.000000,-0.187846,33.2943,0.0000,18.7492
Yirik (50 um),6.731000,5.000000,0.000000,-0.187846,33.5593,0.0000,18.7392
Yirik (50 um),6.784000,5.000000,0.000000,-0.187846,33.8243,0.0000,18.7293
Yirik (50 um),6.837000,5.000000,0.000000,-0.187846,34.0893,0.0000,18.7193
Yirik (50 um),6.890000,5.000000,0.000000,-0.187846,34.3543,0.0000,18.7093
Yirik (50 um),6.943000,5.000000,0.000000,-0.187846,34.6193,0.0000,18.6994
Yirik (50 um),6.996000,5.000000,0.000000,-0.187846,34.8843,0.0000,18.6894
Yirik (50 um),7.049000,5.000000,0.000000,-0.187846,35.1493,0.0000,18.6795
Yirik (50 um),7.102000,5.000000,0.000000,-0.187846,35.4143,0.0000,18.6695
Yirik (50 um),7.155000,5.000000,0.000000,-0.187846,35.6793,0.0000,18.6596
Yirik (50 um),7.208000,5.000000,0.000000,-0.187846,35.9443,0.0000,18.6496
Yirik (50 um),7.261000,5.000000,0.000000,-0.187846,36.2093,0.0000,18.6396
Yirik (50 um),7.314000,5.000000,0.000000,-0.187846,36.4743,0.0000,18.6297
Yirik (50 um),7.367000,5.000000,0.000000,-0.187846,36.7393,0.0000,18.6197
Yirik (50 um),7.420000,5.000000,0.000000,-0.187846,37.0043,0.0000,18.6098
Yirik (50 um),7.473000,5.000000,0.000000,-0.187846,37.2693,0.0000,18.5998
Yirik (50 um),7.526000,5.000000,0.000000,-0.187846,37.5343,0.0000,18.5899
Yirik (50 um),7.579000,5.000000,0.000000,-0.187846,37.7993,0.0000,18.5799
Yirik (50 um),7.632000,5.000000,0.000000,-0.187846,38.0643,0.0000,18.5700
Yirik (50 um),7.685000,5.000000,0.000000,-0.187846,38.3293,0.0000,18.5600
Yirik (50 um),7.738000,5.000000,0.000000,-0.187846,38.5943,0.0000,18.5500
Yirik (50 um),7.791000,5.000000,0.000000,-0.187846,38.8593,0.0000,18.5401
Yirik (50 um),7.844000,5.000000,0.000000,-0.187846,39.1243,0.0000,18.5301
Yirik (50 um),7.897000,5.000000,0.000000,-0.187846,39.3893,0.0000,18.5202
Yirik (50 um),7.950000,5.000000,0.000000,-0.187846,39.6543,0.0000,18.5102
Yirik (50 um),8.003000,5.000000,0.000000,-0.187846,39.9193,0.0000,18.5003
Yirik (50 um),8.056000,5.000000,0.000000,-0.187846,40.1843,0.0000,18.4903
Yirik (50 um),8.109000,5.000000,0.000000,-0.187846,40.4493,0.0000,18.4804
Yirik (50 um),8.162000,5.000000,0.000000,-0.187846,40.7143,0.0000,18.4704
Yirik (50 um),8.215000,5.000000,0.000000,-0.187846,40.9793,0.0000,18.4604
Yirik (50 um),8.268000,5.000000,0.000000,-0.187846,41.2443,0.0000,18.4505
Yirik (50 um),8.321000,5.000000,0.000000,-0.187846,41.5093,0.0000,18.4405
Yirik (50 um),8.374000,5.000000,0.000000,-0.187846,41.7743,0.0000,18.4306
Yirik (50 um),8.427000,5.000000,0.000000,-0.187846,42.0393,0.0000,18.4206
Yirik (50 um),8.480000,5.000000,0.000000,-0.187846,42.3043,0.0000,18.4107
Yirik (50 um),8.533000,5.000000,0.000000,-0.187846,42.5693,0.0000,18.4007
Yirik (50 um),8.586000,5.000000,0.000000,-0.187846,42.8343,0.0000,18.3908
Yirik (50 um),8.639000,5.000000,0.000000,-0.187846,43.0993,0.0000,18.3808
Yirik (50 um),8.692000,5.000000,0.000000,-0.187846,43.3643,0.0000,18.3708
Yirik (50 um),8.745000,5.000000,0.000000,-0.187846,43.6293,0.0000,18.3609
Yirik (50 um),8.798000,5.000000,0.000000,-0.187846,43.8943,0.0000,18.3509
Yirik (50 um),8.851000,5.000000,0.000000,-0.187846,44.1593,0.0000,18.3410
Yirik (50 um),8.904000,5.000000,0.000000,-0.187846,44.4243,0.0000,18.3310
Yirik (50 um),8.957000,5.000000,0.000000,-0.187846,44.6893,0.0000,18.3211
Yirik (50 um),9.010000,5.000000,0.000000,-0.187846,44.9543,0.0000,18.3111
Yirik (50 um),9.063000,5.000000,0.000000,-0.187846,45.2193,0.0000,18.3012
Yirik (50 um),9.116000,5.000000,0.000000,-0.187846,45.4843,0.0000,18.2912
Yirik (50 um),9.169000,5.000000,0.000000,-0.187846,45.7493,0.0000,18.2812
Yirik (50 um),9.222000,5.000000,0.000000,-0.187846,46.0143,0.0000,18.2713
Yirik (50 um),9.275000,5.000000,0.000000,-0.187846,46.2793,0.0000,18.2613
Yirik (50 um),9.328000,5.000000,0.000000,-0.187846,46.5443,0.0000,18.2514
Yirik (50 um),9.381000,5.000000,0.000000,-0.187846,46.8093,0.0000,18.2414
Yirik (50 um),9.434000,5.000000,0.000000,-0.187846,47.0743,0.0000,18.2315
Yirik (50 um),9.487000,5.000000,0.000000,-0.187846,47.3393,0.0000,18.2215
Yirik (50 um),9.540000,5.000000,0.000000,-0.187846,47.6043,0.0000,18.2115
Yirik (50 um),9.593000,5.000000,0.000000,-0.187846,47.8693,0.0000,18.2016
Yirik (50 um),9.646000,5.000000,0.000000,-0.187846,48.1343,0.0000,18.1916
Yirik (50 um),9.699000,5.000000,0.000000,-0.187846,48.3993,0.0000,18.1817
Yirik (50 um),9.752000,5.000000,0.000000,-0.187846,48.6643,0.0000,18.1717
Yirik (50 um),9.805000,5.000000,0.000000,-0.187846,48.9293,0.0000,18.1618
Yirik (50 um),9.858000,5.000000,0.000000,-0.187846,49.1943,0.0000,18.1518
Yirik (50 um),9.911000,5.000000,0.000000,-0.187846,49.4593,0.0000,18.1419
Yirik (50 um),9.964000,5.000000,0.000000,-0.187846,49.7243,0.0000,18.1319
Yirik (50 um),10.017000,5.000000,0.000000,-0.187846,49.9893,0.0000,18.1219
Yirik (50 um),10.070000,5.000000,0.000000,-0.187846,50.2543,0.0000,18.1120
Yirik (50 um),10.123000,5.000000,0.000000,-0.187846,50.5193,0.0000,18.1020
Yirik (50 um),10.176000,5.000000,0.000000,-0.187846,50.7843,0.0000,18.0921
Yirik (50 um),10.229000,5.000000,0.000000,-0.187846,51.0493,0.0000,18.0821
Yirik (50 um),10.282000,5.000000,0.000000,-0.187846,51.3143,0.0000,18.0722
Yirik (50 um),10.335000,5.000000,0.000000,-0.187846,51.5793,0.0000,18.0622
Yirik (50 um),10.388000,5.000000,0.000000,-0.187846,51.8443,0.0000,18.0523
Yirik (50 um),10.441000,5.000000,0.000000,-0.187846,52.1093,0.0000,18.0423
Yirik (50 um),10.494000,5.000000,0.000000,-0.187846,52.3743,0.0000,18.0323
Yirik (50 um),10.547000,5.000000,0.000000,-0.187846,52.6393,0.0000,18.0224
Yirik (50 um),10.600000,5.000000,0.000000,-0.187846,52.9043,0.0000,18.0124
Yirik (50 um),10.653000,5.000000,0.000000,-0.187846,53.1693,0.0000,18.0025
Yirik (50 um),10.706000,5.000000,0.000000,-0.187846,53.4343,0.0000,17.9925
Yirik (50 um),10.759000,5.000000,0.000000,-0.187846,53.6993,0.0000,17.9826
Yirik (50 um),10.812000,5.000000,0.000000,-0.187846,53.9643,0.0000,17.9726
Yirik (50 um),10.865000,5.000000,0.000000,-0.187846,54.2293,0.0000,17.9627
Yirik (50 um),10.918000,5.000000,0.000000,-0.187846,54.4943,0.0000,17.9527
Yirik (50 um),10.971000,5.000000,0.000000,-0.187846,54.7593,0.0000,17.9427
Yirik (50 um),11.024000,5.000000,0.000000,-0.187846,55.0243,0.0000,17.9328
Yirik (50 um),11.077000,5.000000,0.000000,-0.187846,55.2893,0.0000,17.9228
Yirik (50 um),11.130000,5.000000,0.000000,-0.187846,55.5543,0.0000,17.9129
Yirik (50 um),11.183000,5.000000,0.000000,-0.187846,55.8193,0.0000,17.9029
Yirik (50 um),11.236000,5.000000,0.000000,-0.187846,56.0843,0.0000,17.8930
Yirik (50 um),11.289000,5.000000,0.000000,-0.187846,56.3493,0.0000,17.8830
Yirik (50 um),11.342000,5.000000,0.000000,-0.187846,56.6143,0.0000,17.8730
Yirik (50 um),11.395000,5.000000,0.000000,-0.187846,56.8793,0.0000,17.8631
Yirik (50 um),11.448000,5.000000,0.000000,-0.187846,57.1443,0.0000,17.8531
Yirik (50 um),11.501000,5.000000,0.000000,-0.187846,57.4093,0.0000,17.8432
Yirik (50 um),11.554000,5.000000,0.000000,-0.187846,57.6743,0.0000,17.8332
Yirik (50 um),11.607000,5.000000,0.000000,-0.187846,57.9393,0.0000,17.8233
Yirik (50 um),11.660000,5.000000,0.000000,-0.187846,58.2043,0.0000,17.8133
Yirik (50 um),11.713000,5.000000,0.000000,-0.187846,58.4693,0.0000,17.8034
Yirik (50 um),11.766000,5.000000,0.000000,-0.187846,58.7343,0.0000,17.7934
Yirik (50 um),11.819000,5.000000,0.000000,-0.187846,58.9993,0.0000,17.7834
Yirik (50 um),11.872000,5.000000,0.000000,-0.187846,59.2643,0.0000,17.7735
Yirik (50 um),11.925000,5.000000,0.000000,-0.187846,59.5293,0.0000,17.7635
Yirik (50 um),11.978000,5.000000,0.000000,-0.187846,59.7943,0.0000,17.7536
Yirik (50 um),12.031000,5.000000,0.000000,-0.187846,60.0593,0.0000,17.7436
Yirik (50 um),12.084000,5.000000,0.000000,-0.187846,60.3243,0.0000,17.7337
Yirik (50 um),12.137000,5.000000,0.000000,-0.187846,60.5893,0.0000,17.7237
Yirik (50 um),12.190000,5.000000,0.000000,-0.187846,60.8543,0.0000,17.7138
Yirik (50 um),12.243000,5.000000,0.000000,-0.187846,61.1193,0.0000,17.7038
Yirik (50 um),12.296000,5.000000,0.000000,-0.187846,61.3843,0.0000,17.6938
Yirik (50 um),12.349000,5.000000,0.000000,-0.187846,61.6493,0.0000,17.6839
Yirik (50 um),12.402000,5.000000,0.000000,-0.187846,61.9143,0.0000,17.6739
Yirik (50 um),12.455000,5.000000,0.000000,-0.187846,62.1793,0.0000,17.6640
Yirik (50 um),12.508000,5.000000,0.000000,-0.187846,62.4443,0.0000,17.6540
Yirik (50 um),12.561000,5.000000,0.000000,-0.187846,62.7093,0.0000,17.6441
Yirik (50 um),12.614000,5.000000,0.000000,-0.187846,62.9743,0.0000,17.6341
Yirik (50 um),12.667000,5.000000,0.000000,-0.187846,63.2393,0.0000,17.6242
Yirik (50 um),12.720000,5.000000,0.000000,-0.187846,63.5043,0.0000,17.6142
Yirik (50 um),12.773000,5.000000,0.000000,-0.187846,63.7693,0.0000,17.6042
Yirik (50 um),12.826000,5.000000,0.000000,-0.187846,64.0343,0.0000,17.5943
Yirik (50 um),12.879000,5.000000,0.000000,-0.187846,64.2993,0.0000,17.5843
Yirik (50 um),12.932000,5.000000,0.000000,-0.187846,64.5643,0.0000,17.5744
Yirik (50 um),12.985000,5.000000,0.000000,-0.187846,64.8293,0.0000,17.5644
Yirik (50 um),13.038000,5.000000,0.000000,-0.187846,65.0943,0.0000,17.5545
Yirik (50 um),13.091000,5.000000,0.000000,-0.187846,65.3593,0.0000,17.5445
Yirik (50 um),13.144000,5.000000,0.000000,-0.187846,65.6243,0.0000,17.5346
Yirik (50 um),13.197000,5.000000,0.000000,-0.187846,65.8893,0.0000,17.5246
Yirik (50 um),13.250000,5.000000,0.000000,-0.187846,66.1543,0.0000,17.5146
Yirik (50 um),13.303000,5.000000,0.000000,-0.187846,66.4193,0.0000,17.5047
Yirik (50 um),13.356000,5.000000,0.000000,-0.187846,66.6843,0.0000,17.4947
Yirik (50 um),13.409000,5.000000,0.000000,-0.187846,66.9493,0.0000,17.4848
Yirik (50 um),13.462000,5.000000,0.000000,-0.187846,67.2143,0.0000,17.4748
Yirik (50 um),13.515000,5.000000,0.000000,-0.187846,67.4793,0.0000,17.4649
Yirik (50 um),13.568000,5.000000,0.000000,-0.187846,67.7443,0.0000,17.4549
Yirik (50 um),13.621000,5.000000,0.000000,-0.187846,68.0093,0.0000,17.4449
Yirik (50 um),13.674000,5.000000,0.000000,-0.187846,68.2743,0.0000,17.4350
Yirik (50 um),13.727000,5.000000,0.000000,-0.187846,68.5393,0.0000,17.4250
Yirik (50 um),13.780000,5.000000,0.000000,-0.187846,68.8043,0.0000,17.4151
Yirik (50 um),13.833000,5.000000,0.000000,-0.187846,69.0693,0.0000,17.4051
Yirik (50 um),13.886000,5.000000,0.000000,-0.187846,69.3343,0.0000,17.3952
Yirik (50 um),13.939000,5.000000,0.000000,-0.187846,69.5993,0.0000,17.3852
Yirik (50 um),13.992000,5.000000,0.000000,-0.187846,69.8643,0.0000,17.3753
Yirik (50 um),14.045000,5.000000,0.000000,-0.187846,70.1293,0.0000,17.3653
Yirik (50 um),14.098000,5.000000,0.000000,-0.187846,70.3943,0.0000,17.3553
Yirik (50 um),14.151000,5.000000,0.000000,-0.187846,70.6593,0.0000,17.3454
Yirik (50 um),14.204000,5.000000,0.000000,-0.187846,70.9243,0.0000,17.3354
Yirik (50 um),14.257000,5.000000,0.000000,-0.187846,71.1893,0.0000,17.3255
Yirik (50 um),14.310000,5.000000,0.000000,-0.187846,71.4543,0.0000,17.3155
Yirik (50 um),14.363000,5.000000,0.000000,-0.187846,71.7193,0.0000,17.3056
Yirik (50 um),14.416000,5.000000,0.000000,-0.187846,71.9843,0.0000,17.2956
Yirik (50 um),14.469000,5.000000,0.000000,-0.187846,72.2493,0.0000,17.2857
Yirik (50 um),14.522000,5.000000,0.000000,-0.187846,72.5143,0.0000,17.2757
Yirik (50 um),14.575000,5.000000,0.000000,-0.187846,72.7793,0.0000,17.2657
Yirik (50 um),14.628000,5.000000,0.000000,-0.187846,73.0443,0.0000,17.2558
Yirik (50 um),14.681000,5.000000,0.000000,-0.187846,73.3093,0.0000,17.2458
Yirik (50 um),14.734000,5.000000,0.000000,-0.187846,73.5743,0.0000,17.2359
Yirik (50 um),14.787000,5.000000,0.000000,-0.187846,73.8393,0.0000,17.2259
Yirik (50 um),14.840000,5.000000,0.000000,-0.187846,74.1043,0.0000,17.2160
Yirik (50 um),14.893000,5.000000,0.000000,-0.187846,74.3693,0.0000,17.2060
Yirik (50 um),14.946000,5.000000,0.000000,-0.187846,74.6343,0.0000,17.1961
Yirik (50 um),14.999000,5.000000,0.000000,-0.187846,74.8993,0.0000,17.1861
Yirik (50 um),15.052000,5.000000,0.000000,-0.187846,75.1643,0.0000,17.1761
Yirik (50 um),15.105000,5.000000,0.000000,-0.187846,75.4293,0.0000,17.1662
Yirik (50 um),15.158000,5.000000,0.000000,-0.187846,75.6943,0.0000,17.1562
Yirik (50 um),15.211000,5.000000,0.000000,-0.187846,75.9593,0.0000,17.1463
Yirik (50 um),15.264000,5.000000,0.000000,-0.187846,76.2243,0.0000,17.1363
Yirik (50 um),15.317000,5.000000,0.000000,-0.187846,76.4893,0.0000,17.1264
Yirik (50 um),15.370000,5.000000,0.000000,-0.187846,76.7543,0.0000,17.1164
Yirik (50 um),15.423000,5.000000,0.000000,-0.187846,77.0193,0.0000,17.1065
Yirik (50 um),15.476000,5.000000,0.000000,-0.187846,77.2843,0.0000,17.0965
Yirik (50 um),15.529000,5.000000,0.000000,-0.187846,77.5493,0.0000,17.0865
Yirik (50 um),15.582000,5.000000,0.000000,-0.187846,77.8143,0.0000,17.0766
Yirik (50 um),15.635000,5.000000,0.000000,-0.187846,78.0793,0.0000,17.0666
Yirik (50 um),15.688000,5.000000,0.000000,-0.187846,78.3443,0.0000,17.0567
Yirik (50 um),15.741000,5.000000,0.000000,-0.187846,78.6093,0.0000,17.0467
Yirik (50 um),15.794000,5.000000,0.000000,-0.187846,78.8743,0.0000,17.0368
Yirik (50 um),15.847000,5.000000,0.000000,-0.187846,79.1393,0.0000,17.0268
Yirik (50 um),15.900000,5.000000,0.000000,-0.187846,79.4043,0.0000,17.0168
Yirik (50 um),15.953000,5.000000,0.000000,-0.187846,79.6693,0.0000,17.0069
Yirik (50 um),16.006000,5.000000,0.000000,-0.187846,79.9343,0.0000,16.9969
Yirik (50 um),16.059000,5.000000,0.000000,-0.187846,80.1993,0.0000,16.9870
Yirik (50 um),16.112000,5.000000,0.000000,-0.187846,80.4643,0.0000,16.9770
Yirik (50 um),16.165000,5.000000,0.000000,-0.187846,80.7293,0.0000,16.9671
Yirik (50 um),16.218000,5.000000,0.000000,-0.187846,80.9943,0.0000,16.9571
Yirik (50 um),16.271000,5.000000,0.000000,-0.187846,81.2593,0.0000,16.9472
Yirik (50 um),16.324000,5.000000,0.000000,-0.187846,81.5243,0.0000,16.9372
Yirik (50 um),16.377000,5.000000,0.000000,-0.187846,81.7893,0.0000,16.9272
Yirik (50 um),16.430000,5.000000,0.000000,-0.187846,82.0543,0.0000,16.9173
Yirik (50 um),16.483000,5.000000,0.000000,-0.187846,82.3193,0.0000,16.9073
Yirik (50 um),16.536000,5.000000,0.000000,-0.187846,82.5843,0.0000,16.8974
Yirik (50 um),16.589000,5.000000,0.000000,-0.187846,82.8493,0.0000,16.8874
Yirik (50 um),16.642000,5.000000,0.000000,-0.187846,83.1143,0.0000,16.8775
Yirik (50 um),16.695000,5.000000,0.000000,-0.187846,83.3793,0.0000,16.8675
Yirik (50 um),16.748000,5.000000,0.000000,-0.187846,83.6443,0.0000,16.8576
Yirik (50 um),16.801000,5.000000,0.000000,-0.187846,83.9093,0.0000,16.8476
Yirik (50 um),16.854000,5.000000,0.000000,-0.187846,84.1743,0.0000,16.8376
Yirik (50 um),16.907000,5.000000,0.000000,-0.187846,84.4393,0.0000,16.8277
Yirik (50 um),16.960000,5.000000,0.000000,-0.187846,84.7043,0.0000,16.8177
Yirik (50 um),17.013000,5.000000,0.000000,-0.187846,84.9693,0.0000,16.8078
Yirik (50 um),17.066000,5.000000,0.000000,-0.187846,85.2343,0.0000,16.7978
Yirik (50 um),17.119000,5.000000,0.000000,-0.187846,85.4993,0.0000,16.7879
Yirik (50 um),17.172000,5.000000,0.000000,-0.187846,85.7643,0.0000,16.7779
Yirik (50 um),17.225000,5.000000,0.000000,-0.187846,86.0293,0.0000,16.7680
Yirik (50 um),17.278000,5.000000,0.000000,-0.187846,86.2943,0.0000,16.7580
Yirik (50 um),17.331000,5.000000,0.000000,-0.187846,86.5593,0.0000,16.7480
Yirik (50 um),17.384000,5.000000,0.000000,-0.187846,86.8243,0.0000,16.7381
Yirik (50 um),17.437000,5.000000,0.000000,-0.187846,87.0893,0.0000,16.7281
Yirik (50 um),17.490000,5.000000,0.000000,-0.187846,87.3543,0.0000,16.7182
Yirik (50 um),17.543000,5.000000,0.000000,-0.187846,87.6193,0.0000,16.7082
Yirik (50 um),17.596000,5.000000,0.000000,-0.187846,87.8843,0.0000,16.6983
Yirik (50 um),17.649000,5.000000,0.000000,-0.187846,88.1493,0.0000,16.6883
Yirik (50 um),17.702000,5.000000,0.000000,-0.187846,88.4143,0.0000,16.6783
Yirik (50 um),17.755000,5.000000,0.000000,-0.187846,88.6793,0.0000,16.6684
Yirik (50 um),17.808000,5.000000,0.000000,-0.187846,88.9443,0.0000,16.6584
Yirik (50 um),17.861000,5.000000,0.000000,-0.187846,89.2093,0.0000,16.6485
Yirik (50 um),17.914000,5.000000,0.000000,-0.187846,89.4743,0.0000,16.6385
Yirik (50 um),17.967000,5.000000,0.000000,-0.187846,89.7393,0.0000,16.6286
Yirik (50 um),18.020000,5.000000,0.000000,-0.187846,90.0043,0.0000,16.6186
Yirik (50 um),18.073000,5.000000,0.000000,-0.187846,90.2693,0.0000,16.6087
Yirik (50 um),18.126000,5.000000,0.000000,-0.187846,90.5343,0.0000,16.5987
Yirik (50 um),18.179000,5.000000,0.000000,-0.187846,90.7993,0.0000,16.5887
Yirik (50 um),18.232000,5.000000,0.000000,-0.187846,91.0643,0.0000,16.5788
Yirik (50 um),18.285000,5.000000,0.000000,-0.187846,91.3293,0.0000,16.5688
Yirik (50 um),18.338000,5.000000,0.000000,-0.187846,91.5943,0.0000,16.5589
Yirik (50 um),18.391000,5.000000,0.000000,-0.187846,91.8593,0.0000,16.5489
Yirik (50 um),18.444000,5.000000,0.000000,-0.187846,92.1243,0.0000,16.5390
Yirik (50 um),18.497000,5.000000,0.000000,-0.187846,92.3893,0.0000,16.5290
Yirik (50 um),18.550000,5.000000,0.000000,-0.187846,92.6543,0.0000,16.5191
Yirik (50 um),18.603000,5.000000,0.000000,-0.187846,92.9193,0.0000,16.5091
Yirik (50 um),18.656000,5.000000,0.000000,-0.187846,93.1843,0.0000,16.4991
Yirik (50 um),18.709000,5.000000,0.000000,-0.187846,93.4493,0.0000,16.4892
Yirik (50 um),18.762000,5.000000,0.000000,-0.187846,93.7143,0.0000,16.4792
Yirik (50 um),18.815000,5.000000,0.000000,-0.187846,93.9793,0.0000,16.4693
Yirik (50 um),18.868000,5.000000,0.000000,-0.187846,94.2443,0.0000,16.4593
Yirik (50 um),18.921000,5.000000,0.000000,-0.187846,94.5093,0.0000,16.4494
Yirik (50 um),18.974000,5.000000,0.000000,-0.187846,94.7743,0.0000,16.4394
Yirik (50 um),19.027000,5.000000,0.000000,-0.187846,95.0393,0.0000,16.4295
Yirik (50 um),19.080000,5.000000,0.000000,-0.187846,95.3043,0.0000,16.4195
Yirik (50 um),19.133000,5.000000,0.000000,-0.187846,95.5693,0.0000,16.4095
Yirik (50 um),19.186000,5.000000,0.000000,-0.187846,95.8343,0.0000,16.3996
Yirik (50 um),19.239000,5.000000,0.000000,-0.187846,96.0993,0.0000,16.3896
Yirik (50 um),19.292000,5.000000,0.000000,-0.187846,96.3643,0.0000,16.3797
Yirik (50 um),19.345000,5.000000,0.000000,-0.187846,96.6293,0.0000,16.3697
Yirik (50 um),19.398000,5.000000,0.000000,-0.187846,96.8943,0.0000,16.3598
Yirik (50 um),19.451000,5.000000,0.000000,-0.187846,97.1593,0.0000,16.3498
Yirik (50 um),19.504000,5.000000,0.000000,-0.187846,97.4243,0.0000,16.3399
Yirik (50 um),19.557000,5.000000,0.000000,-0.187846,97.6893,0.0000,16.3299
Yirik (50 um),19.610000,5.000000,0.000000,-0.187846,97.9543,0.0000,16.3199
Yirik (50 um),19.663000,5.000000,0.000000,-0.187846,98.2193,0.0000,16.3100
Yirik (50 um),19.716000,5.000000,0.000000,-0.187846,98.4843,0.0000,16.3000
Yirik (50 um),19.769000,5.000000,0.000000,-0.187846,98.7493,0.0000,16.2901
Yirik (50 um),19.822000,5.000000,0.000000,-0.187846,99.0143,0.0000,16.2801
Yirik (50 um),19.875000,5.000000,0.000000,-0.187846,99.2793,0.0000,16.2702
Yirik (50 um),19.928000,5.000000,0.000000,-0.187846,99.5443,0.0000,16.2602
Yirik (50 um),19.981000,5.000000,0.000000,-0.187846,99.8093,0.0000,16.2502
Yirik (50 um),20.034000,5.000000,0.000000,-0.187846,100.0743,0.0000,16.2403
Yirik (50 um),20.087000,5.000000,0.000000,-0.187846,100.3393,0.0000,16.2303
Yirik (50 um),20.140000,5.000000,0.000000,-0.187846,100.6043,0.0000,16.2204
Yirik (50 um),20.193000,5.000000,0.000000,-0.187846,100.8693,0.0000,16.2104
Yirik (50 um),20.246000,5.000000,0.000000,-0.187846,101.1343,0.0000,16.2005
Yirik (50 um),20.299000,5.000000,0.000000,-0.187846,101.3993,0.0000,16.1905
Yirik (50 um),20.352000,5.000000,0.000000,-0.187846,101.6643,0.0000,16.1806
Yirik (50 um),20.405000,5.000000,0.000000,-0.187846,101.9293,0.0000,16.1706
Yirik (50 um),20.458000,5.000000,0.000000,-0.187846,102.1943,0.0000,16.1606
Yirik (50 um),20.511000,5.000000,0.000000,-0.187846,102.4593,0.0000,16.1507
Yirik (50 um),20.564000,5.000000,0.000000,-0.187846,102.7243,0.0000,16.1407
Yirik (50 um),20.617000,5.000000,0.000000,-0.187846,102.9893,0.0000,16.1308
Yirik (50 um),20.670000,5.000000,0.000000,-0.187846,103.2543,0.0000,16.1208
Yirik (50 um),20.723000,5.000000,0.000000,-0.187846,103.5193,0.0000,16.1109
Yirik (50 um),20.776000,5.000000,0.000000,-0.187846,103.7843,0.0000,16.1009
Yirik (50 um),20.829000,5.000000,0.000000,-0.187846,104.0493,0.0000,16.0910
Yirik (50 um),20.882000,5.000000,0.000000,-0.187846,104.3143,0.0000,16.0810
Yirik (50 um),20.935000,5.000000,0.000000,-0.187846,104.5793,0.0000,16.0710
Yirik (50 um),20.988000,5.000000,0.000000,-0.187846,104.8443,0.0000,16.0611
Yirik (50 um),21.041000,5.000000,0.000000,-0.187846,105.1093,0.0000,16.0511
Yirik (50 um),21.094000,5.000000,0.000000,-0.187846,105.3743,0.0000,16.0412
Yirik (50 um),21.147000,5.000000,0.000000,-0.187846,105.6393,0.0000,16.0312
Yirik (50 um),21.200000,5.000000,0.000000,-0.187846,105.9043,0.0000,16.0213
Yirik (50 um),21.253000,5.000000,0.000000,-0.187846,106.1693,0.0000,16.0113
Yirik (50 um),21.306000,5.000000,0.000000,-0.187846,106.4343,0.0000,16.0014
Yirik (50 um),21.359000,5.000000,0.000000,-0.187846,106.6993,0.0000,15.9914
Yirik (50 um),21.412000,5.000000,0.000000,-0.187846,106.9643,0.0000,15.9814
Yirik (50 um),21.465000,5.000000,0.000000,-0.187846,107.2293,0.0000,15.9715
Yirik (50 um),21.518000,5.000000,0.000000,-0.187846,107.4943,0.0000,15.9615
Yirik (50 um),21.571000,5.000000,0.000000,-0.187846,107.7593,0.0000,15.9516
Yirik (50 um),21.624000,5.000000,0.000000,-0.187846,108.0243,0.0000,15.9416
Yirik (50 um),21.677000,5.000000,0.000000,-0.187846,108.2893,0.0000,15.9317
Yirik (50 um),21.730000,5.000000,0.000000,-0.187846,108.5543,0.0000,15.9217
Yirik (50 um),21.783000,5.000000,0.000000,-0.187846,108.8193,0.0000,15.9118
Yirik (50 um),21.836000,5.000000,0.000000,-0.187846,109.0843,0.0000,15.9018
Yirik (50 um),21.889000,5.000000,0.000000,-0.187846,109.3493,0.0000,15.8918
Yirik (50 um),21.942000,5.000000,0.000000,-0.187846,109.6143,0.0000,15.8819
Yirik (50 um),21.995000,5.000000,0.000000,-0.187846,109.8793,0.0000,15.8719
Yirik (50 um),22.048000,5.000000,0.000000,-0.187846,110.1443,0.0000,15.8620
Yirik (50 um),22.101000,5.000000,0.000000,-0.187846,110.4093,0.0000,15.8520
Yirik (50 um),22.154000,5.000000,0.000000,-0.187846,110.6743,0.0000,15.8421
Yirik (50 um),22.207000,5.000000,0.000000,-0.187846,110.9393,0.0000,15.8321
Yirik (50 um),22.260000,5.000000,0.000000,-0.187846,111.2043,0.0000,15.8221
Yirik (50 um),22.313000,5.000000,0.000000,-0.187846,111.4693,0.0000,15.8122
Yirik (50 um),22.366000,5.000000,0.000000,-0.187846,111.7343,0.0000,15.8022
Yirik (50 um),22.419000,5.000000,0.000000,-0.187846,111.9993,0.0000,15.7923
Yirik (50 um),22.472000,5.000000,0.000000,-0.187846,112.2643,0.0000,15.7823
Yirik (50 um),22.525000,5.000000,0.000000,-0.187846,112.5293,0.0000,15.7724
Yirik (50 um),22.578000,5.000000,0.000000,-0.187846,112.7943,0.0000,15.7624
Yirik (50 um),22.631000,5.000000,0.000000,-0.187846,113.0593,0.0000,15.7525
Yirik (50 um),22.684000,5.000000,0.000000,-0.187846,113.3243,0.0000,15.7425
Yirik (50 um),22.737000,5.000000,0.000000,-0.187846,113.5893,0.0000,15.7325
Yirik (50 um),22.790000,5.000000,0.000000,-0.187846,113.8543,0.0000,15.7226
Yirik (50 um),22.843000,5.000000,0.000000,-0.187846,114.1193,0.0000,15.7126
Yirik (50 um),22.896000,5.000000,0.000000,-0.187846,114.3843,0.0000,15.7027
Yirik (50 um),22.949000,5.000000,0.000000,-0.187846,114.6493,0.0000,15.6927
Yirik (50 um),23.002000,5.000000,0.000000,-0.187846,114.9143,0.0000,15.6828
Yirik (50 um),23.055000,5.000000,0.000000,-0.187846,115.1793,0.0000,15.6728
Yirik (50 um),23.108000,5.000000,0.000000,-0.187846,115.4443,0.0000,15.6629
Yirik (50 um),23.161000,5.000000,0.000000,-0.187846,115.7093,0.0000,15.6529
Yirik (50 um),23.214000,5.000000,0.000000,-0.187846,115.9743,0.0000,15.6429
Yirik (50 um),23.267000,5.000000,0.000000,-0.187846,116.2393,0.0000,15.6330
Yirik (50 um),23.320000,5.000000,0.000000,-0.187846,116.5043,0.0000,15.6230
Yirik (50 um),23.373000,5.000000,0.000000,-0.187846,116.7693,0.0000,15.6131
Yirik (50 um),23.426000,5.000000,0.000000,-0.187846,117.0343,0.0000,15.6031
Yirik (50 um),23.479000,5.000000,0.000000,-0.187846,117.2993,0.0000,15.5932
Yirik (50 um),23.532000,5.000000,0.000000,-0.187846,117.5643,0.0000,15.5832
Yirik (50 um),23.585000,5.000000,0.000000,-0.187846,117.8293,0.0000,15.5733
Yirik (50 um),23.638000,5.000000,0.000000,-0.187846,118.0943,0.0000,15.5633
Yirik (50 um),23.691000,5.000000,0.000000,-0.187846,118.3593,0.0000,15.5533
Yirik (50 um),23.744000,5.000000,0.000000,-0.187846,118.6243,0.0000,15.5434
Yirik (50 um),23.797000,5.000000,0.000000,-0.187846,118.8893,0.0000,15.5334
Yirik (50 um),23.850000,5.000000,0.000000,-0.187846,119.1543,0.0000,15.5235
Yirik (50 um),23.903000,5.000000,0.000000,-0.187846,119.4193,0.0000,15.5135
Yirik (50 um),23.956000,5.000000,0.000000,-0.187846,119.6843,0.0000,15.5036
Yirik (50 um),24.009000,5.000000,0.000000,-0.187846,119.9493,0.0000,15.4936
Yirik (50 um),24.062000,5.000000,0.000000,-0.187846,120.2143,0.0000,15.4837
Yirik (50 um),24.115000,5.000000,0.000000,-0.187846,120.4793,0.0000,15.4737
Yirik (50 um),24.168000,5.000000,0.000000,-0.187846,120.7443,0.0000,15.4637
Yirik (50 um),24.221000,5.000000,0.000000,-0.187846,121.0093,0.0000,15.4538
Yirik (50 um),24.274000,5.000000,0.000000,-0.187846,121.2743,0.0000,15.4438
Yirik (50 um),24.327000,5.000000,0.000000,-0.187846,121.5393,0.0000,15.4339
Yirik (50 um),24.380000,5.000000,0.000000,-0.187846,121.8043,0.0000,15.4239
Yirik (50 um),24.433000,5.000000,0.000000,-0.187846,122.0693,0.0000,15.4140
Yirik (50 um),24.486000,5.000000,0.000000,-0.187846,122.3343,0.0000,15.4040
Yirik (50 um),24.539000,5.000000,0.000000,-0.187846,122.5993,0.0000,15.3940
Yirik (50 um),24.592000,5.000000,0.000000,-0.187846,122.8643,0.0000,15.3841
Yirik (50 um),24.645000,5.000000,0.000000,-0.187846,123.1293,0.0000,15.3741
Yirik (50 um),24.698000,5.000000,0.000000,-0.187846,123.3943,0.0000,15.3642
Yirik (50 um),24.751000,5.000000,0.000000,-0.187846,123.6593,0.0000,15.3542
Yirik (50 um),24.804000,5.000000,0.000000,-0.187846,123.9243,0.0000,15.3443
Yirik (50 um),24.857000,5.000000,0.000000,-0.187846,124.1893,0.0000,15.3343
Yirik (50 um),24.910000,5.000000,0.000000,-0.187846,124.4543,0.0000,15.3244
Yirik (50 um),24.963000,5.000000,0.000000,-0.187846,124.7193,0.0000,15.3144
Yirik (50 um),25.016000,5.000000,0.000000,-0.187846,124.9843,0.0000,15.3044
Yirik (50 um),25.069000,5.000000,0.000000,-0.187846,125.2493,0.0000,15.2945
Yirik (50 um),25.122000,5.000000,0.000000,-0.187846,125.5143,0.0000,15.2845
Yirik (50 um),25.175000,5.000000,0.000000,-0.187846,125.7793,0.0000,15.2746
Yirik (50 um),25.228000,5.000000,0.000000,-0.187846,126.0443,0.0000,15.2646
Yirik (50 um),25.281000,5.000000,0.000000,-0.187846,126.3093,0.0000,15.2547
Yirik (50 um),25.334000,5.000000,0.000000,-0.187846,126.5743,0.0000,15.2447
Yirik (50 um),25.387000,5.000000,0.000000,-0.187846,126.8393,0.0000,15.2348
Yirik (50 um),25.440000,5.000000,0.000000,-0.187846,127.1043,0.0000,15.2248
Yirik (50 um),25.493000,5.000000,0.000000,-0.187846,127.3693,0.0000,15.2148
Yirik (50 um),25.546000,5.000000,0.000000,-0.187846,127.6343,0.0000,15.2049
Yirik (50 um),25.599000,5.000000,0.000000,-0.187846,127.8993,0.0000,15.1949
Yirik (50 um),25.652000,5.000000,0.000000,-0.187846,128.1643,0.0000,15.1850
Yirik (50 um),25.705000,5.000000,0.000000,-0.187846,128.4293,0.0000,15.1750
Yirik (50 um),25.758000,5.000000,0.000000,-0.187846,128.6943,0.0000,15.1651
Yirik (50 um),25.811000,5.000000,0.000000,-0.187846,128.9593,0.0000,15.1551
Yirik (50 um),25.864000,5.000000,0.000000,-0.187846,129.2243,0.0000,15.1452
Yirik (50 um),25.917000,5.000000,0.000000,-0.187846,129.4893,0.0000,15.1352
Yirik (50 um),25.970000,5.000000,0.000000,-0.187846,129.7543,0.0000,15.1252
Yirik (50 um),26.023000,5.000000,0.000000,-0.187846,130.0193,0.0000,15.1153
Yirik (50 um),26.076000,5.000000,0.000000,-0.187846,130.2843,0.0000,15.1053
Yirik (50 um),26.129000,5.000000,0.000000,-0.187846,130.5493,0.0000,15.0954
Yirik (50 um),26.182000,5.000000,0.000000,-0.187846,130.8143,0.0000,15.0854
Yirik (50 um),26.235000,5.000000,0.000000,-0.187846,131.0793,0.0000,15.0755
Yirik (50 um),26.288000,5.000000,0.000000,-0.187846,131.3443,0.0000,15.0655
Yirik (50 um),26.341000,5.000000,0.000000,-0.187846,131.6093,0.0000,15.0555
Yirik (50 um),26.394000,5.000000,0.000000,-0.187846,131.8743,0.0000,15.0456
Yirik (50 um),26.447000,5.000000,0.000000,-0.187846,132.1393,0.0000,15.0356
Yirik (50 um),26.500000,5.000000,0.000000,-0.187846,132.4043,0.0000,15.0257
Yirik (50 um),26.553000,5.000000,0.000000,-0.187846,132.6693,0.0000,15.0157
Yirik (50 um),26.606000,5.000000,0.000000,-0.187846,132.9343,0.0000,15.0058
Yirik (50 um),26.659000,5.000000,0.000000,-0.187846,133.1993,0.0000,14.9958
Yirik (50 um),26.712000,5.000000,0.000000,-0.187846,133.4643,0.0000,14.9859
Yirik (50 um),26.765000,5.000000,0.000000,-0.187846,133.7293,0.0000,14.9759
Yirik (50 um),26.818000,5.000000,0.000000,-0.187846,133.9943,0.0000,14.9659
Yirik (50 um),26.871000,5.000000,0.000000,-0.187846,134.2593,0.0000,14.9560
Yirik (50 um),26.924000,5.000000,0.000000,-0.187846,134.5243,0.0000,14.9460
Yirik (50 um),26.977000,5.000000,0.000000,-0.187846,134.7893,0.0000,14.9361
Yirik (50 um),27.030000,5.000000,0.000000,-0.187846,135.0543,0.0000,14.9261
Yirik (50 um),27.083000,5.000000,0.000000,-0.187846,135.3193,0.0000,14.9162
Yirik (50 um),27.136000,5.000000,0.000000,-0.187846,135.5843,0.0000,14.9062
Yirik (50 um),27.189000,5.000000,0.000000,-0.187846,135.8493,0.0000,14.8963
Yirik (50 um),27.242000,5.000000,0.000000,-0.187846,136.1143,0.0000,14.8863
Yirik (50 um),27.295000,5.000000,0.000000,-0.187846,136.3793,0.0000,14.8763
Yirik (50 um),27.348000,5.000000,0.000000,-0.187846,136.6443,0.0000,14.8664
Yirik (50 um),27.401000,5.000000,0.000000,-0.187846,136.9093,0.0000,14.8564
Yirik (50 um),27.454000,5.000000,0.000000,-0.187846,137.1743,0.0000,14.8465
Yirik (50 um),27.507000,5.000000,0.000000,-0.187846,137.4393,0.0000,14.8365
Yirik (50 um),27.560000,5.000000,0.000000,-0.187846,137.7043,0.0000,14.8266
Yirik (50 um),27.613000,5.000000,0.000000,-0.187846,137.9693,0.0000,14.8166
Yirik (50 um),27.666000,5.000000,0.000000,-0.187846,138.2343,0.0000,14.8067
Yirik (50 um),27.719000,5.000000,0.000000,-0.187846,138.4993,0.0000,14.7967
Yirik (50 um),27.772000,5.000000,0.000000,-0.187846,138.7643,0.0000,14.7867
Yirik (50 um),27.825000,5.000000,0.000000,-0.187846,139.0293,0.0000,14.7768
Yirik (50 um),27.878000,5.000000,0.000000,-0.187846,139.2943,0.0000,14.7668
Yirik (50 um),27.931000,5.000000,0.000000,-0.187846,139.5593,0.0000,14.7569
Yirik (50 um),27.984000,5.000000,0.000000,-0.187846,139.8243,0.0000,14.7469
Yirik (50 um),28.037000,5.000000,0.000000,-0.187846,140.0893,0.0000,14.7370
Yirik (50 um),28.090000,5.000000,0.000000,-0.187846,140.3543,0.0000,14.7270
Yirik (50 um),28.143000,5.000000,0.000000,-0.187846,140.6193,0.0000,14.7171
Yirik (50 um),28.196000,5.000000,0.000000,-0.187846,140.8843,0.0000,14.7071
Yirik (50 um),28.249000,5.000000,0.000000,-0.187846,141.1493,0.0000,14.6971
Yirik (50 um),28.302000,5.000000,0.000000,-0.187846,141.4143,0.0000,14.6872
Yirik (50 um),28.355000,5.000000,0.000000,-0.187846,141.6793,0.0000,14.6772
Yirik (50 um),28.408000,5.000000,0.000000,-0.187846,141.9443,0.0000,14.6673
Yirik (50 um),28.461000,5.000000,0.000000,-0.187846,142.2093,0.0000,14.6573
Yirik (50 um),28.514000,5.000000,0.000000,-0.187846,142.4743,0.0000,14.6474
Yirik (50 um),28.567000,5.000000,0.000000,-0.187846,142.7393,0.0000,14.6374
Yirik (50 um),28.620000,5.000000,0.000000,-0.187846,143.0043,0.0000,14.6274
Yirik (50 um),28.673000,5.000000,0.000000,-0.187846,143.2693,0.0000,14.6175
Yirik (50 um),28.726000,5.000000,0.000000,-0.187846,143.5343,0.0000,14.6075
Yirik (50 um),28.779000,5.000000,0.000000,-0.187846,143.7993,0.0000,14.5976
Yirik (50 um),28.832000,5.000000,0.000000,-0.187846,144.0643,0.0000,14.5876
Yirik (50 um),28.885000,5.000000,0.000000,-0.187846,144.3293,0.0000,14.5777
Yirik (50 um),28.938000,5.000000,0.000000,-0.187846,144.5943,0.0000,14.5677
Yirik (50 um),28.991000,5.000000,0.000000,-0.187846,144.8593,0.0000,14.5578
Yirik (50 um),29.044000,5.000000,0.000000,-0.187846,145.1243,0.0000,14.5478
Yirik (50 um),29.097000,5.000000,0.000000,-0.187846,145.3893,0.0000,14.5378
Yirik (50 um),29.150000,5.000000,0.000000,-0.187846,145.6543,0.0000,14.5279
Yirik (50 um),29.203000,5.000000,0.000000,-0.187846,145.9193,0.0000,14.5179
Yirik (50 um),29.256000,5.000000,0.000000,-0.187846,146.1843,0.0000,14.5080
Yirik (50 um),29.309000,5.000000,0.000000,-0.187846,146.4493,0.0000,14.4980
Yirik (50 um),29.362000,5.000000,0.000000,-0.187846,146.7143,0.0000,14.4881
Yirik (50 um),29.415000,5.000000,0.000000,-0.187846,146.9793,0.0000,14.4781
Yirik (50 um),29.468000,5.000000,0.000000,-0.187846,147.2443,0.0000,14.4682
Yirik (50 um),29.521000,5.000000,0.000000,-0.187846,147.5093,0.0000,14.4582
Yirik (50 um),29.574000,5.000000,0.000000,-0.187846,147.7743,0.0000,14.4482
Yirik (50 um),29.627000,5.000000,0.000000,-0.187846,148.0393,0.0000,14.4383
Yirik (50 um),29.680000,5.000000,0.000000,-0.187846,148.3043,0.0000,14.4283
Yirik (50 um),29.733000,5.000000,0.000000,-0.187846,148.5693,0.0000,14.4184
Yirik (50 um),29.786000,5.000000,0.000000,-0.187846,148.8343,0.0000,14.4084
Yirik (50 um),29.839000,5.000000,0.000000,-0.187846,149.0993,0.0000,14.3985
Yirik (50 um),29.892000,5.000000,0.000000,-0.187846,149.3643,0.0000,14.3885
Yirik (50 um),29.945000,5.000000,0.000000,-0.187846,149.6293,0.0000,14.3786
Yirik (50 um),29.998000,5.000000,0.000000,-0.187846,149.8943,0.0000,14.3686
Yirik (50 um),30.051000,5.000000,0.000000,-0.187846,150.1593,0.0000,14.3586
Yirik (50 um),30.104000,5.000000,0.000000,-0.187846,150.4243,0.0000,14.3487
Yirik (50 um),30.157000,5.000000,0.000000,-0.187846,150.6893,0.0000,14.3387
Yirik (50 um),30.210000,5.000000,0.000000,-0.187846,150.9543,0.0000,14.3288
Yirik (50 um),30.263000,5.000000,0.000000,-0.187846,151.2193,0.0000,14.3188
Yirik (50 um),30.316000,5.000000,0.000000,-0.187846,151.4843,0.0000,14.3089
Yirik (50 um),30.369000,5.000000,0.000000,-0.187846,151.7493,0.0000,14.2989
Yirik (50 um),30.422000,5.000000,0.000000,-0.187846,152.0143,0.0000,14.2890
Yirik (50 um),30.475000,5.000000,0.000000,-0.187846,152.2793,0.0000,14.2790
Yirik (50 um),30.528000,5.000000,0.000000,-0.187846,152.5443,0.0000,14.2690
Yirik (50 um),30.581000,5.000000,0.000000,-0.187846,152.8093,0.0000,14.2591
Yirik (50 um),30.634000,5.000000,0.000000,-0.187846,153.0743,0.0000,14.2491
Yirik (50 um),30.687000,5.000000,0.000000,-0.187846,153.3393,0.0000,14.2392
Yirik (50 um),30.740000,5.000000,0.000000,-0.187846,153.6043,0.0000,14.2292
Yirik (50 um),30.793000,5.000000,0.000000,-0.187846,153.8693,0.0000,14.2193
Yirik (50 um),30.846000,5.000000,0.000000,-0.187846,154.1343,0.0000,14.2093
Yirik (50 um),30.899000,5.000000,0.000000,-0.187846,154.3993,0.0000,14.1993
Yirik (50 um),30.952000,5.000000,0.000000,-0.187846,154.6643,0.0000,14.1894
Yirik (50 um),31.005000,5.000000,0.000000,-0.187846,154.9293,0.0000,14.1794
Yirik (50 um),31.058000,5.000000,0.000000,-0.187846,155.1943,0.0000,14.1695
Yirik (50 um),31.111000,5.000000,0.000000,-0.187846,155.4593,0.0000,14.1595
Yirik (50 um),31.164000,5.000000,0.000000,-0.187846,155.7243,0.0000,14.1496
Yirik (50 um),31.217000,5.000000,0.000000,-0.187846,155.9893,0.0000,14.1396
Yirik (50 um),31.270000,5.000000,0.000000,-0.187846,156.2543,0.0000,14.1297
Yirik (50 um),31.323000,5.000000,0.000000,-0.187846,156.5193,0.0000,14.1197
Yirik (50 um),31.376000,5.000000,0.000000,-0.187846,156.7843,0.0000,14.1097
Yirik (50 um),31.429000,5.000000,0.000000,-0.187846,157.0493,0.0000,14.0998
Yirik (50 um),31.482000,5.000000,0.000000,-0.187846,157.3143,0.0000,14.0898
Yirik (50 um),31.535000,5.000000,0.000000,-0.187846,157.5793,0.0000,14.0799
Yirik (50 um),31.588000,5.000000,0.000000,-0.187846,157.8443,0.0000,14.0699
Yirik (50 um),31.641000,5.000000,0.000000,-0.187846,158.1093,0.0000,14.0600
Yirik (50 um),31.694000,5.000000,0.000000,-0.187846,158.3743,0.0000,14.0500
Yirik (50 um),31.747000,5.000000,0.000000,-0.187846,158.6393,0.0000,14.0401
Yirik (50 um),31.800000,5.000000,0.000000,-0.187846,158.9043,0.0000,14.0301
Yirik (50 um),31.853000,5.000000,0.000000,-0.187846,159.1693,0.0000,14.0201
Yirik (50 um),31.906000,5.000000,0.000000,-0.187846,159.4343,0.0000,14.0102
Yirik (50 um),31.959000,5.000000,0.000000,-0.187846,159.6993,0.0000,14.0002
Yirik (50 um),32.012000,5.000000,0.000000,-0.187846,159.9643,0.0000,13.9903
Yirik (50 um),32.065000,5.000000,0.000000,-0.187846,160.2293,0.0000,13.9803
Yirik (50 um),32.118000,5.000000,0.000000,-0.187846,160.4943,0.0000,13.9704
Yirik (50 um),32.171000,5.000000,0.000000,-0.187846,160.7593,0.0000,13.9604
Yirik (50 um),32.224000,5.000000,0.000000,-0.187846,161.0243,0.0000,13.9505
Yirik (50 um),32.277000,5.000000,0.000000,-0.187846,161.2893,0.0000,13.9405
Yirik (50 um),32.330000,5.000000,0.000000,-0.187846,161.5543,0.0000,13.9305
Yirik (50 um),32.383000,5.000000,0.000000,-0.187846,161.8193,0.0000,13.9206
Yirik (50 um),32.436000,5.000000,0.000000,-0.187846,162.0843,0.0000,13.9106
Yirik (50 um),32.489000,5.000000,0.000000,-0.187846,162.3493,0.0000,13.9007
Yirik (50 um),32.542000,5.000000,0.000000,-0.187846,162.6143,0.0000,13.8907
Yirik (50 um),32.595000,5.000000,0.000000,-0.187846,162.8793,0.0000,13.8808
Yirik (50 um),32.648000,5.000000,0.000000,-0.187846,163.1443,0.0000,13.8708
Yirik (50 um),32.701000,5.000000,0.000000,-0.187846,163.4093,0.0000,13.8609
Yirik (50 um),32.754000,5.000000,0.000000,-0.187846,163.6743,0.0000,13.8509
Yirik (50 um),32.807000,5.000000,0.000000,-0.187846,163.9393,0.0000,13.8409
Yirik (50 um),32.860000,5.000000,0.000000,-0.187846,164.2043,0.0000,13.8310
Yirik (50 um),32.913000,5.000000,0.000000,-0.187846,164.4693,0.0000,13.8210
Yirik (50 um),32.966000,5.000000,0.000000,-0.187846,164.7343,0.0000,13.8111
Yirik (50 um),33.019000,5.000000,0.000000,-0.187846,164.9993,0.0000,13.8011
Yirik (50 um),33.072000,5.000000,0.000000,-0.187846,165.2643,0.0000,13.7912
Yirik (50 um),33.125000,5.000000,0.000000,-0.187846,165.5293,0.0000,13.7812
Yirik (50 um),33.178000,5.000000,0.000000,-0.187846,165.7943,0.0000,13.7712
Yirik (50 um),33.231000,5.000000,0.000000,-0.187846,166.0593,0.0000,13.7613
Yirik (50 um),33.284000,5.000000,0.000000,-0.187846,166.3243,0.0000,13.7513
Yirik (50 um),33.337000,5.000000,0.000000,-0.187846,166.5893,0.0000,13.7414
Yirik (50 um),33.390000,5.000000,0.000000,-0.187846,166.8543,0.0000,13.7314
Yirik (50 um),33.443000,5.000000,0.000000,-0.187846,167.1193,0.0000,13.7215
Yirik (50 um),33.496000,5.000000,0.000000,-0.187846,167.3843,0.0000,13.7115
Yirik (50 um),33.549000,5.000000,0.000000,-0.187846,167.6493,0.0000,13.7016
Yirik (50 um),33.602000,5.000000,0.000000,-0.187846,167.9143,0.0000,13.6916
Yirik (50 um),33.655000,5.000000,0.000000,-0.187846,168.1793,0.0000,13.6816
Yirik (50 um),33.708000,5.000000,0.000000,-0.187846,168.4443,0.0000,13.6717
Yirik (50 um),33.761000,5.000000,0.000000,-0.187846,168.7093,0.0000,13.6617
Yirik (50 um),33.814000,5.000000,0.000000,-0.187846,168.9743,0.0000,13.6518
Yirik (50 um),33.867000,5.000000,0.000000,-0.187846,169.2393,0.0000,13.6418
Yirik (50 um),33.920000,5.000000,0.000000,-0.187846,169.5043,0.0000,13.6319
Yirik (50 um),33.973000,5.000000,0.000000,-0.187846,169.7693,0.0000,13.6219
Yirik (50 um),34.026000,5.000000,0.000000,-0.187846,170.0343,0.0000,13.6120
Yirik (50 um),34.079000,5.000000,0.000000,-0.187846,170.2993,0.0000,13.6020
Yirik (50 um),34.132000,5.000000,0.000000,-0.187846,170.5643,0.0000,13.5920
Yirik (50 um),34.185000,5.000000,0.000000,-0.187846,170.8293,0.0000,13.5821
Yirik (50 um),34.238000,5.000000,0.000000,-0.187846,171.0943,0.0000,13.5721
Yirik (50 um),34.291000,5.000000,0.000000,-0.187846,171.3593,0.0000,13.5622
Yirik (50 um),34.344000,5.000000,0.000000,-0.187846,171.6243,0.0000,13.5522
Yirik (50 um),34.397000,5.000000,0.000000,-0.187846,171.8893,0.0000,13.5423
Yirik (50 um),34.450000,5.000000,0.000000,-0.187846,172.1543,0.0000,13.5323
Yirik (50 um),34.503000,5.000000,0.000000,-0.187846,172.4193,0.0000,13.5224
Yirik (50 um),34.556000,5.000000,0.000000,-0.187846,172.6843,0.0000,13.5124
Yirik (50 um),34.609000,5.000000,0.000000,-0.187846,172.9493,0.0000,13.5024
Yirik (50 um),34.662000,5.000000,0.000000,-0.187846,173.2143,0.0000,13.4925
Yirik (50 um),34.715000,5.000000,0.000000,-0.187846,173.4793,0.0000,13.4825
Yirik (50 um),34.768000,5.000000,0.000000,-0.187846,173.7443,0.0000,13.4726
Yirik (50 um),34.821000,5.000000,0.000000,-0.187846,174.0093,0.0000,13.4626
Yirik (50 um),34.874000,5.000000,0.000000,-0.187846,174.2743,0.0000,13.4527
Yirik (50 um),34.927000,5.000000,0.000000,-0.187846,174.5393,0.0000,13.4427
Yirik (50 um),34.980000,5.000000,0.000000,-0.187846,174.8043,0.0000,13.4327
Yirik (50 um),35.033000,5.000000,0.000000,-0.187846,175.0693,0.0000,13.4228
Yirik (50 um),35.086000,5.000000,0.000000,-0.187846,175.3343,0.0000,13.4128
Yirik (50 um),35.139000,5.000000,0.000000,-0.187846,175.5993,0.0000,13.4029
Yirik (50 um),35.192000,5.000000,0.000000,-0.187846,175.8643,0.0000,13.3929
Yirik (50 um),35.245000,5.000000,0.000000,-0.187846,176.1293,0.0000,13.3830
Yirik (50 um),35.298000,5.000000,0.000000,-0.187846,176.3943,0.0000,13.3730
Yirik (50 um),35.351000,5.000000,0.000000,-0.187846,176.6593,0.0000,13.3631
Yirik (50 um),35.404000,5.000000,0.000000,-0.187846,176.9243,0.0000,13.3531
Yirik (50 um),35.457000,5.000000,0.000000,-0.187846,177.1893,0.0000,13.3431
Yirik (50 um),35.510000,5.000000,0.000000,-0.187846,177.4543,0.0000,13.3332
Yirik (50 um),35.563000,5.000000,0.000000,-0.187846,177.7193,0.0000,13.3232
Yirik (50 um),35.616000,5.000000,0.000000,-0.187846,177.9843,0.0000,13.3133
Yirik (50 um),35.669000,5.000000,0.000000,-0.187846,178.2493,0.0000,13.3033
Yirik (50 um),35.722000,5.000000,0.000000,-0.187846,178.5143,0.0000,13.2934
Yirik (50 um),35.775000,5.000000,0.000000,-0.187846,178.7793,0.0000,13.2834
Yirik (50 um),35.828000,5.000000,0.000000,-0.187846,179.0443,0.0000,13.2735
Yirik (50 um),35.881000,5.000000,0.000000,-0.187846,179.3093,0.0000,13.2635
Yirik (50 um),35.934000,5.000000,0.000000,-0.187846,179.5743,0.0000,13.2535
Yirik (50 um),35.987000,5.000000,0.000000,-0.187846,179.8393,0.0000,13.2436
Yirik (50 um),36.040000,5.000000,0.000000,-0.187846,180.1043,0.0000,13.2336
Yirik (50 um),36.093000,5.000000,0.000000,-0.187846,180.3693,0.0000,13.2237
Yirik (50 um),36.146000,5.000000,0.000000,-0.187846,180.6343,0.0000,13.2137
Yirik (50 um),36.199000,5.000000,0.000000,-0.187846,180.8993,0.0000,13.2038
Yirik (50 um),36.252000,5.000000,0.000000,-0.187846,181.1643,0.0000,13.1938
Yirik (50 um),36.305000,5.000000,0.000000,-0.187846,181.4293,0.0000,13.1839
Yirik (50 um),36.358000,5.000000,0.000000,-0.187846,181.6943,0.0000,13.1739
Yirik (50 um),36.411000,5.000000,0.000000,-0.187846,181.9593,0.0000,13.1639
Yirik (50 um),36.464000,5.000000,0.000000,-0.187846,182.2243,0.0000,13.1540
Yirik (50 um),36.517000,5.000000,0.000000,-0.187846,182.4893,0.0000,13.1440
Yirik (50 um),36.570000,5.000000,0.000000,-0.187846,182.7543,0.0000,13.1341
Yirik (50 um),36.623000,5.000000,0.000000,-0.187846,183.0193,0.0000,13.1241
Yirik (50 um),36.676000,5.000000,0.000000,-0.187846,183.2843,0.0000,13.1142
Yirik (50 um),36.729000,5.000000,0.000000,-0.187846,183.5493,0.0000,13.1042
Yirik (50 um),36.782000,5.000000,0.000000,-0.187846,183.8143,0.0000,13.0943
Yirik (50 um),36.835000,5.000000,0.000000,-0.187846,184.0793,0.0000,13.0843
Yirik (50 um),36.888000,5.000000,0.000000,-0.187846,184.3443,0.0000,13.0743
Yirik (50 um),36.941000,5.000000,0.000000,-0.187846,184.6093,0.0000,13.0644
Yirik (50 um),36.994000,5.000000,0.000000,-0.187846,184.8743,0.0000,13.0544
Yirik (50 um),37.047000,5.000000,0.000000,-0.187846,185.1393,0.0000,13.0445
Yirik (50 um),37.100000,5.000000,0.000000,-0.187846,185.4043,0.0000,13.0345
Yirik (50 um),37.153000,5.000000,0.000000,-0.187846,185.6693,0.0000,13.0246
Yirik (50 um),37.206000,5.000000,0.000000,-0.187846,185.9343,0.0000,13.0146
Yirik (50 um),37.259000,5.000000,0.000000,-0.187846,186.1993,0.0000,13.0046
Yirik (50 um),37.312000,5.000000,0.000000,-0.187846,186.4643,0.0000,12.9947
Yirik (50 um),37.365000,5.000000,0.000000,-0.187846,186.7293,0.0000,12.9847
Yirik (50 um),37.418000,5.000000,0.000000,-0.187846,186.9943,0.0000,12.9748
Yirik (50 um),37.471000,5.000000,0.000000,-0.187846,187.2593,0.0000,12.9648
Yirik (50 um),37.524000,5.000000,0.000000,-0.187846,187.5243,0.0000,12.9549
Yirik (50 um),37.577000,5.000000,0.000000,-0.187846,187.7893,0.0000,12.9449
Yirik (50 um),37.630000,5.000000,0.000000,-0.187846,188.0543,0.0000,12.9350
Yirik (50 um),37.683000,5.000000,0.000000,-0.187846,188.3193,0.0000,12.9250
Yirik (50 um),37.736000,5.000000,0.000000,-0.187846,188.5843,0.0000,12.9150
Yirik (50 um),37.789000,5.000000,0.000000,-0.187846,188.8493,0.0000,12.9051
Yirik (50 um),37.842000,5.000000,0.000000,-0.187846,189.1143,0.0000,12.8951
Yirik (50 um),37.895000,5.000000,0.000000,-0.187846,189.3793,0.0000,12.8852
Yirik (50 um),37.948000,5.000000,0.000000,-0.187846,189.6443,0.0000,12.8752
Yirik (50 um),38.001000,5.000000,0.000000,-0.187846,189.9093,0.0000,12.8653
Yirik (50 um),38.054000,5.000000,0.000000,-0.187846,190.1743,0.0000,12.8553
Yirik (50 um),38.107000,5.000000,0.000000,-0.187846,190.4393,0.0000,12.8454
Yirik (50 um),38.160000,5.000000,0.000000,-0.187846,190.7043,0.0000,12.8354
Yirik (50 um),38.213000,5.000000,0.000000,-0.187846,190.9693,0.0000,12.8254
Yirik (50 um),38.266000,5.000000,0.000000,-0.187846,191.2343,0.0000,12.8155
Yirik (50 um),38.319000,5.000000,0.000000,-0.187846,191.4993,0.0000,12.8055
Yirik (50 um),38.372000,5.000000,0.000000,-0.187846,191.7643,0.0000,12.7956
Yirik (50 um),38.425000,5.000000,0.000000,-0.187846,192.0293,0.0000,12.7856
Yirik (50 um),38.478000,5.000000,0.000000,-0.187846,192.2943,0.0000,12.7757
Yirik (50 um),38.531000,5.000000,0.000000,-0.187846,192.5593,0.0000,12.7657
Yirik (50 um),38.584000,5.000000,0.000000,-0.187846,192.8243,0.0000,12.7558
Yirik (50 um),38.637000,5.000000,0.000000,-0.187846,193.0893,0.0000,12.7458
Yirik (50 um),38.690000,5.000000,0.000000,-0.187846,193.3543,0.0000,12.7358
Yirik (50 um),38.743000,5.000000,0.000000,-0.187846,193.6193,0.0000,12.7259
Yirik (50 um),38.796000,5.000000,0.000000,-0.187846,193.8843,0.0000,12.7159
Yirik (50 um),38.849000,5.000000,0.000000,-0.187846,194.1493,0.0000,12.7060
Yirik (50 um),38.902000,5.000000,0.000000,-0.187846,194.4143,0.0000,12.6960
Yirik (50 um),38.955000,5.000000,0.000000,-0.187846,194.6793,0.0000,12.6861
Yirik (50 um),39.008000,5.000000,0.000000,-0.187846,194.9443,0.0000,12.6761
Yirik (50 um),39.061000,5.000000,0.000000,-0.187846,195.2093,0.0000,12.6662
Yirik (50 um),39.114000,5.000000,0.000000,-0.187846,195.4743,0.0000,12.6562
Yirik (50 um),39.167000,5.000000,0.000000,-0.187846,195.7393,0.0000,12.6462
Yirik (50 um),39.220000,5.000000,0.000000,-0.187846,196.0043,0.0000,12.6363
Yirik (50 um),39.273000,5.000000,0.000000,-0.187846,196.2693,0.0000,12.6263
Yirik (50 um),39.326000,5.000000,0.000000,-0.187846,196.5343,0.0000,12.6164
Yirik (50 um),39.379000,5.000000,0.000000,-0.187846,196.7993,0.0000,12.6064
Yirik (50 um),39.432000,5.000000,0.000000,-0.187846,197.0643,0.0000,12.5965
Yirik (50 um),39.485000,5.000000,0.000000,-0.187846,197.3293,0.0000,12.5865
Yirik (50 um),39.538000,5.000000,0.000000,-0.187846,197.5943,0.0000,12.5765
Yirik (50 um),39.591000,5.000000,0.000000,-0.187846,197.8593,0.0000,12.5666
Yirik (50 um),39.644000,5.000000,0.000000,-0.187846,198.1243,0.0000,12.5566
Yirik (50 um),39.697000,5.000000,0.000000,-0.187846,198.3893,0.0000,12.5467
Yirik (50 um),39.750000,5.000000,0.000000,-0.187846,198.6543,0.0000,12.5367
Yirik (50 um),39.803000,5.000000,0.000000,-0.187846,198.9193,0.0000,12.5268
Yirik (50 um),39.856000,5.000000,0.000000,-0.187846,199.1843,0.0000,12.5168
Yirik (50 um),39.909000,5.000000,0.000000,-0.187846,199.4493,0.0000,12.5069
Yirik (50 um),39.962000,5.000000,0.000000,-0.187846,199.7143,0.0000,12.4969
Yirik (50 um),40.015000,5.000000,0.000000,-0.187846,199.9793,0.0000,12.4869
Yirik (50 um),40.068000,5.000000,0.000000,-0.187846,200.2443,0.0000,12.4770
Yirik (50 um),40.121000,5.000000,0.000000,-0.187846,200.5093,0.0000,12.4670
Yirik (50 um),40.174000,5.000000,0.000000,-0.187846,200.7743,0.0000,12.4571
Yirik (50 um),40.227000,5.000000,0.000000,-0.187846,201.0393,0.0000,12.4471
Yirik (50 um),40.280000,5.000000,0.000000,-0.187846,201.3043,0.0000,12.4372
Yirik (50 um),40.333000,5.000000,0.000000,-0.187846,201.5693,0.0000,12.4272
Yirik (50 um),40.386000,5.000000,0.000000,-0.187846,201.8343,0.0000,12.4173
Yirik (50 um),40.439000,5.000000,0.000000,-0.187846,202.0993,0.0000,12.4073
Yirik (50 um),40.492000,5.000000,0.000000,-0.187846,202.3643,0.0000,12.3973
Yirik (50 um),40.545000,5.000000,0.000000,-0.187846,202.6293,0.0000,12.3874
Yirik (50 um),40.598000,5.000000,0.000000,-0.187846,202.8943,0.0000,12.3774
Yirik (50 um),40.651000,5.000000,0.000000,-0.187846,203.1593,0.0000,12.3675
Yirik (50 um),40.704000,5.000000,0.000000,-0.187846,203.4243,0.0000,12.3575
Yirik (50 um),40.757000,5.000000,0.000000,-0.187846,203.6893,0.0000,12.3476
Yirik (50 um),40.810000,5.000000,0.000000,-0.187846,203.9543,0.0000,12.3376
Yirik (50 um),40.863000,5.000000,0.000000,-0.187846,204.2193,0.0000,12.3277
Yirik (50 um),40.916000,5.000000,0.000000,-0.187846,204.4843,0.0000,12.3177
Yirik (50 um),40.969000,5.000000,0.000000,-0.187846,204.7493,0.0000,12.3077
Yirik (50 um),41.022000,5.000000,0.000000,-0.187846,205.0143,0.0000,12.2978
Yirik (50 um),41.075000,5.000000,0.000000,-0.187846,205.2793,0.0000,12.2878
Yirik (50 um),41.128000,5.000000,0.000000,-0.187846,205.5443,0.0000,12.2779
Yirik (50 um),41.181000,5.000000,0.000000,-0.187846,205.8093,0.0000,12.2679
Yirik (50 um),41.234000,5.000000,0.000000,-0.187846,206.0743,0.0000,12.2580
Yirik (50 um),41.287000,5.000000,0.000000,-0.187846,206.3393,0.0000,12.2480
Yirik (50 um),41.340000,5.000000,0.000000,-0.187846,206.6043,0.0000,12.2381
Yirik (50 um),41.393000,5.000000,0.000000,-0.187846,206.8693,0.0000,12.2281
Yirik (50 um),41.446000,5.000000,0.000000,-0.187846,207.1343,0.0000,12.2181
Yirik (50 um),41.499000,5.000000,0.000000,-0.187846,207.3993,0.0000,12.2082
Yirik (50 um),41.552000,5.000000,0.000000,-0.187846,207.6643,0.0000,12.1982
Yirik (50 um),41.605000,5.000000,0.000000,-0.187846,207.9293,0.0000,12.1883
Yirik (50 um),41.658000,5.000000,0.000000,-0.187846,208.1943,0.0000,12.1783
Yirik (50 um),41.711000,5.000000,0.000000,-0.187846,208.4593,0.0000,12.1684
Yirik (50 um),41.764000,5.000000,0.000000,-0.187846,208.7243,0.0000,12.1584
Yirik (50 um),41.817000,5.000000,0.000000,-0.187846,208.9893,0.0000,12.1484
Yirik (50 um),41.870000,5.000000,0.000000,-0.187846,209.2543,0.0000,12.1385
Yirik (50 um),41.923000,5.000000,0.000000,-0.187846,209.5193,0.0000,12.1285
Yirik (50 um),41.976000,5.000000,0.000000,-0.187846,209.7843,0.0000,12.1186
Yirik (50 um),42.029000,5.000000,0.000000,-0.187846,210.0493,0.0000,12.1086
Yirik (50 um),42.082000,5.000000,0.000000,-0.187846,210.3143,0.0000,12.0987
Yirik (50 um),42.135000,5.000000,0.000000,-0.187846,210.5793,0.0000,12.0887
Yirik (50 um),42.188000,5.000000,0.000000,-0.187846,210.8443,0.0000,12.0788
Yirik (50 um),42.241000,5.000000,0.000000,-0.187846,211.1093,0.0000,12.0688
Yirik (50 um),42.294000,5.000000,0.000000,-0.187846,211.3743,0.0000,12.0588
Yirik (50 um),42.347000,5.000000,0.000000,-0.187846,211.6393,0.0000,12.0489
Yirik (50 um),42.400000,5.000000,0.000000,-0.187846,211.9043,0.0000,12.0389
Yirik (50 um),42.453000,5.000000,0.000000,-0.187846,212.1693,0.0000,12.0290
Yirik (50 um),42.506000,5.000000,0.000000,-0.187846,212.4343,0.0000,12.0190
Yirik (50 um),42.559000,5.000000,0.000000,-0.187846,212.6993,0.0000,12.0091
Yirik (50 um),42.612000,5.000000,0.000000,-0.187846,212.9643,0.0000,11.9991
Yirik (50 um),42.665000,5.000000,0.000000,-0.187846,213.2293,0.0000,11.9892
Yirik (50 um),42.718000,5.000000,0.000000,-0.187846,213.4943,0.0000,11.9792
Yirik (50 um),42.771000,5.000000,0.000000,-0.187846,213.7593,0.0000,11.9692
Yirik (50 um),42.824000,5.000000,0.000000,-0.187846,214.0243,0.0000,11.9593
Yirik (50 um),42.877000,5.000000,0.000000,-0.187846,214.2893,0.0000,11.9493
Yirik (50 um),42.930000,5.000000,0.000000,-0.187846,214.5543,0.0000,11.9394
Yirik (50 um),42.983000,5.000000,0.000000,-0.187846,214.8193,0.0000,11.9294
Yirik (50 um),43.036000,5.000000,0.000000,-0.187846,215.0843,0.0000,11.9195
Yirik (50 um),43.089000,5.000000,0.000000,-0.187846,215.3493,0.0000,11.9095
Yirik (50 um),43.142000,5.000000,0.000000,-0.187846,215.6143,0.0000,11.8996
Yirik (50 um),43.195000,5.000000,0.000000,-0.187846,215.8793,0.0000,11.8896
Yirik (50 um),43.248000,5.000000,0.000000,-0.187846,216.1443,0.0000,11.8796
Yirik (50 um),43.301000,5.000000,0.000000,-0.187846,216.4093,0.0000,11.8697
Yirik (50 um),43.354000,5.000000,0.000000,-0.187846,216.6743,0.0000,11.8597
Yirik (50 um),43.407000,5.000000,0.000000,-0.187846,216.9393,0.0000,11.8498
Yirik (50 um),43.460000,5.000000,0.000000,-0.187846,217.2043,0.0000,11.8398
Yirik (50 um),43.513000,5.000000,0.000000,-0.187846,217.4693,0.0000,11.8299
Yirik (50 um),43.566000,5.000000,0.000000,-0.187846,217.7343,0.0000,11.8199
Yirik (50 um),43.619000,5.000000,0.000000,-0.187846,217.9993,0.0000,11.8099
Yirik (50 um),43.672000,5.000000,0.000000,-0.187846,218.2643,0.0000,11.8000
Yirik (50 um),43.725000,5.000000,0.000000,-0.187846,218.5293,0.0000,11.7900
Yirik (50 um),43.778000,5.000000,0.000000,-0.187846,218.7943,0.0000,11.7801
Yirik (50 um),43.831000,5.000000,0.000000,-0.187846,219.0593,0.0000,11.7701
Yirik (50 um),43.884000,5.000000,0.000000,-0.187846,219.3243,0.0000,11.7602
Yirik (50 um),43.937000,5.000000,0.000000,-0.187846,219.5893,0.0000,11.7502
Yirik (50 um),43.990000,5.000000,0.000000,-0.187846,219.8543,0.0000,11.7403
Yirik (50 um),44.043000,5.000000,0.000000,-0.187846,220.1193,0.0000,11.7303
Yirik (50 um),44.096000,5.000000,0.000000,-0.187846,220.3843,0.0000,11.7203
Yirik (50 um),44.149000,5.000000,0.000000,-0.187846,220.6493,0.0000,11.7104
Yirik (50 um),44.202000,5.000000,0.000000,-0.187846,220.9143,0.0000,11.7004
Yirik (50 um),44.255000,5.000000,0.000000,-0.187846,221.1793,0.0000,11.6905
Yirik (50 um),44.308000,5.000000,0.000000,-0.187846,221.4443,0.0000,11.6805
Yirik (50 um),44.361000,5.000000,0.000000,-0.187846,221.7093,0.0000,11.6706
Yirik (50 um),44.414000,5.000000,0.000000,-0.187846,221.9743,0.0000,11.6606
Yirik (50 um),44.467000,5.000000,0.000000,-0.187846,222.2393,0.0000,11.6507
Yirik (50 um),44.520000,5.000000,0.000000,-0.187846,222.5043,0.0000,11.6407
Yirik (50 um),44.573000,5.000000,0.000000,-0.187846,222.7693,0.0000,11.6307
Yirik (50 um),44.626000,5.000000,0.000000,-0.187846,223.0343,0.0000,11.6208
Yirik (50 um),44.679000,5.000000,0.000000,-0.187846,223.2993,0.0000,11.6108
Yirik (50 um),44.732000,5.000000,0.000000,-0.187846,223.5643,0.0000,11.6009
Yirik (50 um),44.785000,5.000000,0.000000,-0.187846,223.8293,0.0000,11.5909
Yirik (50 um),44.838000,5.000000,0.000000,-0.187846,224.0943,0.0000,11.5810
Yirik (50 um),44.891000,5.000000,0.000000,-0.187846,224.3593,0.0000,11.5710
Yirik (50 um),44.944000,5.000000,0.000000,-0.187846,224.6243,0.0000,11.5611
Yirik (50 um),44.997000,5.000000,0.000000,-0.187846,224.8893,0.0000,11.5511
Yirik (50 um),45.050000,5.000000,0.000000,-0.187846,225.1543,0.0000,11.5411
Yirik (50 um),45.103000,5.000000,0.000000,-0.187846,225.4193,0.0000,11.5312
Yirik (50 um),45.156000,5.000000,0.000000,-0.187846,225.6843,0.0000,11.5212
Yirik (50 um),45.209000,5.000000,0.000000,-0.187846,225.9493,0.0000,11.5113
Yirik (50 um),45.262000,5.000000,0.000000,-0.187846,226.2143,0.0000,11.5013
Yirik (50 um),45.315000,5.000000,0.000000,-0.187846,226.4793,0.0000,11.4914
Yirik (50 um),45.368000,5.000000,0.000000,-0.187846,226.7443,0.0000,11.4814
Yirik (50 um),45.421000,5.000000,0.000000,-0.187846,227.0093,0.0000,11.4715
Yirik (50 um),45.474000,5.000000,0.000000,-0.187846,227.2743,0.0000,11.4615
Yirik (50 um),45.527000,5.000000,0.000000,-0.187846,227.5393,0.0000,11.4515
Yirik (50 um),45.580000,5.000000,0.000000,-0.187846,227.8043,0.0000,11.4416
Yirik (50 um),45.633000,5.000000,0.000000,-0.187846,228.0693,0.0000,11.4316
Yirik (50 um),45.686000,5.000000,0.000000,-0.187846,228.3343,0.0000,11.4217
Yirik (50 um),45.739000,5.000000,0.000000,-0.187846,228.5993,0.0000,11.4117
Yirik (50 um),45.792000,5.000000,0.000000,-0.187846,228.8643,0.0000,11.4018
Yirik (50 um),45.845000,5.000000,0.000000,-0.187846,229.1293,0.0000,11.3918
Yirik (50 um),45.898000,5.000000,0.000000,-0.187846,229.3943,0.0000,11.3818
Yirik (50 um),45.951000,5.000000,0.000000,-0.187846,229.6593,0.0000,11.3719
Yirik (50 um),46.004000,5.000000,0.000000,-0.187846,229.9243,0.0000,11.3619
Yirik (50 um),46.057000,5.000000,0.000000,-0.187846,230.1893,0.0000,11.3520
Yirik (50 um),46.110000,5.000000,0.000000,-0.187846,230.4543,0.0000,11.3420
Yirik (50 um),46.163000,5.000000,0.000000,-0.187846,230.7193,0.0000,11.3321
Yirik (50 um),46.216000,5.000000,0.000000,-0.187846,230.9843,0.0000,11.3221
Yirik (50 um),46.269000,5.000000,0.000000,-0.187846,231.2493,0.0000,11.3122
Yirik (50 um),46.322000,5.000000,0.000000,-0.187846,231.5143,0.0000,11.3022
Yirik (50 um),46.375000,5.000000,0.000000,-0.187846,231.7793,0.0000,11.2922
Yirik (50 um),46.428000,5.000000,0.000000,-0.187846,232.0443,0.0000,11.2823
Yirik (50 um),46.481000,5.000000,0.000000,-0.187846,232.3093,0.0000,11.2723
Yirik (50 um),46.534000,5.000000,0.000000,-0.187846,232.5743,0.0000,11.2624
Yirik (50 um),46.587000,5.000000,0.000000,-0.187846,232.8393,0.0000,11.2524
Yirik (50 um),46.640000,5.000000,0.000000,-0.187846,233.1043,0.0000,11.2425
Yirik (50 um),46.693000,5.000000,0.000000,-0.187846,233.3693,0.0000,11.2325
Yirik (50 um),46.746000,5.000000,0.000000,-0.187846,233.6343,0.0000,11.2226
Yirik (50 um),46.799000,5.000000,0.000000,-0.187846,233.8993,0.0000,11.2126
Yirik (50 um),46.852000,5.000000,0.000000,-0.187846,234.1643,0.0000,11.2026
Yirik (50 um),46.905000,5.000000,0.000000,-0.187846,234.4293,0.0000,11.1927
Yirik (50 um),46.958000,5.000000,0.000000,-0.187846,234.6943,0.0000,11.1827
Yirik (50 um),47.011000,5.000000,0.000000,-0.187846,234.9593,0.0000,11.1728
Yirik (50 um),47.064000,5.000000,0.000000,-0.187846,235.2243,0.0000,11.1628
Yirik (50 um),47.117000,5.000000,0.000000,-0.187846,235.4893,0.0000,11.1529
Yirik (50 um),47.170000,5.000000,0.000000,-0.187846,235.7543,0.0000,11.1429
Yirik (50 um),47.223000,5.000000,0.000000,-0.187846,236.0193,0.0000,11.1330
Yirik (50 um),47.276000,5.000000,0.000000,-0.187846,236.2843,0.0000,11.1230
Yirik (50 um),47.329000,5.000000,0.000000,-0.187846,236.5493,0.0000,11.1130
Yirik (50 um),47.382000,5.000000,0.000000,-0.187846,236.8143,0.0000,11.1031
Yirik (50 um),47.435000,5.000000,0.000000,-0.187846,237.0793,0.0000,11.0931
Yirik (50 um),47.488000,5.000000,0.000000,-0.187846,237.3443,0.0000,11.0832
Yirik (50 um),47.541000,5.000000,0.000000,-0.187846,237.6093,0.0000,11.0732
Yirik (50 um),47.594000,5.000000,0.000000,-0.187846,237.8743,0.0000,11.0633
Yirik (50 um),47.647000,5.000000,0.000000,-0.187846,238.1393,0.0000,11.0533
Yirik (50 um),47.700000,5.000000,0.000000,-0.187846,238.4043,0.0000,11.0434
Yirik (50 um),47.753000,5.000000,0.000000,-0.187846,238.6693,0.0000,11.0334
Yirik (50 um),47.806000,5.000000,0.000000,-0.187846,238.9343,0.0000,11.0234
Yirik (50 um),47.859000,5.000000,0.000000,-0.187846,239.1993,0.0000,11.0135
Yirik (50 um),47.912000,5.000000,0.000000,-0.187846,239.4643,0.0000,11.0035
Yirik (50 um),47.965000,5.000000,0.000000,-0.187846,239.7293,0.0000,10.9936
Yirik (50 um),48.018000,5.000000,0.000000,-0.187846,239.9943,0.0000,10.9836
Yirik (50 um),48.071000,5.000000,0.000000,-0.187846,240.2593,0.0000,10.9737
Yirik (50 um),48.124000,5.000000,0.000000,-0.187846,240.5243,0.0000,10.9637
Yirik (50 um),48.177000,5.000000,0.000000,-0.187846,240.7893,0.0000,10.9537
Yirik (50 um),48.230000,5.000000,0.000000,-0.187846,241.0543,0.0000,10.9438
Yirik (50 um),48.283000,5.000000,0.000000,-0.187846,241.3193,0.0000,10.9338
Yirik (50 um),48.336000,5.000000,0.000000,-0.187846,241.5843,0.0000,10.9239
Yirik (50 um),48.389000,5.000000,0.000000,-0.187846,241.8493,0.0000,10.9139
Yirik (50 um),48.442000,5.000000,0.000000,-0.187846,242.1143,0.0000,10.9040
Yirik (50 um),48.495000,5.000000,0.000000,-0.187846,242.3793,0.0000,10.8940
Yirik (50 um),48.548000,5.000000,0.000000,-0.187846,242.6443,0.0000,10.8841
Yirik (50 um),48.601000,5.000000,0.000000,-0.187846,242.9093,0.0000,10.8741
Yirik (50 um),48.654000,5.000000,0.000000,-0.187846,243.1743,0.0000,10.8641
Yirik (50 um),48.707000,5.000000,0.000000,-0.187846,243.4393,0.0000,10.8542
Yirik (50 um),48.760000,5.000000,0.000000,-0.187846,243.7043,0.0000,10.8442
Yirik (50 um),48.813000,5.000000,0.000000,-0.187846,243.9693,0.0000,10.8343
Yirik (50 um),48.866000,5.000000,0.000000,-0.187846,244.2343,0.0000,10.8243
Yirik (50 um),48.919000,5.000000,0.000000,-0.187846,244.4993,0.0000,10.8144
Yirik (50 um),48.972000,5.000000,0.000000,-0.187846,244.7643,0.0000,10.8044
Yirik (50 um),49.025000,5.000000,0.000000,-0.187846,245.0293,0.0000,10.7945
Yirik (50 um),49.078000,5.000000,0.000000,-0.187846,245.2943,0.0000,10.7845
Yirik (50 um),49.131000,5.000000,0.000000,-0.187846,245.5593,0.0000,10.7745
Yirik (50 um),49.184000,5.000000,0.000000,-0.187846,245.8243,0.0000,10.7646
Yirik (50 um),49.237000,5.000000,0.000000,-0.187846,246.0893,0.0000,10.7546
Yirik (50 um),49.290000,5.000000,0.000000,-0.187846,246.3543,0.0000,10.7447
Yirik (50 um),49.343000,5.000000,0.000000,-0.187846,246.6193,0.0000,10.7347
Yirik (50 um),49.396000,5.000000,0.000000,-0.187846,246.8843,0.0000,10.7248
Yirik (50 um),49.449000,5.000000,0.000000,-0.187846,247.1493,0.0000,10.7148
Yirik (50 um),49.502000,5.000000,0.000000,-0.187846,247.4143,0.0000,10.7049
Yirik (50 um),49.555000,5.000000,0.000000,-0.187846,247.6793,0.0000,10.6949
Yirik (50 um),49.608000,5.000000,0.000000,-0.187846,247.9443,0.0000,10.6849
Yirik (50 um),49.661000,5.000000,0.000000,-0.187846,248.2093,0.0000,10.6750
Yirik (50 um),49.714000,5.000000,0.000000,-0.187846,248.4743,0.0000,10.6650
Yirik (50 um),49.767000,5.000000,0.000000,-0.187846,248.7393,0.0000,10.6551
Yirik (50 um),49.820000,5.000000,0.000000,-0.187846,249.0043,0.0000,10.6451
Yirik (50 um),49.873000,5.000000,0.000000,-0.187846,249.2693,0.0000,10.6352
Yirik (50 um),49.926000,5.000000,0.000000,-0.187846,249.5343,0.0000,10.6252
Yirik (50 um),49.979000,5.000000,0.000000,-0.187846,249.7993,0.0000,10.6153
Yirik (50 um),50.032000,5.000000,0.000000,-0.187846,250.0643,0.0000,10.6053
Yirik (50 um),50.085000,5.000000,0.000000,-0.187846,250.3293,0.0000,10.5953
Yirik (50 um),50.138000,5.000000,0.000000,-0.187846,250.5943,0.0000,10.5854
Yirik (50 um),50.191000,5.000000,0.000000,-0.187846,250.8593,0.0000,10.5754
Yirik (50 um),50.244000,5.000000,0.000000,-0.187846,251.1243,0.0000,10.5655
Yirik (50 um),50.297000,5.000000,0.000000,-0.187846,251.3893,0.0000,10.5555
Yirik (50 um),50.350000,5.000000,0.000000,-0.187846,251.6543,0.0000,10.5456
Yirik (50 um),50.403000,5.000000,0.000000,-0.187846,251.9193,0.0000,10.5356
Yirik (50 um),50.456000,5.000000,0.000000,-0.187846,252.1843,0.0000,10.5256
Yirik (50 um),50.509000,5.000000,0.000000,-0.187846,252.4493,0.0000,10.5157
Yirik (50 um),50.562000,5.000000,0.000000,-0.187846,252.7143,0.0000,10.5057
Yirik (50 um),50.615000,5.000000,0.000000,-0.187846,252.9793,0.0000,10.4958
Yirik (50 um),50.668000,5.000000,0.000000,-0.187846,253.2443,0.0000,10.4858
Yirik (50 um),50.721000,5.000000,0.000000,-0.187846,253.5093,0.0000,10.4759
Yirik (50 um),50.774000,5.000000,0.000000,-0.187846,253.7743,0.0000,10.4659
Yirik (50 um),50.827000,5.000000,0.000000,-0.187846,254.0393,0.0000,10.4560
Yirik (50 um),50.880000,5.000000,0.000000,-0.187846,254.3043,0.0000,10.4460
Yirik (50 um),50.933000,5.000000,0.000000,-0.187846,254.5693,0.0000,10.4360
Yirik (50 um),50.986000,5.000000,0.000000,-0.187846,254.8343,0.0000,10.4261
Yirik (50 um),51.039000,5.000000,0.000000,-0.187846,255.0993,0.0000,10.4161
Yirik (50 um),51.092000,5.000000,0.000000,-0.187846,255.3643,0.0000,10.4062
Yirik (50 um),51.145000,5.000000,0.000000,-0.187846,255.6293,0.0000,10.3962
Yirik (50 um),51.198000,5.000000,0.000000,-0.187846,255.8943,0.0000,10.3863
Yirik (50 um),51.251000,5.000000,0.000000,-0.187846,256.1593,0.0000,10.3763
Yirik (50 um),51.304000,5.000000,0.000000,-0.187846,256.4243,0.0000,10.3664
Yirik (50 um),51.357000,5.000000,0.000000,-0.187846,256.6893,0.0000,10.3564
Yirik (50 um),51.410000,5.000000,0.000000,-0.187846,256.9543,0.0000,10.3464
Yirik (50 um),51.463000,5.000000,0.000000,-0.187846,257.2193,0.0000,10.3365
Yirik (50 um),51.516000,5.000000,0.000000,-0.187846,257.4843,0.0000,10.3265
Yirik (50 um),51.569000,5.000000,0.000000,-0.187846,257.7493,0.0000,10.3166
Yirik (50 um),51.622000,5.000000,0.000000,-0.187846,258.0143,0.0000,10.3066
Yirik (50 um),51.675000,5.000000,0.000000,-0.187846,258.2793,0.0000,10.2967
Yirik (50 um),51.728000,5.000000,0.000000,-0.187846,258.5443,0.0000,10.2867
Yirik (50 um),51.781000,5.000000,0.000000,-0.187846,258.8093,0.0000,10.2768
Yirik (50 um),51.834000,5.000000,0.000000,-0.187846,259.0743,0.0000,10.2668
Yirik (50 um),51.887000,5.000000,0.000000,-0.187846,259.3393,0.0000,10.2568
Yirik (50 um),51.940000,5.000000,0.000000,-0.187846,259.6043,0.0000,10.2469
Yirik (50 um),51.993000,5.000000,0.000000,-0.187846,259.8693,0.0000,10.2369
Yirik (50 um),52.046000,5.000000,0.000000,-0.187846,260.1343,0.0000,10.2270
Yirik (50 um),52.099000,5.000000,0.000000,-0.187846,260.3993,0.0000,10.2170
Yirik (50 um),52.152000,5.000000,0.000000,-0.187846,260.6643,0.0000,10.2071
Yirik (50 um),52.205000,5.000000,0.000000,-0.187846,260.9293,0.0000,10.1971
Yirik (50 um),52.258000,5.000000,0.000000,-0.187846,261.1943,0.0000,10.1871
Yirik (50 um),52.311000,5.000000,0.000000,-0.187846,261.4593,0.0000,10.1772
Yirik (50 um),52.364000,5.000000,0.000000,-0.187846,261.7243,0.0000,10.1672
Yirik (50 um),52.417000,5.000000,0.000000,-0.187846,261.9893,0.0000,10.1573
Yirik (50 um),52.470000,5.000000,0.000000,-0.187846,262.2543,0.0000,10.1473
Yirik (50 um),52.523000,5.000000,0.000000,-0.187846,262.5193,0.0000,10.1374
Yirik (50 um),52.576000,5.000000,0.000000,-0.187846,262.7843,0.0000,10.1274
Yirik (50 um),52.629000,5.000000,0.000000,-0.187846,263.0493,0.0000,10.1175
Yirik (50 um),52.682000,5.000000,0.000000,-0.187846,263.3143,0.0000,10.1075
Yirik (50 um),52.735000,5.000000,0.000000,-0.187846,263.5793,0.0000,10.0975
Yirik (50 um),52.788000,5.000000,0.000000,-0.187846,263.8443,0.0000,10.0876
Yirik (50 um),52.841000,5.000000,0.000000,-0.187846,264.1093,0.0000,10.0776
Yirik (50 um),52.894000,5.000000,0.000000,-0.187846,264.3743,0.0000,10.0677
Yirik (50 um),52.947000,5.000000,0.000000,-0.187846,264.6393,0.0000,10.0577
Yirik (50 um),53.000000,5.000000,0.000000,-0.187846,264.9043,0.0000,10.0478
Yirik (50 um),53.053000,5.000000,0.000000,-0.187846,265.1693,0.0000,10.0378
Yirik (50 um),53.106000,5.000000,0.000000,-0.187846,265.4343,0.0000,10.0279
Yirik (50 um),53.159000,5.000000,0.000000,-0.187846,265.6993,0.0000,10.0179
Yirik (50 um),53.212000,5.000000,0.000000,-0.187846,265.9643,0.0000,10.0079
Yirik (50 um),53.265000,5.000000,0.000000,-0.187846,266.2293,0.0000,9.9980
Yirik (50 um),53.318000,5.000000,0.000000,-0.187846,266.4943,0.0000,9.9880
Yirik (50 um),53.371000,5.000000,0.000000,-0.187846,266.7593,0.0000,9.9781
Yirik (50 um),53.424000,5.000000,0.000000,-0.187846,267.0243,0.0000,9.9681
Yirik (50 um),53.477000,5.000000,0.000000,-0.187846,267.2893,0.0000,9.9582
Yirik (50 um),53.530000,5.000000,0.000000,-0.187846,267.5543,0.0000,9.9482
Yirik (50 um),53.583000,5.000000,0.000000,-0.187846,267.8193,0.0000,9.9383
Yirik (50 um),53.636000,5.000000,0.000000,-0.187846,268.0843,0.0000,9.9283
Yirik (50 um),53.689000,5.000000,0.000000,-0.187846,268.3493,0.0000,9.9183
Yirik (50 um),53.742000,5.000000,0.000000,-0.187846,268.6143,0.0000,9.9084
Yirik (50 um),53.795000,5.000000,0.000000,-0.187846,268.8793,0.0000,9.8984
Yirik (50 um),53.848000,5.000000,0.000000,-0.187846,269.1443,0.0000,9.8885
Yirik (50 um),53.901000,5.000000,0.000000,-0.187846,269.4093,0.0000,9.8785
Yirik (50 um),53.954000,5.000000,0.000000,-0.187846,269.6743,0.0000,9.8686
Yirik (50 um),54.007000,5.000000,0.000000,-0.187846,269.9393,0.0000,9.8586
Yirik (50 um),54.060000,5.000000,0.000000,-0.187846,270.2043,0.0000,9.8487
Yirik (50 um),54.113000,5.000000,0.000000,-0.187846,270.4693,0.0000,9.8387
Yirik (50 um),54.166000,5.000000,0.000000,-0.187846,270.7343,0.0000,9.8287
Yirik (50 um),54.219000,5.000000,0.000000,-0.187846,270.9993,0.0000,9.8188
Yirik (50 um),54.272000,5.000000,0.000000,-0.187846,271.2643,0.0000,9.8088
Yirik (50 um),54.325000,5.000000,0.000000,-0.187846,271.5293,0.0000,9.7989
Yirik (50 um),54.378000,5.000000,0.000000,-0.187846,271.7943,0.0000,9.7889
Yirik (50 um),54.431000,5.000000,0.000000,-0.187846,272.0593,0.0000,9.7790
Yirik (50 um),54.484000,5.000000,0.000000,-0.187846,272.3243,0.0000,9.7690
Yirik (50 um),54.537000,5.000000,0.000000,-0.187846,272.5893,0.0000,9.7590
Yirik (50 um),54.590000,5.000000,0.000000,-0.187846,272.8543,0.0000,9.7491
Yirik (50 um),54.643000,5.000000,0.000000,-0.187846,273.1193,0.0000,9.7391
Yirik (50 um),54.696000,5.000000,0.000000,-0.187846,273.3843,0.0000,9.7292
Yirik (50 um),54.749000,5.000000,0.000000,-0.187846,273.6493,0.0000,9.7192
Yirik (50 um),54.802000,5.000000,0.000000,-0.187846,273.9143,0.0000,9.7093
Yirik (50 um),54.855000,5.000000,0.000000,-0.187846,274.1793,0.0000,9.6993
Yirik (50 um),54.908000,5.000000,0.000000,-0.187846,274.4443,0.0000,9.6894
Yirik (50 um),54.961000,5.000000,0.000000,-0.187846,274.7093,0.0000,9.6794
Yirik (50 um),55.014000,5.000000,0.000000,-0.187846,274.9743,0.0000,9.6694
Yirik (50 um),55.067000,5.000000,0.000000,-0.187846,275.2393,0.0000,9.6595
Yirik (50 um),55.120000,5.000000,0.000000,-0.187846,275.5043,0.0000,9.6495
Yirik (50 um),55.173000,5.000000,0.000000,-0.187846,275.7693,0.0000,9.6396
Yirik (50 um),55.226000,5.000000,0.000000,-0.187846,276.0343,0.0000,9.6296
Yirik (50 um),55.279000,5.000000,0.000000,-0.187846,276.2993,0.0000,9.6197
Yirik (50 um),55.332000,5.000000,0.000000,-0.187846,276.5643,0.0000,9.6097
Yirik (50 um),55.385000,5.000000,0.000000,-0.187846,276.8293,0.0000,9.5998
Yirik (50 um),55.438000,5.000000,0.000000,-0.187846,277.0943,0.0000,9.5898
Yirik (50 um),55.491000,5.000000,0.000000,-0.187846,277.3593,0.0000,9.5798
Yirik (50 um),55.544000,5.000000,0.000000,-0.187846,277.6243,0.0000,9.5699
Yirik (50 um),55.597000,5.000000,0.000000,-0.187846,277.8893,0.0000,9.5599
Yirik (50 um),55.650000,5.000000,0.000000,-0.187846,278.1543,0.0000,9.5500
Yirik (50 um),55.703000,5.000000,0.000000,-0.187846,278.4193,0.0000,9.5400
Yirik (50 um),55.756000,5.000000,0.000000,-0.187846,278.6843,0.0000,9.5301
Yirik (50 um),55.809000,5.000000,0.000000,-0.187846,278.9493,0.0000,9.5201
Yirik (50 um),55.862000,5.000000,0.000000,-0.187846,279.2143,0.0000,9.5102
Yirik (50 um),55.915000,5.000000,0.000000,-0.187846,279.4793,0.0000,9.5002
Yirik (50 um),55.968000,5.000000,0.000000,-0.187846,279.7443,0.0000,9.4902
Yirik (50 um),56.021000,5.000000,0.000000,-0.187846,280.0093,0.0000,9.4803
Yirik (50 um),56.074000,5.000000,0.000000,-0.187846,280.2743,0.0000,9.4703
Yirik (50 um),56.127000,5.000000,0.000000,-0.187846,280.5393,0.0000,9.4604
Yirik (50 um),56.180000,5.000000,0.000000,-0.187846,280.8043,0.0000,9.4504
Yirik (50 um),56.233000,5.000000,0.000000,-0.187846,281.0693,0.0000,9.4405
Yirik (50 um),56.286000,5.000000,0.000000,-0.187846,281.3343,0.0000,9.4305
Yirik (50 um),56.339000,5.000000,0.000000,-0.187846,281.5993,0.0000,9.4206
Yirik (50 um),56.392000,5.000000,0.000000,-0.187846,281.8643,0.0000,9.4106
Yirik (50 um),56.445000,5.000000,0.000000,-0.187846,282.1293,0.0000,9.4006
Yirik (50 um),56.498000,5.000000,0.000000,-0.187846,282.3943,0.0000,9.3907
Yirik (50 um),56.551000,5.000000,0.000000,-0.187846,282.6593,0.0000,9.3807
Yirik (50 um),56.604000,5.000000,0.000000,-0.187846,282.9243,0.0000,9.3708
Yirik (50 um),56.657000,5.000000,0.000000,-0.187846,283.1893,0.0000,9.3608
Yirik (50 um),56.710000,5.000000,0.000000,-0.187846,283.4543,0.0000,9.3509
Yirik (50 um),56.763000,5.000000,0.000000,-0.187846,283.7193,0.0000,9.3409
Yirik (50 um),56.816000,5.000000,0.000000,-0.187846,283.9843,0.0000,9.3309
Yirik (50 um),56.869000,5.000000,0.000000,-0.187846,284.2493,0.0000,9.3210
Yirik (50 um),56.922000,5.000000,0.000000,-0.187846,284.5143,0.0000,9.3110
Yirik (50 um),56.975000,5.000000,0.000000,-0.187846,284.7793,0.0000,9.3011
Yirik (50 um),57.028000,5.000000,0.000000,-0.187846,285.0443,0.0000,9.2911
Yirik (50 um),57.081000,5.000000,0.000000,-0.187846,285.3093,0.0000,9.2812
Yirik (50 um),57.134000,5.000000,0.000000,-0.187846,285.5743,0.0000,9.2712
Yirik (50 um),57.187000,5.000000,0.000000,-0.187846,285.8393,0.0000,9.2613
Yirik (50 um),57.240000,5.000000,0.000000,-0.187846,286.1043,0.0000,9.2513
Yirik (50 um),57.293000,5.000000,0.000000,-0.187846,286.3693,0.0000,9.2413
Yirik (50 um),57.346000,5.000000,0.000000,-0.187846,286.6343,0.0000,9.2314
Yirik (50 um),57.399000,5.000000,0.000000,-0.187846,286.8993,0.0000,9.2214
Yirik (50 um),57.452000,5.000000,0.000000,-0.187846,287.1643,0.0000,9.2115
Yirik (50 um),57.505000,5.000000,0.000000,-0.187846,287.4293,0.0000,9.2015
Yirik (50 um),57.558000,5.000000,0.000000,-0.187846,287.6943,0.0000,9.1916
Yirik (50 um),57.611000,5.000000,0.000000,-0.187846,287.9593,0.0000,9.1816
Yirik (50 um),57.664000,5.000000,0.000000,-0.187846,288.2243,0.0000,9.1717
Yirik (50 um),57.717000,5.000000,0.000000,-0.187846,288.4893,0.0000,9.1617
Yirik (50 um),57.770000,5.000000,0.000000,-0.187846,288.7543,0.0000,9.1517
Yirik (50 um),57.823000,5.000000,0.000000,-0.187846,289.0193,0.0000,9.1418
Yirik (50 um),57.876000,5.000000,0.000000,-0.187846,289.2843,0.0000,9.1318
Yirik (50 um),57.929000,5.000000,0.000000,-0.187846,289.5493,0.0000,9.1219
Yirik (50 um),57.982000,5.000000,0.000000,-0.187846,289.8143,0.0000,9.1119
Yirik (50 um),58.035000,5.000000,0.000000,-0.187846,290.0793,0.0000,9.1020
Yirik (50 um),58.088000,5.000000,0.000000,-0.187846,290.3443,0.0000,9.0920
Yirik (50 um),58.141000,5.000000,0.000000,-0.187846,290.6093,0.0000,9.0821
Yirik (50 um),58.194000,5.000000,0.000000,-0.187846,290.8743,0.0000,9.0721
Yirik (50 um),58.247000,5.000000,0.000000,-0.187846,291.1393,0.0000,9.0621
Yirik (50 um),58.300000,5.000000,0.000000,-0.187846,291.4043,0.0000,9.0522
Yirik (50 um),58.353000,5.000000,0.000000,-0.187846,291.6693,0.0000,9.0422
Yirik (50 um),58.406000,5.000000,0.000000,-0.187846,291.9343,0.0000,9.0323
Yirik (50 um),58.459000,5.000000,0.000000,-0.187846,292.1993,0.0000,9.0223
Yirik (50 um),58.512000,5.000000,0.000000,-0.187846,292.4643,0.0000,9.0124
Yirik (50 um),58.565000,5.000000,0.000000,-0.187846,292.7293,0.0000,9.0024
Yirik (50 um),58.618000,5.000000,0.000000,-0.187846,292.9943,0.0000,8.9924
Yirik (50 um),58.671000,5.000000,0.000000,-0.187846,293.2593,0.0000,8.9825
Yirik (50 um),58.724000,5.000000,0.000000,-0.187846,293.5243,0.0000,8.9725
Yirik (50 um),58.777000,5.000000,0.000000,-0.187846,293.7893,0.0000,8.9626
Yirik (50 um),58.830000,5.000000,0.000000,-0.187846,294.0543,0.0000,8.9526
Yirik (50 um),58.883000,5.000000,0.000000,-0.187846,294.3193,0.0000,8.9427
Yirik (50 um),58.936000,5.000000,0.000000,-0.187846,294.5843,0.0000,8.9327
Yirik (50 um),58.989000,5.000000,0.000000,-0.187846,294.8493,0.0000,8.9228
Yirik (50 um),59.042000,5.000000,0.000000,-0.187846,295.1143,0.0000,8.9128
Yirik (50 um),59.095000,5.000000,0.000000,-0.187846,295.3793,0.0000,8.9028
Yirik (50 um),59.148000,5.000000,0.000000,-0.187846,295.6443,0.0000,8.8929
Yirik (50 um),59.201000,5.000000,0.000000,-0.187846,295.9093,0.0000,8.8829
Yirik (50 um),59.254000,5.000000,0.000000,-0.187846,296.1743,0.0000,8.8730
Yirik (50 um),59.307000,5.000000,0.000000,-0.187846,296.4393,0.0000,8.8630
Yirik (50 um),59.360000,5.000000,0.000000,-0.187846,296.7043,0.0000,8.8531
Yirik (50 um),59.413000,5.000000,0.000000,-0.187846,296.9693,0.0000,8.8431
Yirik (50 um),59.466000,5.000000,0.000000,-0.187846,297.2343,0.0000,8.8332
Yirik (50 um),59.519000,5.000000,0.000000,-0.187846,297.4993,0.0000,8.8232
Yirik (50 um),59.572000,5.000000,0.000000,-0.187846,297.7643,0.0000,8.8132
Yirik (50 um),59.625000,5.000000,0.000000,-0.187846,298.0293,0.0000,8.8033
Yirik (50 um),59.678000,5.000000,0.000000,-0.187846,298.2943,0.0000,8.7933
Yirik (50 um),59.731000,5.000000,0.000000,-0.187846,298.5593,0.0000,8.7834
Yirik (50 um),59.784000,5.000000,0.000000,-0.187846,298.8243,0.0000,8.7734
Yirik (50 um),59.837000,5.000000,0.000000,-0.187846,299.0893,0.0000,8.7635
Yirik (50 um),59.890000,5.000000,0.000000,-0.187846,299.3543,0.0000,8.7535
Yirik (50 um),59.943000,5.000000,0.000000,-0.187846,299.6193,0.0000,8.7436
Yirik (50 um),59.996000,5.000000,0.000000,-0.187846,299.8843,0.0000,8.7336
Yirik (50 um),60.049000,5.000000,0.000000,-0.187846,300.1493,0.0000,8.7236
Yirik (50 um),60.102000,5.000000,0.000000,-0.187846,300.4143,0.0000,8.7137
Yirik (50 um),60.155000,5.000000,0.000000,-0.187846,300.6793,0.0000,8.7037
Yirik (50 um),60.208000,5.000000,0.000000,-0.187846,300.9443,0.0000,8.6938
Yirik (50 um),60.261000,5.000000,0.000000,-0.187846,301.2093,0.0000,8.6838
Yirik (50 um),60.314000,5.000000,0.000000,-0.187846,301.4743,0.0000,8.6739
Yirik (50 um),60.367000,5.000000,0.000000,-0.187846,301.7393,0.0000,8.6639
Yirik (50 um),60.420000,5.000000,0.000000,-0.187846,302.0043,0.0000,8.6540
Yirik (50 um),60.473000,5.000000,0.000000,-0.187846,302.2693,0.0000,8.6440
Yirik (50 um),60.526000,5.000000,0.000000,-0.187846,302.5343,0.0000,8.6340
Yirik (50 um),60.579000,5.000000,0.000000,-0.187846,302.7993,0.0000,8.6241
Yirik (50 um),60.632000,5.000000,0.000000,-0.187846,303.0643,0.0000,8.6141
Yirik (50 um),60.685000,5.000000,0.000000,-0.187846,303.3293,0.0000,8.6042
Yirik (50 um),60.738000,5.000000,0.000000,-0.187846,303.5943,0.0000,8.5942
Yirik (50 um),60.791000,5.000000,0.000000,-0.187846,303.8593,0.0000,8.5843
Yirik (50 um),60.844000,5.000000,0.000000,-0.187846,304.1243,0.0000,8.5743
Yirik (50 um),60.897000,5.000000,0.000000,-0.187846,304.3893,0.0000,8.5643
Yirik (50 um),60.950000,5.000000,0.000000,-0.187846,304.6543,0.0000,8.5544
Yirik (50 um),61.003000,5.000000,0.000000,-0.187846,304.9193,0.0000,8.5444
Yirik (50 um),61.056000,5.000000,0.000000,-0.187846,305.1843,0.0000,8.5345
Yirik (50 um),61.109000,5.000000,0.000000,-0.187846,305.4493,0.0000,8.5245
Yirik (50 um),61.162000,5.000000,0.000000,-0.187846,305.7143,0.0000,8.5146
Yirik (50 um),61.215000,5.000000,0.000000,-0.187846,305.9793,0.0000,8.5046
Yirik (50 um),61.268000,5.000000,0.000000,-0.187846,306.2443,0.0000,8.4947
Yirik (50 um),61.321000,5.000000,0.000000,-0.187846,306.5093,0.0000,8.4847
Yirik (50 um),61.374000,5.000000,0.000000,-0.187846,306.7743,0.0000,8.4747
Yirik (50 um),61.427000,5.000000,0.000000,-0.187846,307.0393,0.0000,8.4648
Yirik (50 um),61.480000,5.000000,0.000000,-0.187846,307.3043,0.0000,8.4548
Yirik (50 um),61.533000,5.000000,0.000000,-0.187846,307.5693,0.0000,8.4449
Yirik (50 um),61.586000,5.000000,0.000000,-0.187846,307.8343,0.0000,8.4349
Yirik (50 um),61.639000,5.000000,0.000000,-0.187846,308.0993,0.0000,8.4250
Yirik (50 um),61.692000,5.000000,0.000000,-0.187846,308.3643,0.0000,8.4150
Yirik (50 um),61.745000,5.000000,0.000000,-0.187846,308.6293,0.0000,8.4051
Yirik (50 um),61.798000,5.000000,0.000000,-0.187846,308.8943,0.0000,8.3951
Yirik (50 um),61.851000,5.000000,0.000000,-0.187846,309.1593,0.0000,8.3851
Yirik (50 um),61.904000,5.000000,0.000000,-0.187846,309.4243,0.0000,8.3752
Yirik (50 um),61.957000,5.000000,0.000000,-0.187846,309.6893,0.0000,8.3652
Yirik (50 um),62.010000,5.000000,0.000000,-0.187846,309.9543,0.0000,8.3553
Yirik (50 um),62.063000,5.000000,0.000000,-0.187846,310.2193,0.0000,8.3453
Yirik (50 um),62.116000,5.000000,0.000000,-0.187846,310.4843,0.0000,8.3354
Yirik (50 um),62.169000,5.000000,0.000000,-0.187846,310.7493,0.0000,8.3254
Yirik (50 um),62.222000,5.000000,0.000000,-0.187846,311.0143,0.0000,8.3155
Yirik (50 um),62.275000,5.000000,0.000000,-0.187846,311.2793,0.0000,8.3055
Yirik (50 um),62.328000,5.000000,0.000000,-0.187846,311.5443,0.0000,8.2955
Yirik (50 um),62.381000,5.000000,0.000000,-0.187846,311.8093,0.0000,8.2856
Yirik (50 um),62.434000,5.000000,0.000000,-0.187846,312.0743,0.0000,8.2756
Yirik (50 um),62.487000,5.000000,0.000000,-0.187846,312.3393,0.0000,8.2657
Yirik (50 um),62.540000,5.000000,0.000000,-0.187846,312.6043,0.0000,8.2557
Yirik (50 um),62.593000,5.000000,0.000000,-0.187846,312.8693,0.0000,8.2458
Yirik (50 um),62.646000,5.000000,0.000000,-0.187846,313.1343,0.0000,8.2358
Yirik (50 um),62.699000,5.000000,0.000000,-0.187846,313.3993,0.0000,8.2259
Yirik (50 um),62.752000,5.000000,0.000000,-0.187846,313.6643,0.0000,8.2159
Yirik (50 um),62.805000,5.000000,0.000000,-0.187846,313.9293,0.0000,8.2059
Yirik (50 um),62.858000,5.000000,0.000000,-0.187846,314.1943,0.0000,8.1960
Yirik (50 um),62.911000,5.000000,0.000000,-0.187846,314.4593,0.0000,8.1860
Yirik (50 um),62.964000,5.000000,0.000000,-0.187846,314.7243,0.0000,8.1761
Yirik (50 um),63.017000,5.000000,0.000000,-0.187846,314.9893,0.0000,8.1661
Yirik (50 um),63.070000,5.000000,0.000000,-0.187846,315.2543,0.0000,8.1562
Yirik (50 um),63.123000,5.000000,0.000000,-0.187846,315.5193,0.0000,8.1462
Yirik (50 um),63.176000,5.000000,0.000000,-0.187846,315.7843,0.0000,8.1362
Yirik (50 um),63.229000,5.000000,0.000000,-0.187846,316.0493,0.0000,8.1263
Yirik (50 um),63.282000,5.000000,0.000000,-0.187846,316.3143,0.0000,8.1163
Yirik (50 um),63.335000,5.000000,0.000000,-0.187846,316.5793,0.0000,8.1064
Yirik (50 um),63.388000,5.000000,0.000000,-0.187846,316.8443,0.0000,8.0964
Yirik (50 um),63.441000,5.000000,0.000000,-0.187846,317.1093,0.0000,8.0865
Yirik (50 um),63.494000,5.000000,0.000000,-0.187846,317.3743,0.0000,8.0765
Yirik (50 um),63.547000,5.000000,0.000000,-0.187846,317.6393,0.0000,8.0666
Yirik (50 um),63.600000,5.000000,0.000000,-0.187846,317.9043,0.0000,8.0566
Yirik (50 um),63.653000,5.000000,0.000000,-0.187846,318.1693,0.0000,8.0466
Yirik (50 um),63.706000,5.000000,0.000000,-0.187846,318.4343,0.0000,8.0367
Yirik (50 um),63.759000,5.000000,0.000000,-0.187846,318.6993,0.0000,8.0267
Yirik (50 um),63.812000,5.000000,0.000000,-0.187846,318.9643,0.0000,8.0168
Yirik (50 um),63.865000,5.000000,0.000000,-0.187846,319.2293,0.0000,8.0068
Yirik (50 um),63.918000,5.000000,0.000000,-0.187846,319.4943,0.0000,7.9969
Yirik (50 um),63.971000,5.000000,0.000000,-0.187846,319.7593,0.0000,7.9869
Yirik (50 um),64.024000,5.000000,0.000000,-0.187846,320.0243,0.0000,7.9770
Yirik (50 um),64.077000,5.000000,0.000000,-0.187846,320.2893,0.0000,7.9670
Yirik (50 um),64.130000,5.000000,0.000000,-0.187846,320.5543,0.0000,7.9570
Yirik (50 um),64.183000,5.000000,0.000000,-0.187846,320.8193,0.0000,7.9471
Yirik (50 um),64.236000,5.000000,0.000000,-0.187846,321.0843,0.0000,7.9371
Yirik (50 um),64.289000,5.000000,0.000000,-0.187846,321.3493,0.0000,7.9272
Yirik (50 um),64.342000,5.000000,0.000000,-0.187846,321.6143,0.0000,7.9172
Yirik (50 um),64.395000,5.000000,0.000000,-0.187846,321.8793,0.0000,7.9073
Yirik (50 um),64.448000,5.000000,0.000000,-0.187846,322.1443,0.0000,7.8973
Yirik (50 um),64.501000,5.000000,0.000000,-0.187846,322.4093,0.0000,7.8874
Yirik (50 um),64.554000,5.000000,0.000000,-0.187846,322.6743,0.0000,7.8774
Yirik (50 um),64.607000,5.000000,0.000000,-0.187846,322.9393,0.0000,7.8674
Yirik (50 um),64.660000,5.000000,0.000000,-0.187846,323.2043,0.0000,7.8575
Yirik (50 um),64.713000,5.000000,0.000000,-0.187846,323.4693,0.0000,7.8475
Yirik (50 um),64.766000,5.000000,0.000000,-0.187846,323.7343,0.0000,7.8376
Yirik (50 um),64.819000,5.000000,0.000000,-0.187846,323.9993,0.0000,7.8276
Yirik (50 um),64.872000,5.000000,0.000000,-0.187846,324.2643,0.0000,7.8177
Yirik (50 um),64.925000,5.000000,0.000000,-0.187846,324.5293,0.0000,7.8077
Yirik (50 um),64.978000,5.000000,0.000000,-0.187846,324.7943,0.0000,7.7978
Yirik (50 um),65.031000,5.000000,0.000000,-0.187846,325.0593,0.0000,7.7878
Yirik (50 um),65.084000,5.000000,0.000000,-0.187846,325.3243,0.0000,7.7778
Yirik (50 um),65.137000,5.000000,0.000000,-0.187846,325.5893,0.0000,7.7679
Yirik (50 um),65.190000,5.000000,0.000000,-0.187846,325.8543,0.0000,7.7579
Yirik (50 um),65.243000,5.000000,0.000000,-0.187846,326.1193,0.0000,7.7480
Yirik (50 um),65.296000,5.000000,0.000000,-0.187846,326.3843,0.0000,7.7380
Yirik (50 um),65.349000,5.000000,0.000000,-0.187846,326.6493,0.0000,7.7281
Yirik (50 um),65.402000,5.000000,0.000000,-0.187846,326.9143,0.0000,7.7181
Yirik (50 um),65.455000,5.000000,0.000000,-0.187846,327.1793,0.0000,7.7081
Yirik (50 um),65.508000,5.000000,0.000000,-0.187846,327.4443,0.0000,7.6982
Yirik (50 um),65.561000,5.000000,0.000000,-0.187846,327.7093,0.0000,7.6882
Yirik (50 um),65.614000,5.000000,0.000000,-0.187846,327.9743,0.0000,7.6783
Yirik (50 um),65.667000,5.000000,0.000000,-0.187846,328.2393,0.0000,7.6683
Yirik (50 um),65.720000,5.000000,0.000000,-0.187846,328.5043,0.0000,7.6584
Yirik (50 um),65.773000,5.000000,0.000000,-0.187846,328.7693,0.0000,7.6484
Yirik (50 um),65.826000,5.000000,0.000000,-0.187846,329.0343,0.0000,7.6385
Yirik (50 um),65.879000,5.000000,0.000000,-0.187846,329.2993,0.0000,7.6285
Yirik (50 um),65.932000,5.000000,0.000000,-0.187846,329.5643,0.0000,7.6185
Yirik (50 um),65.985000,5.000000,0.000000,-0.187846,329.8293,0.0000,7.6086
Yirik (50 um),66.038000,5.000000,0.000000,-0.187846,330.0943,0.0000,7.5986
Yirik (50 um),66.091000,5.000000,0.000000,-0.187846,330.3593,0.0000,7.5887
Yirik (50 um),66.144000,5.000000,0.000000,-0.187846,330.6243,0.0000,7.5787
Yirik (50 um),66.197000,5.000000,0.000000,-0.187846,330.8893,0.0000,7.5688
Yirik (50 um),66.250000,5.000000,0.000000,-0.187846,331.1543,0.0000,7.5588
Yirik (50 um),66.303000,5.000000,0.000000,-0.187846,331.4193,0.0000,7.5489
Yirik (50 um),66.356000,5.000000,0.000000,-0.187846,331.6843,0.0000,7.5389
Yirik (50 um),66.409000,5.000000,0.000000,-0.187846,331.9493,0.0000,7.5289
Yirik (50 um),66.462000,5.000000,0.000000,-0.187846,332.2143,0.0000,7.5190
Yirik (50 um),66.515000,5.000000,0.000000,-0.187846,332.4793,0.0000,7.5090
Yirik (50 um),66.568000,5.000000,0.000000,-0.187846,332.7443,0.0000,7.4991
Yirik (50 um),66.621000,5.000000,0.000000,-0.187846,333.0093,0.0000,7.4891
Yirik (50 um),66.674000,5.000000,0.000000,-0.187846,333.2743,0.0000,7.4792
Yirik (50 um),66.727000,5.000000,0.000000,-0.187846,333.5393,0.0000,7.4692
Yirik (50 um),66.780000,5.000000,0.000000,-0.187846,333.8043,0.0000,7.4593
Yirik (50 um),66.833000,5.000000,0.000000,-0.187846,334.0693,0.0000,7.4493
Yirik (50 um),66.886000,5.000000,0.000000,-0.187846,334.3343,0.0000,7.4393
Yirik (50 um),66.939000,5.000000,0.000000,-0.187846,334.5993,0.0000,7.4294
Yirik (50 um),66.992000,5.000000,0.000000,-0.187846,334.8643,0.0000,7.4194
Yirik (50 um),67.045000,5.000000,0.000000,-0.187846,335.1293,0.0000,7.4095
Yirik (50 um),67.098000,5.000000,0.000000,-0.187846,335.3943,0.0000,7.3995
Yirik (50 um),67.151000,5.000000,0.000000,-0.187846,335.6593,0.0000,7.3896
Yirik (50 um),67.204000,5.000000,0.000000,-0.187846,335.9243,0.0000,7.3796
Yirik (50 um),67.257000,5.000000,0.000000,-0.187846,336.1893,0.0000,7.3696
Yirik (50 um),67.310000,5.000000,0.000000,-0.187846,336.4543,0.0000,7.3597
Yirik (50 um),67.363000,5.000000,0.000000,-0.187846,336.7193,0.0000,7.3497
Yirik (50 um),67.416000,5.000000,0.000000,-0.187846,336.9843,0.0000,7.3398
Yirik (50 um),67.469000,5.000000,0.000000,-0.187846,337.2493,0.0000,7.3298
Yirik (50 um),67.522000,5.000000,0.000000,-0.187846,337.5143,0.0000,7.3199
Yirik (50 um),67.575000,5.000000,0.000000,-0.187846,337.7793,0.0000,7.3099
Yirik (50 um),67.628000,5.000000,0.000000,-0.187846,338.0443,0.0000,7.3000
Yirik (50 um),67.681000,5.000000,0.000000,-0.187846,338.3093,0.0000,7.2900
Yirik (50 um),67.734000,5.000000,0.000000,-0.187846,338.5743,0.0000,7.2800
Yirik (50 um),67.787000,5.000000,0.000000,-0.187846,338.8393,0.0000,7.2701
Yirik (50 um),67.840000,5.000000,0.000000,-0.187846,339.1043,0.0000,7.2601
Yirik (50 um),67.893000,5.000000,0.000000,-0.187846,339.3693,0.0000,7.2502
Yirik (50 um),67.946000,5.000000,0.000000,-0.187846,339.6343,0.0000,7.2402
Yirik (50 um),67.999000,5.000000,0.000000,-0.187846,339.8993,0.0000,7.2303
Yirik (50 um),68.052000,5.000000,0.000000,-0.187846,340.1643,0.0000,7.2203
Yirik (50 um),68.105000,5.000000,0.000000,-0.187846,340.4293,0.0000,7.2104
Yirik (50 um),68.158000,5.000000,0.000000,-0.187846,340.6943,0.0000,7.2004
Yirik (50 um),68.211000,5.000000,0.000000,-0.187846,340.9593,0.0000,7.1904
Yirik (50 um),68.264000,5.000000,0.000000,-0.187846,341.2243,0.0000,7.1805
Yirik (50 um),68.317000,5.000000,0.000000,-0.187846,341.4893,0.0000,7.1705
Yirik (50 um),68.370000,5.000000,0.000000,-0.187846,341.7543,0.0000,7.1606
Yirik (50 um),68.423000,5.000000,0.000000,-0.187846,342.0193,0.0000,7.1506
Yirik (50 um),68.476000,5.000000,0.000000,-0.187846,342.2843,0.0000,7.1407
Yirik (50 um),68.529000,5.000000,0.000000,-0.187846,342.5493,0.0000,7.1307
Yirik (50 um),68.582000,5.000000,0.000000,-0.187846,342.8143,0.0000,7.1208
Yirik (50 um),68.635000,5.000000,0.000000,-0.187846,343.0793,0.0000,7.1108
Yirik (50 um),68.688000,5.000000,0.000000,-0.187846,343.3443,0.0000,7.1008
Yirik (50 um),68.741000,5.000000,0.000000,-0.187846,343.6093,0.0000,7.0909
Yirik (50 um),68.794000,5.000000,0.000000,-0.187846,343.8743,0.0000,7.0809
Yirik (50 um),68.847000,5.000000,0.000000,-0.187846,344.1393,0.0000,7.0710
Yirik (50 um),68.900000,5.000000,0.000000,-0.187846,344.4043,0.0000,7.0610
Yirik (50 um),68.953000,5.000000,0.000000,-0.187846,344.6693,0.0000,7.0511
Yirik (50 um),69.006000,5.000000,0.000000,-0.187846,344.9343,0.0000,7.0411
Yirik (50 um),69.059000,5.000000,0.000000,-0.187846,345.1993,0.0000,7.0312
Yirik (50 um),69.112000,5.000000,0.000000,-0.187846,345.4643,0.0000,7.0212
Yirik (50 um),69.165000,5.000000,0.000000,-0.187846,345.7293,0.0000,7.0112
Yirik (50 um),69.218000,5.000000,0.000000,-0.187846,345.9943,0.0000,7.0013
Yirik (50 um),69.271000,5.000000,0.000000,-0.187846,346.2593,0.0000,6.9913
Yirik (50 um),69.324000,5.000000,0.000000,-0.187846,346.5243,0.0000,6.9814
Yirik (50 um),69.377000,5.000000,0.000000,-0.187846,346.7893,0.0000,6.9714
Yirik (50 um),69.430000,5.000000,0.000000,-0.187846,347.0543,0.0000,6.9615
Yirik (50 um),69.483000,5.000000,0.000000,-0.187846,347.3193,0.0000,6.9515
Yirik (50 um),69.536000,5.000000,0.000000,-0.187846,347.5843,0.0000,6.9415
Yirik (50 um),69.589000,5.000000,0.000000,-0.187846,347.8493,0.0000,6.9316
Yirik (50 um),69.642000,5.000000,0.000000,-0.187846,348.1143,0.0000,6.9216
Yirik (50 um),69.695000,5.000000,0.000000,-0.187846,348.3793,0.0000,6.9117
Yirik (50 um),69.748000,5.000000,0.000000,-0.187846,348.6443,0.0000,6.9017
Yirik (50 um),69.801000,5.000000,0.000000,-0.187846,348.9093,0.0000,6.8918
Yirik (50 um),69.854000,5.000000,0.000000,-0.187846,349.1743,0.0000,6.8818
Yirik (50 um),69.907000,5.000000,0.000000,-0.187846,349.4393,0.0000,6.8719
Yirik (50 um),69.960000,5.000000,0.000000,-0.187846,349.7043,0.0000,6.8619
Yirik (50 um),70.013000,5.000000,0.000000,-0.187846,349.9693,0.0000,6.8519
Yirik (50 um),70.066000,5.000000,0.000000,-0.187846,350.2343,0.0000,6.8420
Yirik (50 um),70.119000,5.000000,0.000000,-0.187846,350.4993,0.0000,6.8320
Yirik (50 um),70.172000,5.000000,0.000000,-0.187846,350.7643,0.0000,6.8221
Yirik (50 um),70.225000,5.000000,0.000000,-0.187846,351.0293,0.0000,6.8121
Yirik (50 um),70.278000,5.000000,0.000000,-0.187846,351.2943,0.0000,6.8022
Yirik (50 um),70.331000,5.000000,0.000000,-0.187846,351.5593,0.0000,6.7922
Yirik (50 um),70.384000,5.000000,0.000000,-0.187846,351.8243,0.0000,6.7823
Yirik (50 um),70.437000,5.000000,0.000000,-0.187846,352.0893,0.0000,6.7723
Yirik (50 um),70.490000,5.000000,0.000000,-0.187846,352.3543,0.0000,6.7623
Yirik (50 um),70.543000,5.000000,0.000000,-0.187846,352.6193,0.0000,6.7524
Yirik (50 um),70.596000,5.000000,0.000000,-0.187846,352.8843,0.0000,6.7424
Yirik (50 um),70.649000,5.000000,0.000000,-0.187846,353.1493,0.0000,6.7325
Yirik (50 um),70.702000,5.000000,0.000000,-0.187846,353.4143,0.0000,6.7225
Yirik (50 um),70.755000,5.000000,0.000000,-0.187846,353.6793,0.0000,6.7126
Yirik (50 um),70.808000,5.000000,0.000000,-0.187846,353.9443,0.0000,6.7026
Yirik (50 um),70.861000,5.000000,0.000000,-0.187846,354.2093,0.0000,6.6927
Yirik (50 um),70.914000,5.000000,0.000000,-0.187846,354.4743,0.0000,6.6827
Yirik (50 um),70.967000,5.000000,0.000000,-0.187846,354.7393,0.0000,6.6727
Yirik (50 um),71.020000,5.000000,0.000000,-0.187846,355.0043,0.0000,6.6628
Yirik (50 um),71.073000,5.000000,0.000000,-0.187846,355.2693,0.0000,6.6528
Yirik (50 um),71.126000,5.000000,0.000000,-0.187846,355.5343,0.0000,6.6429
Yirik (50 um),71.179000,5.000000,0.000000,-0.187846,355.7993,0.0000,6.6329
Yirik (50 um),71.232000,5.000000,0.000000,-0.187846,356.0643,0.0000,6.6230
Yirik (50 um),71.285000,5.000000,0.000000,-0.187846,356.3293,0.0000,6.6130
Yirik (50 um),71.338000,5.000000,0.000000,-0.187846,356.5943,0.0000,6.6031
Yirik (50 um),71.391000,5.000000,0.000000,-0.187846,356.8593,0.0000,6.5931
Yirik (50 um),71.444000,5.000000,0.000000,-0.187846,357.1243,0.0000,6.5831
Yirik (50 um),71.497000,5.000000,0.000000,-0.187846,357.3893,0.0000,6.5732
Yirik (50 um),71.550000,5.000000,0.000000,-0.187846,357.6543,0.0000,6.5632
Yirik (50 um),71.603000,5.000000,0.000000,-0.187846,357.9193,0.0000,6.5533
Yirik (50 um),71.656000,5.000000,0.000000,-0.187846,358.1843,0.0000,6.5433
Yirik (50 um),71.709000,5.000000,0.000000,-0.187846,358.4493,0.0000,6.5334
Yirik (50 um),71.762000,5.000000,0.000000,-0.187846,358.7143,0.0000,6.5234
Yirik (50 um),71.815000,5.000000,0.000000,-0.187846,358.9793,0.0000,6.5134
Yirik (50 um),71.868000,5.000000,0.000000,-0.187846,359.2443,0.0000,6.5035
Yirik (50 um),71.921000,5.000000,0.000000,-0.187846,359.5093,0.0000,6.4935
Yirik (50 um),71.974000,5.000000,0.000000,-0.187846,359.7743,0.0000,6.4836
Yirik (50 um),72.027000,5.000000,0.000000,-0.187846,360.0393,0.0000,6.4736
Yirik (50 um),72.080000,5.000000,0.000000,-0.187846,360.3043,0.0000,6.4637
Yirik (50 um),72.133000,5.000000,0.000000,-0.187846,360.5693,0.0000,6.4537
Yirik (50 um),72.186000,5.000000,0.000000,-0.187846,360.8343,0.0000,6.4438
Yirik (50 um),72.239000,5.000000,0.000000,-0.187846,361.0993,0.0000,6.4338
Yirik (50 um),72.292000,5.000000,0.000000,-0.187846,361.3643,0.0000,6.4238
Yirik (50 um),72.345000,5.000000,0.000000,-0.187846,361.6293,0.0000,6.4139
Yirik (50 um),72.398000,5.000000,0.000000,-0.187846,361.8943,0.0000,6.4039
Yirik (50 um),72.451000,5.000000,0.000000,-0.187846,362.1593,0.0000,6.3940
Yirik (50 um),72.504000,5.000000,0.000000,-0.187846,362.4243,0.0000,6.3840
Yirik (50 um),72.557000,5.000000,0.000000,-0.187846,362.6893,0.0000,6.3741
Yirik (50 um),72.610000,5.000000,0.000000,-0.187846,362.9543,0.0000,6.3641
Yirik (50 um),72.663000,5.000000,0.000000,-0.187846,363.2193,0.0000,6.3542
Yirik (50 um),72.716000,5.000000,0.000000,-0.187846,363.4843,0.0000,6.3442
Yirik (50 um),72.769000,5.000000,0.000000,-0.187846,363.7493,0.0000,6.3342
Yirik (50 um),72.822000,5.000000,0.000000,-0.187846,364.0143,0.0000,6.3243
Yirik (50 um),72.875000,5.000000,0.000000,-0.187846,364.2793,0.0000,6.3143
Yirik (50 um),72.928000,5.000000,0.000000,-0.187846,364.5443,0.0000,6.3044
Yirik (50 um),72.981000,5.000000,0.000000,-0.187846,364.8093,0.0000,6.2944
Yirik (50 um),73.034000,5.000000,0.000000,-0.187846,365.0743,0.0000,6.2845
Yirik (50 um),73.087000,5.000000,0.000000,-0.187846,365.3393,0.0000,6.2745
Yirik (50 um),73.140000,5.000000,0.000000,-0.187846,365.6043,0.0000,6.2646
Yirik (50 um),73.193000,5.000000,0.000000,-0.187846,365.8693,0.0000,6.2546
Yirik (50 um),73.246000,5.000000,0.000000,-0.187846,366.1343,0.0000,6.2446
Yirik (50 um),73.299000,5.000000,0.000000,-0.187846,366.3993,0.0000,6.2347
Yirik (50 um),73.352000,5.000000,0.000000,-0.187846,366.6643,0.0000,6.2247
Yirik (50 um),73.405000,5.000000,0.000000,-0.187846,366.9293,0.0000,6.2148
Yirik (50 um),73.458000,5.000000,0.000000,-0.187846,367.1943,0.0000,6.2048
Yirik (50 um),73.511000,5.000000,0.000000,-0.187846,367.4593,0.0000,6.1949
Yirik (50 um),73.564000,5.000000,0.000000,-0.187846,367.7243,0.0000,6.1849
Yirik (50 um),73.617000,5.000000,0.000000,-0.187846,367.9893,0.0000,6.1750
Yirik (50 um),73.670000,5.000000,0.000000,-0.187846,368.2543,0.0000,6.1650
Yirik (50 um),73.723000,5.000000,0.000000,-0.187846,368.5193,0.0000,6.1550
Yirik (50 um),73.776000,5.000000,0.000000,-0.187846,368.7843,0.0000,6.1451
Yirik (50 um),73.829000,5.000000,0.000000,-0.187846,369.0493,0.0000,6.1351
Yirik (50 um),73.882000,5.000000,0.000000,-0.187846,369.3143,0.0000,6.1252
Yirik (50 um),73.935000,5.000000,0.000000,-0.187846,369.5793,0.0000,6.1152
Yirik (50 um),73.988000,5.000000,0.000000,-0.187846,369.8443,0.0000,6.1053
Yirik (50 um),74.041000,5.000000,0.000000,-0.187846,370.1093,0.0000,6.0953
Yirik (50 um),74.094000,5.000000,0.000000,-0.187846,370.3743,0.0000,6.0853
Yirik (50 um),74.147000,5.000000,0.000000,-0.187846,370.6393,0.0000,6.0754
Yirik (50 um),74.200000,5.000000,0.000000,-0.187846,370.9043,0.0000,6.0654
Yirik (50 um),74.253000,5.000000,0.000000,-0.187846,371.1693,0.0000,6.0555
Yirik (50 um),74.306000,5.000000,0.000000,-0.187846,371.4343,0.0000,6.0455
Yirik (50 um),74.359000,5.000000,0.000000,-0.187846,371.6993,0.0000,6.0356
Yirik (50 um),74.412000,5.000000,0.000000,-0.187846,371.9643,0.0000,6.0256
Yirik (50 um),74.465000,5.000000,0.000000,-0.187846,372.2293,0.0000,6.0157
Yirik (50 um),74.518000,5.000000,0.000000,-0.187846,372.4943,0.0000,6.0057
Yirik (50 um),74.571000,5.000000,0.000000,-0.187846,372.7593,0.0000,5.9957
Yirik (50 um),74.624000,5.000000,0.000000,-0.187846,373.0243,0.0000,5.9858
Yirik (50 um),74.677000,5.000000,0.000000,-0.187846,373.2893,0.0000,5.9758
Yirik (50 um),74.730000,5.000000,0.000000,-0.187846,373.5543,0.0000,5.9659
Yirik (50 um),74.783000,5.000000,0.000000,-0.187846,373.8193,0.0000,5.9559
Yirik (50 um),74.836000,5.000000,0.000000,-0.187846,374.0843,0.0000,5.9460
Yirik (50 um),74.889000,5.000000,0.000000,-0.187846,374.3493,0.0000,5.9360
Yirik (50 um),74.942000,5.000000,0.000000,-0.187846,374.6143,0.0000,5.9261
Yirik (50 um),74.995000,5.000000,0.000000,-0.187846,374.8793,0.0000,5.9161
Yirik (50 um),75.048000,5.000000,0.000000,-0.187846,375.1443,0.0000,5.9061
Yirik (50 um),75.101000,5.000000,0.000000,-0.187846,375.4093,0.0000,5.8962
Yirik (50 um),75.154000,5.000000,0.000000,-0.187846,375.6743,0.0000,5.8862
Yirik (50 um),75.207000,5.000000,0.000000,-0.187846,375.9393,0.0000,5.8763
Yirik (50 um),75.260000,5.000000,0.000000,-0.187846,376.2043,0.0000,5.8663
Yirik (50 um),75.313000,5.000000,0.000000,-0.187846,376.4693,0.0000,5.8564
Yirik (50 um),75.366000,5.000000,0.000000,-0.187846,376.7343,0.0000,5.8464
Yirik (50 um),75.419000,5.000000,0.000000,-0.187846,376.9993,0.0000,5.8365
Yirik (50 um),75.472000,5.000000,0.000000,-0.187846,377.2643,0.0000,5.8265
Yirik (50 um),75.525000,5.000000,0.000000,-0.187846,377.5293,0.0000,5.8165
Yirik (50 um),75.578000,5.000000,0.000000,-0.187846,377.7943,0.0000,5.8066
Yirik (50 um),75.631000,5.000000,0.000000,-0.187846,378.0593,0.0000,5.7966
Yirik (50 um),75.684000,5.000000,0.000000,-0.187846,378.3243,0.0000,5.7867
Yirik (50 um),75.737000,5.000000,0.000000,-0.187846,378.5893,0.0000,5.7767
Yirik (50 um),75.790000,5.000000,0.000000,-0.187846,378.8543,0.0000,5.7668
Yirik (50 um),75.843000,5.000000,0.000000,-0.187846,379.1193,0.0000,5.7568
Yirik (50 um),75.896000,5.000000,0.000000,-0.187846,379.3843,0.0000,5.7468
Yirik (50 um),75.949000,5.000000,0.000000,-0.187846,379.6493,0.0000,5.7369
Yirik (50 um),76.002000,5.000000,0.000000,-0.187846,379.9143,0.0000,5.7269
Yirik (50 um),76.055000,5.000000,0.000000,-0.187846,380.1793,0.0000,5.7170
Yirik (50 um),76.108000,5.000000,0.000000,-0.187846,380.4443,0.0000,5.7070
Yirik (50 um),76.161000,5.000000,0.000000,-0.187846,380.7093,0.0000,5.6971
Yirik (50 um),76.214000,5.000000,0.000000,-0.187846,380.9743,0.0000,5.6871
Yirik (50 um),76.267000,5.000000,0.000000,-0.187846,381.2393,0.0000,5.6772
Yirik (50 um),76.320000,5.000000,0.000000,-0.187846,381.5043,0.0000,5.6672
Yirik (50 um),76.373000,5.000000,0.000000,-0.187846,381.7693,0.0000,5.6572
Yirik (50 um),76.426000,5.000000,0.000000,-0.187846,382.0343,0.0000,5.6473
Yirik (50 um),76.479000,5.000000,0.000000,-0.187846,382.2993,0.0000,5.6373
Yirik (50 um),76.532000,5.000000,0.000000,-0.187846,382.5643,0.0000,5.6274
Yirik (50 um),76.585000,5.000000,0.000000,-0.187846,382.8293,0.0000,5.6174
Yirik (50 um),76.638000,5.000000,0.000000,-0.187846,383.0943,0.0000,5.6075
Yirik (50 um),76.691000,5.000000,0.000000,-0.187846,383.3593,0.0000,5.5975
Yirik (50 um),76.744000,5.000000,0.000000,-0.187846,383.6243,0.0000,5.5876
Yirik (50 um),76.797000,5.000000,0.000000,-0.187846,383.8893,0.0000,5.5776
Yirik (50 um),76.850000,5.000000,0.000000,-0.187846,384.1543,0.0000,5.5676
Yirik (50 um),76.903000,5.000000,0.000000,-0.187846,384.4193,0.0000,5.5577
Yirik (50 um),76.956000,5.000000,0.000000,-0.187846,384.6843,0.0000,5.5477
Yirik (50 um),77.009000,5.000000,0.000000,-0.187846,384.9493,0.0000,5.5378
Yirik (50 um),77.062000,5.000000,0.000000,-0.187846,385.2143,0.0000,5.5278
Yirik (50 um),77.115000,5.000000,0.000000,-0.187846,385.4793,0.0000,5.5179
Yirik (50 um),77.168000,5.000000,0.000000,-0.187846,385.7443,0.0000,5.5079
Yirik (50 um),77.221000,5.000000,0.000000,-0.187846,386.0093,0.0000,5.4980
Yirik (50 um),77.274000,5.000000,0.000000,-0.187846,386.2743,0.0000,5.4880
Yirik (50 um),77.327000,5.000000,0.000000,-0.187846,386.5393,0.0000,5.4780
Yirik (50 um),77.380000,5.000000,0.000000,-0.187846,386.8043,0.0000,5.4681
Yirik (50 um),77.433000,5.000000,0.000000,-0.187846,387.0693,0.0000,5.4581
Yirik (50 um),77.486000,5.000000,0.000000,-0.187846,387.3343,0.0000,5.4482
Yirik (50 um),77.539000,5.000000,0.000000,-0.187846,387.5993,0.0000,5.4382
Yirik (50 um),77.592000,5.000000,0.000000,-0.187846,387.8643,0.0000,5.4283
Yirik (50 um),77.645000,5.000000,0.000000,-0.187846,388.1293,0.0000,5.4183
Yirik (50 um),77.698000,5.000000,0.000000,-0.187846,388.3943,0.0000,5.4084
Yirik (50 um),77.751000,5.000000,0.000000,-0.187846,388.6593,0.0000,5.3984
Yirik (50 um),77.804000,5.000000,0.000000,-0.187846,388.9243,0.0000,5.3884
Yirik (50 um),77.857000,5.000000,0.000000,-0.187846,389.1893,0.0000,5.3785
Yirik (50 um),77.910000,5.000000,0.000000,-0.187846,389.4543,0.0000,5.3685
Yirik (50 um),77.963000,5.000000,0.000000,-0.187846,389.7193,0.0000,5.3586
Yirik (50 um),78.016000,5.000000,0.000000,-0.187846,389.9843,0.0000,5.3486
Yirik (50 um),78.069000,5.000000,0.000000,-0.187846,390.2493,0.0000,5.3387
Yirik (50 um),78.122000,5.000000,0.000000,-0.187846,390.5143,0.0000,5.3287
Yirik (50 um),78.175000,5.000000,0.000000,-0.187846,390.7793,0.0000,5.3187
Yirik (50 um),78.228000,5.000000,0.000000,-0.187846,391.0443,0.0000,5.3088
Yirik (50 um),78.281000,5.000000,0.000000,-0.187846,391.3093,0.0000,5.2988
Yirik (50 um),78.334000,5.000000,0.000000,-0.187846,391.5743,0.0000,5.2889
Yirik (50 um),78.387000,5.000000,0.000000,-0.187846,391.8393,0.0000,5.2789
Yirik (50 um),78.440000,5.000000,0.000000,-0.187846,392.1043,0.0000,5.2690
Yirik (50 um),78.493000,5.000000,0.000000,-0.187846,392.3693,0.0000,5.2590
Yirik (50 um),78.546000,5.000000,0.000000,-0.187846,392.6343,0.0000,5.2491
Yirik (50 um),78.599000,5.000000,0.000000,-0.187846,392.8993,0.0000,5.2391
Yirik (50 um),78.652000,5.000000,0.000000,-0.187846,393.1643,0.0000,5.2291
Yirik (50 um),78.705000,5.000000,0.000000,-0.187846,393.4293,0.0000,5.2192
Yirik (50 um),78.758000,5.000000,0.000000,-0.187846,393.6943,0.0000,5.2092
Yirik (50 um),78.811000,5.000000,0.000000,-0.187846,393.9593,0.0000,5.1993
Yirik (50 um),78.864000,5.000000,0.000000,-0.187846,394.2243,0.0000,5.1893
Yirik (50 um),78.917000,5.000000,0.000000,-0.187846,394.4893,0.0000,5.1794
Yirik (50 um),78.970000,5.000000,0.000000,-0.187846,394.7543,0.0000,5.1694
Yirik (50 um),79.023000,5.000000,0.000000,-0.187846,395.0193,0.0000,5.1595
Yirik (50 um),79.076000,5.000000,0.000000,-0.187846,395.2843,0.0000,5.1495
Yirik (50 um),79.129000,5.000000,0.000000,-0.187846,395.5493,0.0000,5.1395
Yirik (50 um),79.182000,5.000000,0.000000,-0.187846,395.8143,0.0000,5.1296
Yirik (50 um),79.235000,5.000000,0.000000,-0.187846,396.0793,0.0000,5.1196
Yirik (50 um),79.288000,5.000000,0.000000,-0.187846,396.3443,0.0000,5.1097
Yirik (50 um),79.341000,5.000000,0.000000,-0.187846,396.6093,0.0000,5.0997
Yirik (50 um),79.394000,5.000000,0.000000,-0.187846,396.8743,0.0000,5.0898
Yirik (50 um),79.447000,5.000000,0.000000,-0.187846,397.1393,0.0000,5.0798
Yirik (50 um),79.500000,5.000000,0.000000,-0.187846,397.4043,0.0000,5.0699
Yirik (50 um),79.553000,5.000000,0.000000,-0.187846,397.6693,0.0000,5.0599
Yirik (50 um),79.606000,5.000000,0.000000,-0.187846,397.9343,0.0000,5.0499
Yirik (50 um),79.659000,5.000000,0.000000,-0.187846,398.1993,0.0000,5.0400
Yirik (50 um),79.712000,5.000000,0.000000,-0.187846,398.4643,0.0000,5.0300
Yirik (50 um),79.765000,5.000000,0.000000,-0.187846,398.7293,0.0000,5.0201
Yirik (50 um),79.818000,5.000000,0.000000,-0.187846,398.9943,0.0000,5.0101
Yirik (50 um),79.871000,5.000000,0.000000,-0.187846,399.2593,0.0000,5.0002
Yirik (50 um),79.924000,5.000000,0.000000,-0.187846,399.5243,0.0000,4.9902
Yirik (50 um),79.977000,5.000000,0.000000,-0.187846,399.7893,0.0000,4.9803
Yirik (50 um),80.030000,5.000000,0.000000,-0.187846,400.0543,0.0000,4.9703
Yirik (50 um),80.083000,5.000000,0.000000,-0.187846,400.3193,0.0000,4.9603
Yirik (50 um),80.136000,5.000000,0.000000,-0.187846,400.5843,0.0000,4.9504
Yirik (50 um),80.189000,5.000000,0.000000,-0.187846,400.8493,0.0000,4.9404
Yirik (50 um),80.242000,5.000000,0.000000,-0.187846,401.1143,0.0000,4.9305
Yirik (50 um),80.295000,5.000000,0.000000,-0.187846,401.3793,0.0000,4.9205
Yirik (50 um),80.348000,5.000000,0.000000,-0.187846,401.6443,0.0000,4.9106
Yirik (50 um),80.401000,5.000000,0.000000,-0.187846,401.9093,0.0000,4.9006
Yirik (50 um),80.454000,5.000000,0.000000,-0.187846,402.1743,0.0000,4.8906
Yirik (50 um),80.507000,5.000000,0.000000,-0.187846,402.4393,0.0000,4.8807
Yirik (50 um),80.560000,5.000000,0.000000,-0.187846,402.7043,0.0000,4.8707
Yirik (50 um),80.613000,5.000000,0.000000,-0.187846,402.9693,0.0000,4.8608
Yirik (50 um),80.666000,5.000000,0.000000,-0.187846,403.2343,0.0000,4.8508
Yirik (50 um),80.719000,5.000000,0.000000,-0.187846,403.4993,0.0000,4.8409
Yirik (50 um),80.772000,5.000000,0.000000,-0.187846,403.7643,0.0000,4.8309
Yirik (50 um),80.825000,5.000000,0.000000,-0.187846,404.0293,0.0000,4.8210
Yirik (50 um),80.878000,5.000000,0.000000,-0.187846,404.2943,0.0000,4.8110
Yirik (50 um),80.931000,5.000000,0.000000,-0.187846,404.5593,0.0000,4.8010
Yirik (50 um),80.984000,5.000000,0.000000,-0.187846,404.8243,0.0000,4.7911
Yirik (50 um),81.037000,5.000000,0.000000,-0.187846,405.0893,0.0000,4.7811
Yirik (50 um),81.090000,5.000000,0.000000,-0.187846,405.3543,0.0000,4.7712
Yirik (50 um),81.143000,5.000000,0.000000,-0.187846,405.6193,0.0000,4.7612
Yirik (50 um),81.196000,5.000000,0.000000,-0.187846,405.8843,0.0000,4.7513
Yirik (50 um),81.249000,5.000000,0.000000,-0.187846,406.1493,0.0000,4.7413
Yirik (50 um),81.302000,5.000000,0.000000,-0.187846,406.4143,0.0000,4.7314
Yirik (50 um),81.355000,5.000000,0.000000,-0.187846,406.6793,0.0000,4.7214
Yirik (50 um),81.408000,5.000000,0.000000,-0.187846,406.9443,0.0000,4.7114
Yirik (50 um),81.461000,5.000000,0.000000,-0.187846,407.2093,0.0000,4.7015
Yirik (50 um),81.514000,5.000000,0.000000,-0.187846,407.4743,0.0000,4.6915
Yirik (50 um),81.567000,5.000000,0.000000,-0.187846,407.7393,0.0000,4.6816
Yirik (50 um),81.620000,5.000000,0.000000,-0.187846,408.0043,0.0000,4.6716
Yirik (50 um),81.673000,5.000000,0.000000,-0.187846,408.2693,0.0000,4.6617
Yirik (50 um),81.726000,5.000000,0.000000,-0.187846,408.5343,0.0000,4.6517
Yirik (50 um),81.779000,5.000000,0.000000,-0.187846,408.7993,0.0000,4.6418
Yirik (50 um),81.832000,5.000000,0.000000,-0.187846,409.0643,0.0000,4.6318
Yirik (50 um),81.885000,5.000000,0.000000,-0.187846,409.3293,0.0000,4.6218
Yirik (50 um),81.938000,5.000000,0.000000,-0.187846,409.5943,0.0000,4.6119
Yirik (50 um),81.991000,5.000000,0.000000,-0.187846,409.8593,0.0000,4.6019
Yirik (50 um),82.044000,5.000000,0.000000,-0.187846,410.1243,0.0000,4.5920
Yirik (50 um),82.097000,5.000000,0.000000,-0.187846,410.3893,0.0000,4.5820
Yirik (50 um),82.150000,5.000000,0.000000,-0.187846,410.6543,0.0000,4.5721
Yirik (50 um),82.203000,5.000000,0.000000,-0.187846,410.9193,0.0000,4.5621
Yirik (50 um),82.256000,5.000000,0.000000,-0.187846,411.1843,0.0000,4.5522
Yirik (50 um),82.309000,5.000000,0.000000,-0.187846,411.4493,0.0000,4.5422
Yirik (50 um),82.362000,5.000000,0.000000,-0.187846,411.7143,0.0000,4.5322
Yirik (50 um),82.415000,5.000000,0.000000,-0.187846,411.9793,0.0000,4.5223
Yirik (50 um),82.468000,5.000000,0.000000,-0.187846,412.2443,0.0000,4.5123
Yirik (50 um),82.521000,5.000000,0.000000,-0.187846,412.5093,0.0000,4.5024
Yirik (50 um),82.574000,5.000000,0.000000,-0.187846,412.7743,0.0000,4.4924
Yirik (50 um),82.627000,5.000000,0.000000,-0.187846,413.0393,0.0000,4.4825
Yirik (50 um),82.680000,5.000000,0.000000,-0.187846,413.3043,0.0000,4.4725
Yirik (50 um),82.733000,5.000000,0.000000,-0.187846,413.5693,0.0000,4.4625
Yirik (50 um),82.786000,5.000000,0.000000,-0.187846,413.8343,0.0000,4.4526
Yirik (50 um),82.839000,5.000000,0.000000,-0.187846,414.0993,0.0000,4.4426
Yirik (50 um),82.892000,5.000000,0.000000,-0.187846,414.3643,0.0000,4.4327
Yirik (50 um),82.945000,5.000000,0.000000,-0.187846,414.6293,0.0000,4.4227
Yirik (50 um),82.998000,5.000000,0.000000,-0.187846,414.8943,0.0000,4.4128
Yirik (50 um),83.051000,5.000000,0.000000,-0.187846,415.1593,0.0000,4.4028
Yirik (50 um),83.104000,5.000000,0.000000,-0.187846,415.4243,0.0000,4.3929
Yirik (50 um),83.157000,5.000000,0.000000,-0.187846,415.6893,0.0000,4.3829
Yirik (50 um),83.210000,5.000000,0.000000,-0.187846,415.9543,0.0000,4.3729
Yirik (50 um),83.263000,5.000000,0.000000,-0.187846,416.2193,0.0000,4.3630
Yirik (50 um),83.316000,5.000000,0.000000,-0.187846,416.4843,0.0000,4.3530
Yirik (50 um),83.369000,5.000000,0.000000,-0.187846,416.7493,0.0000,4.3431
Yirik (50 um),83.422000,5.000000,0.000000,-0.187846,417.0143,0.0000,4.3331
Yirik (50 um),83.475000,5.000000,0.000000,-0.187846,417.2793,0.0000,4.3232
Yirik (50 um),83.528000,5.000000,0.000000,-0.187846,417.5443,0.0000,4.3132
Yirik (50 um),83.581000,5.000000,0.000000,-0.187846,417.8093,0.0000,4.3033
Yirik (50 um),83.634000,5.000000,0.000000,-0.187846,418.0743,0.0000,4.2933
Yirik (50 um),83.687000,5.000000,0.000000,-0.187846,418.3393,0.0000,4.2833
Yirik (50 um),83.740000,5.000000,0.000000,-0.187846,418.6043,0.0000,4.2734
Yirik (50 um),83.793000,5.000000,0.000000,-0.187846,418.8693,0.0000,4.2634
Yirik (50 um),83.846000,5.000000,0.000000,-0.187846,419.1343,0.0000,4.2535
Yirik (50 um),83.899000,5.000000,0.000000,-0.187846,419.3993,0.0000,4.2435
Yirik (50 um),83.952000,5.000000,0.000000,-0.187846,419.6643,0.0000,4.2336
Yirik (50 um),84.005000,5.000000,0.000000,-0.187846,419.9293,0.0000,4.2236
Yirik (50 um),84.058000,5.000000,0.000000,-0.187846,420.1943,0.0000,4.2137
Yirik (50 um),84.111000,5.000000,0.000000,-0.187846,420.4593,0.0000,4.2037
Yirik (50 um),84.164000,5.000000,0.000000,-0.187846,420.7243,0.0000,4.1937
Yirik (50 um),84.217000,5.000000,0.000000,-0.187846,420.9893,0.0000,4.1838
Yirik (50 um),84.270000,5.000000,0.000000,-0.187846,421.2543,0.0000,4.1738
Yirik (50 um),84.323000,5.000000,0.000000,-0.187846,421.5193,0.0000,4.1639
Yirik (50 um),84.376000,5.000000,0.000000,-0.187846,421.7843,0.0000,4.1539
Yirik (50 um),84.429000,5.000000,0.000000,-0.187846,422.0493,0.0000,4.1440
Yirik (50 um),84.482000,5.000000,0.000000,-0.187846,422.3143,0.0000,4.1340
Yirik (50 um),84.535000,5.000000,0.000000,-0.187846,422.5793,0.0000,4.1240
Yirik (50 um),84.588000,5.000000,0.000000,-0.187846,422.8443,0.0000,4.1141
Yirik (50 um),84.641000,5.000000,0.000000,-0.187846,423.1093,0.0000,4.1041
Yirik (50 um),84.694000,5.000000,0.000000,-0.187846,423.3743,0.0000,4.0942
Yirik (50 um),84.747000,5.000000,0.000000,-0.187846,423.6393,0.0000,4.0842
Yirik (50 um),84.800000,5.000000,0.000000,-0.187846,423.9043,0.0000,4.0743
Yirik (50 um),84.853000,5.000000,0.000000,-0.187846,424.1693,0.0000,4.0643
Yirik (50 um),84.906000,5.000000,0.000000,-0.187846,424.4343,0.0000,4.0544
Yirik (50 um),84.959000,5.000000,0.000000,-0.187846,424.6993,0.0000,4.0444
Yirik (50 um),85.012000,5.000000,0.000000,-0.187846,424.9643,0.0000,4.0344
Yirik (50 um),85.065000,5.000000,0.000000,-0.187846,425.2293,0.0000,4.0245
Yirik (50 um),85.118000,5.000000,0.000000,-0.187846,425.4943,0.0000,4.0145
Yirik (50 um),85.171000,5.000000,0.000000,-0.187846,425.7593,0.0000,4.0046
Yirik (50 um),85.224000,5.000000,0.000000,-0.187846,426.0243,0.0000,3.9946
Yirik (50 um),85.277000,5.000000,0.000000,-0.187846,426.2893,0.0000,3.9847
Yirik (50 um),85.330000,5.000000,0.000000,-0.187846,426.5543,0.0000,3.9747
Yirik (50 um),85.383000,5.000000,0.000000,-0.187846,426.8193,0.0000,3.9648
Yirik (50 um),85.436000,5.000000,0.000000,-0.187846,427.0843,0.0000,3.9548
Yirik (50 um),85.489000,5.000000,0.000000,-0.187846,427.3493,0.0000,3.9448
Yirik (50 um),85.542000,5.000000,0.000000,-0.187846,427.6143,0.0000,3.9349
Yirik (50 um),85.595000,5.000000,0.000000,-0.187846,427.8793,0.0000,3.9249
Yirik (50 um),85.648000,5.000000,0.000000,-0.187846,428.1443,0.0000,3.9150
Yirik (50 um),85.701000,5.000000,0.000000,-0.187846,428.4093,0.0000,3.9050
Yirik (50 um),85.754000,5.000000,0.000000,-0.187846,428.6743,0.0000,3.8951
Yirik (50 um),85.807000,5.000000,0.000000,-0.187846,428.9393,0.0000,3.8851
Yirik (50 um),85.860000,5.000000,0.000000,-0.187846,429.2043,0.0000,3.8752
Yirik (50 um),85.913000,5.000000,0.000000,-0.187846,429.4693,0.0000,3.8652
Yirik (50 um),85.966000,5.000000,0.000000,-0.187846,429.7343,0.0000,3.8552
Yirik (50 um),86.019000,5.000000,0.000000,-0.187846,429.9993,0.0000,3.8453
Yirik (50 um),86.072000,5.000000,0.000000,-0.187846,430.2643,0.0000,3.8353
Yirik (50 um),86.125000,5.000000,0.000000,-0.187846,430.5293,0.0000,3.8254
Yirik (50 um),86.178000,5.000000,0.000000,-0.187846,430.7943,0.0000,3.8154
Yirik (50 um),86.231000,5.000000,0.000000,-0.187846,431.0593,0.0000,3.8055
Yirik (50 um),86.284000,5.000000,0.000000,-0.187846,431.3243,0.0000,3.7955
Yirik (50 um),86.337000,5.000000,0.000000,-0.187846,431.5893,0.0000,3.7856
Yirik (50 um),86.390000,5.000000,0.000000,-0.187846,431.8543,0.0000,3.7756
Yirik (50 um),86.443000,5.000000,0.000000,-0.187846,432.1193,0.0000,3.7656
Yirik (50 um),86.496000,5.000000,0.000000,-0.187846,432.3843,0.0000,3.7557
Yirik (50 um),86.549000,5.000000,0.000000,-0.187846,432.6493,0.0000,3.7457
Yirik (50 um),86.602000,5.000000,0.000000,-0.187846,432.9143,0.0000,3.7358
Yirik (50 um),86.655000,5.000000,0.000000,-0.187846,433.1793,0.0000,3.7258
Yirik (50 um),86.708000,5.000000,0.000000,-0.187846,433.4443,0.0000,3.7159
Yirik (50 um),86.761000,5.000000,0.000000,-0.187846,433.7093,0.0000,3.7059
Yirik (50 um),86.814000,5.000000,0.000000,-0.187846,433.9743,0.0000,3.6959
Yirik (50 um),86.867000,5.000000,0.000000,-0.187846,434.2393,0.0000,3.6860
Yirik (50 um),86.920000,5.000000,0.000000,-0.187846,434.5043,0.0000,3.6760
Yirik (50 um),86.973000,5.000000,0.000000,-0.187846,434.7693,0.0000,3.6661
Yirik (50 um),87.026000,5.000000,0.000000,-0.187846,435.0343,0.0000,3.6561
Yirik (50 um),87.079000,5.000000,0.000000,-0.187846,435.2993,0.0000,3.6462
Yirik (50 um),87.132000,5.000000,0.000000,-0.187846,435.5643,0.0000,3.6362
Yirik (50 um),87.185000,5.000000,0.000000,-0.187846,435.8293,0.0000,3.6263
Yirik (50 um),87.238000,5.000000,0.000000,-0.187846,436.0943,0.0000,3.6163
Yirik (50 um),87.291000,5.000000,0.000000,-0.187846,436.3593,0.0000,3.6063
Yirik (50 um),87.344000,5.000000,0.000000,-0.187846,436.6243,0.0000,3.5964
Yirik (50 um),87.397000,5.000000,0.000000,-0.187846,436.8893,0.0000,3.5864
Yirik (50 um),87.450000,5.000000,0.000000,-0.187846,437.1543,0.0000,3.5765
Yirik (50 um),87.503000,5.000000,0.000000,-0.187846,437.4193,0.0000,3.5665
Yirik (50 um),87.556000,5.000000,0.000000,-0.187846,437.6843,0.0000,3.5566
Yirik (50 um),87.609000,5.000000,0.000000,-0.187846,437.9493,0.0000,3.5466
Yirik (50 um),87.662000,5.000000,0.000000,-0.187846,438.2143,0.0000,3.5367
Yirik (50 um),87.715000,5.000000,0.000000,-0.187846,438.4793,0.0000,3.5267
Yirik (50 um),87.768000,5.000000,0.000000,-0.187846,438.7443,0.0000,3.5167
Yirik (50 um),87.821000,5.000000,0.000000,-0.187846,439.0093,0.0000,3.5068
Yirik (50 um),87.874000,5.000000,0.000000,-0.187846,439.2743,0.0000,3.4968
Yirik (50 um),87.927000,5.000000,0.000000,-0.187846,439.5393,0.0000,3.4869
Yirik (50 um),87.980000,5.000000,0.000000,-0.187846,439.8043,0.0000,3.4769
Yirik (50 um),88.033000,5.000000,0.000000,-0.187846,440.0693,0.0000,3.4670
Yirik (50 um),88.086000,5.000000,0.000000,-0.187846,440.3343,0.0000,3.4570
Yirik (50 um),88.139000,5.000000,0.000000,-0.187846,440.5993,0.0000,3.4471
Yirik (50 um),88.192000,5.000000,0.000000,-0.187846,440.8643,0.0000,3.4371
Yirik (50 um),88.245000,5.000000,0.000000,-0.187846,441.1293,0.0000,3.4271
Yirik (50 um),88.298000,5.000000,0.000000,-0.187846,441.3943,0.0000,3.4172
Yirik (50 um),88.351000,5.000000,0.000000,-0.187846,441.6593,0.0000,3.4072
Yirik (50 um),88.404000,5.000000,0.000000,-0.187846,441.9243,0.0000,3.3973
Yirik (50 um),88.457000,5.000000,0.000000,-0.187846,442.1893,0.0000,3.3873
Yirik (50 um),88.510000,5.000000,0.000000,-0.187846,442.4543,0.0000,3.3774
Yirik (50 um),88.563000,5.000000,0.000000,-0.187846,442.7193,0.0000,3.3674
Yirik (50 um),88.616000,5.000000,0.000000,-0.187846,442.9843,0.0000,3.3575
Yirik (50 um),88.669000,5.000000,0.000000,-0.187846,443.2493,0.0000,3.3475
Yirik (50 um),88.722000,5.000000,0.000000,-0.187846,443.5143,0.0000,3.3375
Yirik (50 um),88.775000,5.000000,0.000000,-0.187846,443.7793,0.0000,3.3276
Yirik (50 um),88.828000,5.000000,0.000000,-0.187846,444.0443,0.0000,3.3176
Yirik (50 um),88.881000,5.000000,0.000000,-0.187846,444.3093,0.0000,3.3077
Yirik (50 um),88.934000,5.000000,0.000000,-0.187846,444.5743,0.0000,3.2977
Yirik (50 um),88.987000,5.000000,0.000000,-0.187846,444.8393,0.0000,3.2878
Yirik (50 um),89.040000,5.000000,0.000000,-0.187846,445.1043,0.0000,3.2778
Yirik (50 um),89.093000,5.000000,0.000000,-0.187846,445.3693,0.0000,3.2678
Yirik (50 um),89.146000,5.000000,0.000000,-0.187846,445.6343,0.0000,3.2579
Yirik (50 um),89.199000,5.000000,0.000000,-0.187846,445.8993,0.0000,3.2479
Yirik (50 um),89.252000,5.000000,0.000000,-0.187846,446.1643,0.0000,3.2380
Yirik (50 um),89.305000,5.000000,0.000000,-0.187846,446.4293,0.0000,3.2280
Yirik (50 um),89.358000,5.000000,0.000000,-0.187846,446.6943,0.0000,3.2181
Yirik (50 um),89.411000,5.000000,0.000000,-0.187846,446.9593,0.0000,3.2081
Yirik (50 um),89.464000,5.000000,0.000000,-0.187846,447.2243,0.0000,3.1982
Yirik (50 um),89.517000,5.000000,0.000000,-0.187846,447.4893,0.0000,3.1882
Yirik (50 um),89.570000,5.000000,0.000000,-0.187846,447.7543,0.0000,3.1782
Yirik (50 um),89.623000,5.000000,0.000000,-0.187846,448.0193,0.0000,3.1683
Yirik (50 um),89.676000,5.000000,0.000000,-0.187846,448.2843,0.0000,3.1583
Yirik (50 um),89.729000,5.000000,0.000000,-0.187846,448.5493,0.0000,3.1484
Yirik (50 um),89.782000,5.000000,0.000000,-0.187846,448.8143,0.0000,3.1384
Yirik (50 um),89.835000,5.000000,0.000000,-0.187846,449.0793,0.0000,3.1285
Yirik (50 um),89.888000,5.000000,0.000000,-0.187846,449.3443,0.0000,3.1185
Yirik (50 um),89.941000,5.000000,0.000000,-0.187846,449.6093,0.0000,3.1086
Yirik (50 um),89.994000,5.000000,0.000000,-0.187846,449.8743,0.0000,3.0986
Yirik (50 um),90.047000,5.000000,0.000000,-0.187846,450.1393,0.0000,3.0886
Yirik (50 um),90.100000,5.000000,0.000000,-0.187846,450.4043,0.0000,3.0787
Yirik (50 um),90.153000,5.000000,0.000000,-0.187846,450.6693,0.0000,3.0687
Yirik (50 um),90.206000,5.000000,0.000000,-0.187846,450.9343,0.0000,3.0588
Yirik (50 um),90.259000,5.000000,0.000000,-0.187846,451.1993,0.0000,3.0488
Yirik (50 um),90.312000,5.000000,0.000000,-0.187846,451.4643,0.0000,3.0389
Yirik (50 um),90.365000,5.000000,0.000000,-0.187846,451.7293,0.0000,3.0289
Yirik (50 um),90.418000,5.000000,0.000000,-0.187846,451.9943,0.0000,3.0190
Yirik (50 um),90.471000,5.000000,0.000000,-0.187846,452.2593,0.0000,3.0090
Yirik (50 um),90.524000,5.000000,0.000000,-0.187846,452.5243,0.0000,2.9990
Yirik (50 um),90.577000,5.000000,0.000000,-0.187846,452.7893,0.0000,2.9891
Yirik (50 um),90.630000,5.000000,0.000000,-0.187846,453.0543,0.0000,2.9791
Yirik (50 um),90.683000,5.000000,0.000000,-0.187846,453.3193,0.0000,2.9692
Yirik (50 um),90.736000,5.000000,0.000000,-0.187846,453.5843,0.0000,2.9592
Yirik (50 um),90.789000,5.000000,0.000000,-0.187846,453.8493,0.0000,2.9493
Yirik (50 um),90.842000,5.000000,0.000000,-0.187846,454.1143,0.0000,2.9393
Yirik (50 um),90.895000,5.000000,0.000000,-0.187846,454.3793,0.0000,2.9294
Yirik (50 um),90.948000,5.000000,0.000000,-0.187846,454.6443,0.0000,2.9194
Yirik (50 um),91.001000,5.000000,0.000000,-0.187846,454.9093,0.0000,2.9094
Yirik (50 um),91.054000,5.000000,0.000000,-0.187846,455.1743,0.0000,2.8995
Yirik (50 um),91.107000,5.000000,0.000000,-0.187846,455.4393,0.0000,2.8895
Yirik (50 um),91.160000,5.000000,0.000000,-0.187846,455.7043,0.0000,2.8796
Yirik (50 um),91.213000,5.000000,0.000000,-0.187846,455.9693,0.0000,2.8696
Yirik (50 um),91.266000,5.000000,0.000000,-0.187846,456.2343,0.0000,2.8597
Yirik (50 um),91.319000,5.000000,0.000000,-0.187846,456.4993,0.0000,2.8497
Yirik (50 um),91.372000,5.000000,0.000000,-0.187846,456.7643,0.0000,2.8397
Yirik (50 um),91.425000,5.000000,0.000000,-0.187846,457.0293,0.0000,2.8298
Yirik (50 um),91.478000,5.000000,0.000000,-0.187846,457.2943,0.0000,2.8198
Yirik (50 um),91.531000,5.000000,0.000000,-0.187846,457.5593,0.0000,2.8099
Yirik (50 um),91.584000,5.000000,0.000000,-0.187846,457.8243,0.0000,2.7999
Yirik (50 um),91.637000,5.000000,0.000000,-0.187846,458.0893,0.0000,2.7900
Yirik (50 um),91.690000,5.000000,0.000000,-0.187846,458.3543,0.0000,2.7800
Yirik (50 um),91.743000,5.000000,0.000000,-0.187846,458.6193,0.0000,2.7701
Yirik (50 um),91.796000,5.000000,0.000000,-0.187846,458.8843,0.0000,2.7601
Yirik (50 um),91.849000,5.000000,0.000000,-0.187846,459.1493,0.0000,2.7501
Yirik (50 um),91.902000,5.000000,0.000000,-0.187846,459.4143,0.0000,2.7402
Yirik (50 um),91.955000,5.000000,0.000000,-0.187846,459.6793,0.0000,2.7302
Yirik (50 um),92.008000,5.000000,0.000000,-0.187846,459.9443,0.0000,2.7203
Yirik (50 um),92.061000,5.000000,0.000000,-0.187846,460.2093,0.0000,2.7103
Yirik (50 um),92.114000,5.000000,0.000000,-0.187846,460.4743,0.0000,2.7004
Yirik (50 um),92.167000,5.000000,0.000000,-0.187846,460.7393,0.0000,2.6904
Yirik (50 um),92.220000,5.000000,0.000000,-0.187846,461.0043,0.0000,2.6805
Yirik (50 um),92.273000,5.000000,0.000000,-0.187846,461.2693,0.0000,2.6705
Yirik (50 um),92.326000,5.000000,0.000000,-0.187846,461.5343,0.0000,2.6605
Yirik (50 um),92.379000,5.000000,0.000000,-0.187846,461.7993,0.0000,2.6506
Yirik (50 um),92.432000,5.000000,0.000000,-0.187846,462.0643,0.0000,2.6406
Yirik (50 um),92.485000,5.000000,0.000000,-0.187846,462.3293,0.0000,2.6307
Yirik (50 um),92.538000,5.000000,0.000000,-0.187846,462.5943,0.0000,2.6207
Yirik (50 um),92.591000,5.000000,0.000000,-0.187846,462.8593,0.0000,2.6108
Yirik (50 um),92.644000,5.000000,0.000000,-0.187846,463.1243,0.0000,2.6008
Yirik (50 um),92.697000,5.000000,0.000000,-0.187846,463.3893,0.0000,2.5909
Yirik (50 um),92.750000,5.000000,0.000000,-0.187846,463.6543,0.0000,2.5809
Yirik (50 um),92.803000,5.000000,0.000000,-0.187846,463.9193,0.0000,2.5709
Yirik (50 um),92.856000,5.000000,0.000000,-0.187846,464.1843,0.0000,2.5610
Yirik (50 um),92.909000,5.000000,0.000000,-0.187846,464.4493,0.0000,2.5510
Yirik (50 um),92.962000,5.000000,0.000000,-0.187846,464.7143,0.0000,2.5411
Yirik (50 um),93.015000,5.000000,0.000000,-0.187846,464.9793,0.0000,2.5311
Yirik (50 um),93.068000,5.000000,0.000000,-0.187846,465.2443,0.0000,2.5212
Yirik (50 um),93.121000,5.000000,0.000000,-0.187846,465.5093,0.0000,2.5112
Yirik (50 um),93.174000,5.000000,0.000000,-0.187846,465.7743,0.0000,2.5012
Yirik (50 um),93.227000,5.000000,0.000000,-0.187846,466.0393,0.0000,2.4913
Yirik (50 um),93.280000,5.000000,0.000000,-0.187846,466.3043,0.0000,2.4813
Yirik (50 um),93.333000,5.000000,0.000000,-0.187846,466.5693,0.0000,2.4714
Yirik (50 um),93.386000,5.000000,0.000000,-0.187846,466.8343,0.0000,2.4614
Yirik (50 um),93.439000,5.000000,0.000000,-0.187846,467.0993,0.0000,2.4515
Yirik (50 um),93.492000,5.000000,0.000000,-0.187846,467.3643,0.0000,2.4415
Yirik (50 um),93.545000,5.000000,0.000000,-0.187846,467.6293,0.0000,2.4316
Yirik (50 um),93.598000,5.000000,0.000000,-0.187846,467.8943,0.0000,2.4216
Yirik (50 um),93.651000,5.000000,0.000000,-0.187846,468.1593,0.0000,2.4116
Yirik (50 um),93.704000,5.000000,0.000000,-0.187846,468.4243,0.0000,2.4017
Yirik (50 um),93.757000,5.000000,0.000000,-0.187846,468.6893,0.0000,2.3917
Yirik (50 um),93.810000,5.000000,0.000000,-0.187846,468.9543,0.0000,2.3818
Yirik (50 um),93.863000,5.000000,0.000000,-0.187846,469.2193,0.0000,2.3718
Yirik (50 um),93.916000,5.000000,0.000000,-0.187846,469.4843,0.0000,2.3619
Yirik (50 um),93.969000,5.000000,0.000000,-0.187846,469.7493,0.0000,2.3519
Yirik (50 um),94.022000,5.000000,0.000000,-0.187846,470.0143,0.0000,2.3420
Yirik (50 um),94.075000,5.000000,0.000000,-0.187846,470.2793,0.0000,2.3320
Yirik (50 um),94.128000,5.000000,0.000000,-0.187846,470.5443,0.0000,2.3220
Yirik (50 um),94.181000,5.000000,0.000000,-0.187846,470.8093,0.0000,2.3121
Yirik (50 um),94.234000,5.000000,0.000000,-0.187846,471.0743,0.0000,2.3021
Yirik (50 um),94.287000,5.000000,0.000000,-0.187846,471.3393,0.0000,2.2922
Yirik (50 um),94.340000,5.000000,0.000000,-0.187846,471.6043,0.0000,2.2822
Yirik (50 um),94.393000,5.000000,0.000000,-0.187846,471.8693,0.0000,2.2723
Yirik (50 um),94.446000,5.000000,0.000000,-0.187846,472.1343,0.0000,2.2623
Yirik (50 um),94.499000,5.000000,0.000000,-0.187846,472.3993,0.0000,2.2524
Yirik (50 um),94.552000,5.000000,0.000000,-0.187846,472.6643,0.0000,2.2424
Yirik (50 um),94.605000,5.000000,0.000000,-0.187846,472.9293,0.0000,2.2324
Yirik (50 um),94.658000,5.000000,0.000000,-0.187846,473.1943,0.0000,2.2225
Yirik (50 um),94.711000,5.000000,0.000000,-0.187846,473.4593,0.0000,2.2125
Yirik (50 um),94.764000,5.000000,0.000000,-0.187846,473.7243,0.0000,2.2026
Yirik (50 um),94.817000,5.000000,0.000000,-0.187846,473.9893,0.0000,2.1926
Yirik (50 um),94.870000,5.000000,0.000000,-0.187846,474.2543,0.0000,2.1827
Yirik (50 um),94.923000,5.000000,0.000000,-0.187846,474.5193,0.0000,2.1727
Yirik (50 um),94.976000,5.000000,0.000000,-0.187846,474.7843,0.0000,2.1628
Yirik (50 um),95.029000,5.000000,0.000000,-0.187846,475.0493,0.0000,2.1528
Yirik (50 um),95.082000,5.000000,0.000000,-0.187846,475.3143,0.0000,2.1428
Yirik (50 um),95.135000,5.000000,0.000000,-0.187846,475.5793,0.0000,2.1329
Yirik (50 um),95.188000,5.000000,0.000000,-0.187846,475.8443,0.0000,2.1229
Yirik (50 um),95.241000,5.000000,0.000000,-0.187846,476.1093,0.0000,2.1130
Yirik (50 um),95.294000,5.000000,0.000000,-0.187846,476.3743,0.0000,2.1030
Yirik (50 um),95.347000,5.000000,0.000000,-0.187846,476.6393,0.0000,2.0931
Yirik (50 um),95.400000,5.000000,0.000000,-0.187846,476.9043,0.0000,2.0831
Yirik (50 um),95.453000,5.000000,0.000000,-0.187846,477.1693,0.0000,2.0731
Yirik (50 um),95.506000,5.000000,0.000000,-0.187846,477.4343,0.0000,2.0632
Yirik (50 um),95.559000,5.000000,0.000000,-0.187846,477.6993,0.0000,2.0532
Yirik (50 um),95.612000,5.000000,0.000000,-0.187846,477.9643,0.0000,2.0433
Yirik (50 um),95.665000,5.000000,0.000000,-0.187846,478.2293,0.0000,2.0333
Yirik (50 um),95.718000,5.000000,0.000000,-0.187846,478.4943,0.0000,2.0234
Yirik (50 um),95.771000,5.000000,0.000000,-0.187846,478.7593,0.0000,2.0134
Yirik (50 um),95.824000,5.000000,0.000000,-0.187846,479.0243,0.0000,2.0035
Yirik (50 um),95.877000,5.000000,0.000000,-0.187846,479.2893,0.0000,1.9935
Yirik (50 um),95.930000,5.000000,0.000000,-0.187846,479.5543,0.0000,1.9835
Yirik (50 um),95.983000,5.000000,0.000000,-0.187846,479.8193,0.0000,1.9736
Yirik (50 um),96.036000,5.000000,0.000000,-0.187846,480.0843,0.0000,1.9636
Yirik (50 um),96.089000,5.000000,0.000000,-0.187846,480.3493,0.0000,1.9537
Yirik (50 um),96.142000,5.000000,0.000000,-0.187846,480.6143,0.0000,1.9437
Yirik (50 um),96.195000,5.000000,0.000000,-0.187846,480.8793,0.0000,1.9338
Yirik (50 um),96.248000,5.000000,0.000000,-0.187846,481.1443,0.0000,1.9238
Yirik (50 um),96.301000,5.000000,0.000000,-0.187846,481.4093,0.0000,1.9139
Yirik (50 um),96.354000,5.000000,0.000000,-0.187846,481.6743,0.0000,1.9039
Yirik (50 um),96.407000,5.000000,0.000000,-0.187846,481.9393,0.0000,1.8939
Yirik (50 um),96.460000,5.000000,0.000000,-0.187846,482.2043,0.0000,1.8840
Yirik (50 um),96.513000,5.000000,0.000000,-0.187846,482.4693,0.0000,1.8740
Yirik (50 um),96.566000,5.000000,0.000000,-0.187846,482.7343,0.0000,1.8641
Yirik (50 um),96.619000,5.000000,0.000000,-0.187846,482.9993,0.0000,1.8541
Yirik (50 um),96.672000,5.000000,0.000000,-0.187846,483.2643,0.0000,1.8442
Yirik (50 um),96.725000,5.000000,0.000000,-0.187846,483.5293,0.0000,1.8342
Yirik (50 um),96.778000,5.000000,0.000000,-0.187846,483.7943,0.0000,1.8243
Yirik (50 um),96.831000,5.000000,0.000000,-0.187846,484.0593,0.0000,1.8143
Yirik (50 um),96.884000,5.000000,0.000000,-0.187846,484.3243,0.0000,1.8043
Yirik (50 um),96.937000,5.000000,0.000000,-0.187846,484.5893,0.0000,1.7944
Yirik (50 um),96.990000,5.000000,0.000000,-0.187846,484.8543,0.0000,1.7844
Yirik (50 um),97.043000,5.000000,0.000000,-0.187846,485.1193,0.0000,1.7745
Yirik (50 um),97.096000,5.000000,0.000000,-0.187846,485.3843,0.0000,1.7645
Yirik (50 um),97.149000,5.000000,0.000000,-0.187846,485.6493,0.0000,1.7546
Yirik (50 um),97.202000,5.000000,0.000000,-0.187846,485.9143,0.0000,1.7446
Yirik (50 um),97.255000,5.000000,0.000000,-0.187846,486.1793,0.0000,1.7347
Yirik (50 um),97.308000,5.000000,0.000000,-0.187846,486.4443,0.0000,1.7247
Yirik (50 um),97.361000,5.000000,0.000000,-0.187846,486.7093,0.0000,1.7147
Yirik (50 um),97.414000,5.000000,0.000000,-0.187846,486.9743,0.0000,1.7048
Yirik (50 um),97.467000,5.000000,0.000000,-0.187846,487.2393,0.0000,1.6948
Yirik (50 um),97.520000,5.000000,0.000000,-0.187846,487.5043,0.0000,1.6849
Yirik (50 um),97.573000,5.000000,0.000000,-0.187846,487.7693,0.0000,1.6749
Yirik (50 um),97.626000,5.000000,0.000000,-0.187846,488.0343,0.0000,1.6650
Yirik (50 um),97.679000,5.000000,0.000000,-0.187846,488.2993,0.0000,1.6550
Yirik (50 um),97.732000,5.000000,0.000000,-0.187846,488.5643,0.0000,1.6450
Yirik (50 um),97.785000,5.000000,0.000000,-0.187846,488.8293,0.0000,1.6351
Yirik (50 um),97.838000,5.000000,0.000000,-0.187846,489.0943,0.0000,1.6251
Yirik (50 um),97.891000,5.000000,0.000000,-0.187846,489.3593,0.0000,1.6152
Yirik (50 um),97.944000,5.000000,0.000000,-0.187846,489.6243,0.0000,1.6052
Yirik (50 um),97.997000,5.000000,0.000000,-0.187846,489.8893,0.0000,1.5953
Yirik (50 um),98.050000,5.000000,0.000000,-0.187846,490.1543,0.0000,1.5853
Yirik (50 um),98.103000,5.000000,0.000000,-0.187846,490.4193,0.0000,1.5754
Yirik (50 um),98.156000,5.000000,0.000000,-0.187846,490.6843,0.0000,1.5654
Yirik (50 um),98.209000,5.000000,0.000000,-0.187846,490.9493,0.0000,1.5554
Yirik (50 um),98.262000,5.000000,0.000000,-0.187846,491.2143,0.0000,1.5455
Yirik (50 um),98.315000,5.000000,0.000000,-0.187846,491.4793,0.0000,1.5355
Yirik (50 um),98.368000,5.000000,0.000000,-0.187846,491.7443,0.0000,1.5256
Yirik (50 um),98.421000,5.000000,0.000000,-0.187846,492.0093,0.0000,1.5156
Yirik (50 um),98.474000,5.000000,0.000000,-0.187846,492.2743,0.0000,1.5057
Yirik (50 um),98.527000,5.000000,0.000000,-0.187846,492.5393,0.0000,1.4957
Yirik (50 um),98.580000,5.000000,0.000000,-0.187846,492.8043,0.0000,1.4858
Yirik (50 um),98.633000,5.000000,0.000000,-0.187846,493.0693,0.0000,1.4758
Yirik (50 um),98.686000,5.000000,0.000000,-0.187846,493.3343,0.0000,1.4658
Yirik (50 um),98.739000,5.000000,0.000000,-0.187846,493.5993,0.0000,1.4559
Yirik (50 um),98.792000,5.000000,0.000000,-0.187846,493.8643,0.0000,1.4459
Yirik (50 um),98.845000,5.000000,0.000000,-0.187846,494.1293,0.0000,1.4360
Yirik (50 um),98.898000,5.000000,0.000000,-0.187846,494.3943,0.0000,1.4260
Yirik (50 um),98.951000,5.000000,0.000000,-0.187846,494.6593,0.0000,1.4161
Yirik (50 um),99.004000,5.000000,0.000000,-0.187846,494.9243,0.0000,1.4061
Yirik (50 um),99.057000,5.000000,0.000000,-0.187846,495.1893,0.0000,1.3962
Yirik (50 um),99.110000,5.000000,0.000000,-0.187846,495.4543,0.0000,1.3862
Yirik (50 um),99.163000,5.000000,0.000000,-0.187846,495.7193,0.0000,1.3762
Yirik (50 um),99.216000,5.000000,0.000000,-0.187846,495.9843,0.0000,1.3663
Yirik (50 um),99.269000,5.000000,0.000000,-0.187846,496.2493,0.0000,1.3563
Yirik (50 um),99.322000,5.000000,0.000000,-0.187846,496.5143,0.0000,1.3464
Yirik (50 um),99.375000,5.000000,0.000000,-0.187846,496.7793,0.0000,1.3364
Yirik (50 um),99.428000,5.000000,0.000000,-0.187846,497.0443,0.0000,1.3265
Yirik (50 um),99.481000,5.000000,0.000000,-0.187846,497.3093,0.0000,1.3165
Yirik (50 um),99.534000,5.000000,0.000000,-0.187846,497.5743,0.0000,1.3065
Yirik (50 um),99.587000,5.000000,0.000000,-0.187846,497.8393,0.0000,1.2966
Yirik (50 um),99.640000,5.000000,0.000000,-0.187846,498.1043,0.0000,1.2866
Yirik (50 um),99.693000,5.000000,0.000000,-0.187846,498.3693,0.0000,1.2767
Yirik (50 um),99.746000,5.000000,0.000000,-0.187846,498.6343,0.0000,1.2667
Yirik (50 um),99.799000,5.000000,0.000000,-0.187846,498.8993,0.0000,1.2568
Yirik (50 um),99.852000,5.000000,0.000000,-0.187846,499.1643,0.0000,1.2468
Yirik (50 um),99.905000,5.000000,0.000000,-0.187846,499.4293,0.0000,1.2369
Yirik (50 um),99.958000,5.000000,0.000000,-0.187846,499.6943,0.0000,1.2269
Yirik (50 um),100.011000,5.000000,0.000000,-0.187846,499.9593,0.0000,1.2169
Yirik (50 um),100.064000,5.000000,0.000000,-0.187846,500.2243,0.0000,1.2070
Yirik (50 um),100.117000,5.000000,0.000000,-0.187846,500.4893,0.0000,1.1970
Yirik (50 um),100.170000,5.000000,0.000000,-0.187846,500.7543,0.0000,1.1871
Yirik (50 um),100.223000,5.000000,0.000000,-0.187846,501.0193,0.0000,1.1771
Yirik (50 um),100.276000,5.000000,0.000000,-0.187846,501.2843,0.0000,1.1672
Yirik (50 um),100.329000,5.000000,0.000000,-0.187846,501.5493,0.0000,1.1572
Yirik (50 um),100.382000,5.000000,0.000000,-0.187846,501.8143,0.0000,1.1473
Yirik (50 um),100.435000,5.000000,0.000000,-0.187846,502.0793,0.0000,1.1373
Yirik (50 um),100.488000,5.000000,0.000000,-0.187846,502.3443,0.0000,1.1273
Yirik (50 um),100.541000,5.000000,0.000000,-0.187846,502.6093,0.0000,1.1174
Yirik (50 um),100.594000,5.000000,0.000000,-0.187846,502.8743,0.0000,1.1074
Yirik (50 um),100.647000,5.000000,0.000000,-0.187846,503.1393,0.0000,1.0975
Yirik (50 um),100.700000,5.000000,0.000000,-0.187846,503.4043,0.0000,1.0875
Yirik (50 um),100.753000,5.000000,0.000000,-0.187846,503.6693,0.0000,1.0776
Yirik (50 um),100.806000,5.000000,0.000000,-0.187846,503.9343,0.0000,1.0676
Yirik (50 um),100.859000,5.000000,0.000000,-0.187846,504.1993,0.0000,1.0577
Yirik (50 um),100.912000,5.000000,0.000000,-0.187846,504.4643,0.0000,1.0477
Yirik (50 um),100.965000,5.000000,0.000000,-0.187846,504.7293,0.0000,1.0377
Yirik (50 um),101.018000,5.000000,0.000000,-0.187846,504.9943,0.0000,1.0278
Yirik (50 um),101.071000,5.000000,0.000000,-0.187846,505.2593,0.0000,1.0178
Yirik (50 um),101.124000,5.000000,0.000000,-0.187846,505.5243,0.0000,1.0079
Yirik (50 um),101.177000,5.000000,0.000000,-0.187846,505.7893,0.0000,0.9979
Yirik (50 um),101.230000,5.000000,0.000000,-0.187846,506.0543,0.0000,0.9880
Yirik (50 um),101.283000,5.000000,0.000000,-0.187846,506.3193,0.0000,0.9780
Yirik (50 um),101.336000,5.000000,0.000000,-0.187846,506.5843,0.0000,0.9681
Yirik (50 um),101.389000,5.000000,0.000000,-0.187846,506.8493,0.0000,0.9581
Yirik (50 um),101.442000,5.000000,0.000000,-0.187846,507.1143,0.0000,0.9481
Yirik (50 um),101.495000,5.000000,0.000000,-0.187846,507.3793,0.0000,0.9382
Yirik (50 um),101.548000,5.000000,0.000000,-0.187846,507.6443,0.0000,0.9282
Yirik (50 um),101.601000,5.000000,0.000000,-0.187846,507.9093,0.0000,0.9183
Yirik (50 um),101.654000,5.000000,0.000000,-0.187846,508.1743,0.0000,0.9083
Yirik (50 um),101.707000,5.000000,0.000000,-0.187846,508.4393,0.0000,0.8984
Yirik (50 um),101.760000,5.000000,0.000000,-0.187846,508.7043,0.0000,0.8884
Yirik (50 um),101.813000,5.000000,0.000000,-0.187846,508.9693,0.0000,0.8784
Yirik (50 um),101.866000,5.000000,0.000000,-0.187846,509.2343,0.0000,0.8685
Yirik (50 um),101.919000,5.000000,0.000000,-0.187846,509.4993,0.0000,0.8585
Yirik (50 um),101.972000,5.000000,0.000000,-0.187846,509.7643,0.0000,0.8486
Yirik (50 um),102.025000,5.000000,0.000000,-0.187846,510.0293,0.0000,0.8386
Yirik (50 um),102.078000,5.000000,0.000000,-0.187846,510.2943,0.0000,0.8287
Yirik (50 um),102.131000,5.000000,0.000000,-0.187846,510.5593,0.0000,0.8187
Yirik (50 um),102.184000,5.000000,0.000000,-0.187846,510.8243,0.0000,0.8088
Yirik (50 um),102.237000,5.000000,0.000000,-0.187846,511.0893,0.0000,0.7988
Yirik (50 um),102.290000,5.000000,0.000000,-0.187846,511.3543,0.0000,0.7888
Yirik (50 um),102.343000,5.000000,0.000000,-0.187846,511.6193,0.0000,0.7789
Yirik (50 um),102.396000,5.000000,0.000000,-0.187846,511.8843,0.0000,0.7689
Yirik (50 um),102.449000,5.000000,0.000000,-0.187846,512.1493,0.0000,0.7590
Yirik (50 um),102.502000,5.000000,0.000000,-0.187846,512.4143,0.0000,0.7490
Yirik (50 um),102.555000,5.000000,0.000000,-0.187846,512.6793,0.0000,0.7391
Yirik (50 um),102.608000,5.000000,0.000000,-0.187846,512.9443,0.0000,0.7291
Yirik (50 um),102.661000,5.000000,0.000000,-0.187846,513.2093,0.0000,0.7192
Yirik (50 um),102.714000,5.000000,0.000000,-0.187846,513.4743,0.0000,0.7092
Yirik (50 um),102.767000,5.000000,0.000000,-0.187846,513.7393,0.0000,0.6992
Yirik (50 um),102.820000,5.000000,0.000000,-0.187846,514.0043,0.0000,0.6893
Yirik (50 um),102.873000,5.000000,0.000000,-0.187846,514.2693,0.0000,0.6793
Yirik (50 um),102.926000,5.000000,0.000000,-0.187846,514.5343,0.0000,0.6694
Yirik (50 um),102.979000,5.000000,0.000000,-0.187846,514.7993,0.0000,0.6594
Yirik (50 um),103.032000,5.000000,0.000000,-0.187846,515.0643,0.0000,0.6495
Yirik (50 um),103.085000,5.000000,0.000000,-0.187846,515.3293,0.0000,0.6395
Yirik (50 um),103.138000,5.000000,0.000000,-0.187846,515.5943,0.0000,0.6296
Yirik (50 um),103.191000,5.000000,0.000000,-0.187846,515.8593,0.0000,0.6196
Yirik (50 um),103.244000,5.000000,0.000000,-0.187846,516.1243,0.0000,0.6096
Yirik (50 um),103.297000,5.000000,0.000000,-0.187846,516.3893,0.0000,0.5997
Yirik (50 um),103.350000,5.000000,0.000000,-0.187846,516.6543,0.0000,0.5897
Yirik (50 um),103.403000,5.000000,0.000000,-0.187846,516.9193,0.0000,0.5798
Yirik (50 um),103.456000,5.000000,0.000000,-0.187846,517.1843,0.0000,0.5698
Yirik (50 um),103.509000,5.000000,0.000000,-0.187846,517.4493,0.0000,0.5599
Yirik (50 um),103.562000,5.000000,0.000000,-0.187846,517.7143,0.0000,0.5499
Yirik (50 um),103.615000,5.000000,0.000000,-0.187846,517.9793,0.0000,0.5400
Yirik (50 um),103.668000,5.000000,0.000000,-0.187846,518.2443,0.0000,0.5300
Yirik (50 um),103.721000,5.000000,0.000000,-0.187846,518.5093,0.0000,0.5200
Yirik (50 um),103.774000,5.000000,0.000000,-0.187846,518.7743,0.0000,0.5101
Yirik (50 um),103.827000,5.000000,0.000000,-0.187846,519.0393,0.0000,0.5001
Yirik (50 um),103.880000,5.000000,0.000000,-0.187846,519.3043,0.0000,0.4902
Yirik (50 um),103.933000,5.000000,0.000000,-0.187846,519.5693,0.0000,0.4802
Yirik (50 um),103.986000,5.000000,0.000000,-0.187846,519.8343,0.0000,0.4703
Yirik (50 um),104.039000,5.000000,0.000000,-0.187846,520.0993,0.0000,0.4603
Yirik (50 um),104.092000,5.000000,0.000000,-0.187846,520.3643,0.0000,0.4503
Yirik (50 um),104.145000,5.000000,0.000000,-0.187846,520.6293,0.0000,0.4404
Yirik (50 um),104.198000,5.000000,0.000000,-0.187846,520.8943,0.0000,0.4304
Yirik (50 um),104.251000,5.000000,0.000000,-0.187846,521.1593,0.0000,0.4205
Yirik (50 um),104.304000,5.000000,0.000000,-0.187846,521.4243,0.0000,0.4105
Yirik (50 um),104.357000,5.000000,0.000000,-0.187846,521.6893,0.0000,0.4006
Yirik (50 um),104.410000,5.000000,0.000000,-0.187846,521.9543,0.0000,0.3906
Yirik (50 um),104.463000,5.000000,0.000000,-0.187846,522.2193,0.0000,0.3807
Yirik (50 um),104.516000,5.000000,0.000000,-0.187846,522.4843,0.0000,0.3707
Yirik (50 um),104.569000,5.000000,0.000000,-0.187846,522.7493,0.0000,0.3607
Yirik (50 um),104.622000,5.000000,0.000000,-0.187846,523.0143,0.0000,0.3508
Yirik (50 um),104.675000,5.000000,0.000000,-0.187846,523.2793,0.0000,0.3408
Yirik (50 um),104.728000,5.000000,0.000000,-0.187846,523.5443,0.0000,0.3309
Yirik (50 um),104.781000,5.000000,0.000000,-0.187846,523.8093,0.0000,0.3209
Yirik (50 um),104.834000,5.000000,0.000000,-0.187846,524.0743,0.0000,0.3110
Yirik (50 um),104.887000,5.000000,0.000000,-0.187846,524.3393,0.0000,0.3010
Yirik (50 um),104.940000,5.000000,0.000000,-0.187846,524.6043,0.0000,0.2911
Yirik (50 um),104.993000,5.000000,0.000000,-0.187846,524.8693,0.0000,0.2811
Yirik (50 um),105.046000,5.000000,0.000000,-0.187846,525.1343,0.0000,0.2711
Yirik (50 um),105.099000,5.000000,0.000000,-0.187846,525.3993,0.0000,0.2612
Yirik (50 um),105.152000,5.000000,0.000000,-0.187846,525.6643,0.0000,0.2512
Yirik (50 um),105.205000,5.000000,0.000000,-0.187846,525.9293,0.0000,0.2413
Yirik (50 um),105.258000,5.000000,0.000000,-0.187846,526.1943,0.0000,0.2313
Yirik (50 um),105.311000,5.000000,0.000000,-0.187846,526.4593,0.0000,0.2214
Yirik (50 um),105.364000,5.000000,0.000000,-0.187846,526.7243,0.0000,0.2114
Yirik (50 um),105.417000,5.000000,0.000000,-0.187846,526.9893,0.0000,0.2015
Yirik (50 um),105.470000,5.000000,0.000000,-0.187846,527.2543,0.0000,0.1915
Yirik (50 um),105.523000,5.000000,0.000000,-0.187846,527.5193,0.0000,0.1815
Yirik (50 um),105.576000,5.000000,0.000000,-0.187846,527.7843,0.0000,0.1716
Yirik (50 um),105.629000,5.000000,0.000000,-0.187846,528.0493,0.0000,0.1616
Yirik (50 um),105.682000,5.000000,0.000000,-0.187846,528.3143,0.0000,0.1517
Yirik (50 um),105.735000,5.000000,0.000000,-0.187846,528.5793,0.0000,0.1417
Yirik (50 um),105.788000,5.000000,0.000000,-0.187846,528.8443,0.0000,0.1318
Yirik (50 um),105.841000,5.000000,0.000000,-0.187846,529.1093,0.0000,0.1218
Yirik (50 um),105.894000,5.000000,0.000000,-0.187846,529.3743,0.0000,0.1119
Yirik (50 um),105.947000,5.000000,0.000000,-0.187846,529.6393,0.0000,0.1019
Yirik (50 um),106.000000,5.000000,0.000000,-0.187846,529.9043,0.0000,0.0919
Yirik (50 um),106.053000,5.000000,0.000000,-0.187846,530.1693,0.0000,0.0820
Yirik (50 um),106.106000,5.000000,0.000000,-0.187846,530.4343,0.0000,0.0720
Yirik (50 um),106.159000,5.000000,0.000000,-0.187846,530.6993,0.0000,0.0621
Yirik (50 um),106.212000,5.000000,0.000000,-0.187846,530.9643,0.0000,0.0521
Yirik (50 um),106.265000,5.000000,0.000000,-0.187846,531.2293,0.0000,0.0422
Yirik (50 um),106.318000,5.000000,0.000000,-0.187846,531.4943,0.0000,0.0322
Yirik (50 um),106.371000,5.000000,0.000000,-0.187846,531.7593,0.0000,0.0222
Yirik (50 um),106.424000,5.000000,0.000000,-0.187846,532.0243,0.0000,0.0123
Yirik (50 um),106.477000,5.000000,0.000000,-0.187846,532.2893,0.0000,0.0023
